gtdb207/2081.kraken2.gtdb207_ci15.output.tsv	3475282	7404563
gtdb207/2082.kraken2.gtdb207_ci15.output.tsv	6847717	11039276
gtdb207/2083.kraken2.gtdb207_ci15.output.tsv	4984940	7305642
gtdb207/2084.kraken2.gtdb207_ci15.output.tsv	4233637	11216864
gtdb207/2086.kraken2.gtdb207_ci15.output.tsv	4206116	9325204
gtdb207/2087.kraken2.gtdb207_ci15.output.tsv	3112756	3723808
gtdb207/2089.kraken2.gtdb207_ci15.output.tsv	4857047	6872736
gtdb207/2090.kraken2.gtdb207_ci15.output.tsv	3573392	11820676
gtdb207/2091.kraken2.gtdb207_ci15.output.tsv	4049491	8019464
gtdb207/2092.kraken2.gtdb207_ci15.output.tsv	7796396	10109040
gtdb207/2093.kraken2.gtdb207_ci15.output.tsv	6188267	6977273
gtdb207/2094.kraken2.gtdb207_ci15.output.tsv	7081324	13421194
gtdb207/2095.kraken2.gtdb207_ci15.output.tsv	8906811	13040042
gtdb207/2096.kraken2.gtdb207_ci15.output.tsv	7978435	13236337
gtdb207/2097.kraken2.gtdb207_ci15.output.tsv	9167700	13766641
gtdb207/2099.kraken2.gtdb207_ci15.output.tsv	5480272	13552770
gtdb207/2100.kraken2.gtdb207_ci15.output.tsv	279497	506908
gtdb207/2102.kraken2.gtdb207_ci15.output.tsv	2200938	7565573
gtdb207/2103.kraken2.gtdb207_ci15.output.tsv	2288496	10253445
gtdb207/2104.kraken2.gtdb207_ci15.output.tsv	11031947	17034677
gtdb207/Abusir1504c.kraken2.gtdb207_ci15.output.tsv	738110	3201508
gtdb207/Abusir1511c.kraken2.gtdb207_ci15.output.tsv	688368	2936982
gtdb207/Abusir1519c.kraken2.gtdb207_ci15.output.tsv	34915931	492753133
gtdb207/Abusir1574c.kraken2.gtdb207_ci15.output.tsv	284816	3257616
gtdb207/Abusir1594c.kraken2.gtdb207_ci15.output.tsv	27318228	216150596
gtdb207/AHK001.A0101.kraken2.gtdb207_ci15.output.tsv	1242531	6166289
gtdb207/AKI001.A0101.kraken2.gtdb207_ci15.output.tsv	2390593	6754420
gtdb207/AKI002.A0101.kraken2.gtdb207_ci15.output.tsv	4891521	6367800
gtdb207/AMH001.A0101.kraken2.gtdb207_ci15.output.tsv	5239903	5542703
gtdb207/AMH002.A0101.kraken2.gtdb207_ci15.output.tsv	3796413	6217462
gtdb207/AMH003.A0101.kraken2.gtdb207_ci15.output.tsv	3364527	5477348
gtdb207/AMH004.A0101.kraken2.gtdb207_ci15.output.tsv	3838880	6266231
gtdb207/ANK001.A0101.kraken2.gtdb207_ci15.output.tsv	2100487	8721949
gtdb207/ANN001.A0101.kraken2.gtdb207_ci15.output.tsv	4571192	4420470
gtdb207/ANN002.A0101.kraken2.gtdb207_ci15.output.tsv	4763371	4892228
gtdb207/ANN003.A0101.kraken2.gtdb207_ci15.output.tsv	5592004	5554672
gtdb207/ANN004.A0101.kraken2.gtdb207_ci15.output.tsv	5142633	5796801
gtdb207/AON001.A0101.kraken2.gtdb207_ci15.output.tsv	3820231	7201746
gtdb207/AON002.A0101.kraken2.gtdb207_ci15.output.tsv	3354149	6152031
gtdb207/ATT001.A0101.kraken2.gtdb207_ci15.output.tsv	5634678	7271525
gtdb207/ATT002.A0101.kraken2.gtdb207_ci15.output.tsv	5729811	5352472
gtdb207/B61.kraken2.gtdb207_ci15.output.tsv	4322153	4475740
gtdb207/BAN001.A0101.kraken2.gtdb207_ci15.output.tsv	272043	9759675
gtdb207/BSQ001.A0101.kraken2.gtdb207_ci15.output.tsv	847320	9988647
gtdb207/CDM041.G0101.SG1.kraken2.gtdb207_ci15.output.tsv	2901015	6691012
gtdb207/CDM041.K0101.SG1.kraken2.gtdb207_ci15.output.tsv	2371227	7619008
gtdb207/CDM041.U0101.SG1.kraken2.gtdb207_ci15.output.tsv	2221301	10131459
gtdb207/CDM041.V0101.SG1.kraken2.gtdb207_ci15.output.tsv	2531828	7646019
gtdb207/CDM041.Y0101.SG1.kraken2.gtdb207_ci15.output.tsv	3350656	6432408
gtdb207/CDM042.C0101.SG1.kraken2.gtdb207_ci15.output.tsv	4758895	6144711
gtdb207/CDM042.E0101.SG1.kraken2.gtdb207_ci15.output.tsv	5158963	4973292
gtdb207/CDM042.G0101.SG1.kraken2.gtdb207_ci15.output.tsv	3542232	6817770
gtdb207/CDM042.H0101.SG1.kraken2.gtdb207_ci15.output.tsv	4608333	6592096
gtdb207/CDM042.M0101.SG1.kraken2.gtdb207_ci15.output.tsv	4485466	5608828
gtdb207/CDM042.P0101.SG1.kraken2.gtdb207_ci15.output.tsv	4107488	5995947
gtdb207/CDM042.Q0101.SG1.kraken2.gtdb207_ci15.output.tsv	3859986	5683331
gtdb207/CDM042.U0101.SG1.kraken2.gtdb207_ci15.output.tsv	3962924	6944314
gtdb207/CDM042.W0101.SG1.kraken2.gtdb207_ci15.output.tsv	4872309	5939631
gtdb207/CDM043.L0101.SG1.kraken2.gtdb207_ci15.output.tsv	3429511	5092879
gtdb207/CDM043.P0101.SG1.kraken2.gtdb207_ci15.output.tsv	2534789	4275679
gtdb207/CDM043.T0101.SG1.kraken2.gtdb207_ci15.output.tsv	3547861	5360631
gtdb207/CDM043.U0101.SG1.kraken2.gtdb207_ci15.output.tsv	3807919	5020890
gtdb207/CDM043.X0101.SG1.kraken2.gtdb207_ci15.output.tsv	4001727	6447651
gtdb207/CDM043.Y0101.SG1.kraken2.gtdb207_ci15.output.tsv	4724984	5627093
gtdb207/CDM045.F0101.SG1.kraken2.gtdb207_ci15.output.tsv	3661441	5475613
gtdb207/CDM045.G0101.SG1.kraken2.gtdb207_ci15.output.tsv	3805013	5580056
gtdb207/CDM045.H0101.SG1.kraken2.gtdb207_ci15.output.tsv	4285879	6638308
gtdb207/CDM045.I0101.SG1.kraken2.gtdb207_ci15.output.tsv	4368795	6228511
gtdb207/CDM045.L0101.SG1.kraken2.gtdb207_ci15.output.tsv	4236644	6710226
gtdb207/CDM045.M0101.SG1.kraken2.gtdb207_ci15.output.tsv	4286956	6912224
gtdb207/CDM045.Q0101.SG1.kraken2.gtdb207_ci15.output.tsv	3462478	5773372
gtdb207/CDM045.R0101.SG1.kraken2.gtdb207_ci15.output.tsv	4393711	5337577
gtdb207/CDM045.S0101.SG1.kraken2.gtdb207_ci15.output.tsv	3604386	8869285
gtdb207/CDM046.A0101.SG1.kraken2.gtdb207_ci15.output.tsv	3849155	6768849
gtdb207/CDM046.B0101.SG1.kraken2.gtdb207_ci15.output.tsv	2841119	5122926
gtdb207/CDM046.F0101.SG1.kraken2.gtdb207_ci15.output.tsv	3283270	7554729
gtdb207/CDM046.G0101.SG1.kraken2.gtdb207_ci15.output.tsv	3856722	6674660
gtdb207/CDM046.H0101.SG1.kraken2.gtdb207_ci15.output.tsv	3505400	6704893
gtdb207/CDM046.N0101.SG1.kraken2.gtdb207_ci15.output.tsv	3497952	4872072
gtdb207/CDM046.Q0101.SG1.kraken2.gtdb207_ci15.output.tsv	4799127	6432371
gtdb207/CDM046.V0101.SG1.kraken2.gtdb207_ci15.output.tsv	3966531	6025206
gtdb207/CDM046.Y0101.SG1.kraken2.gtdb207_ci15.output.tsv	3306425	5042018
gtdb207/CDM047.B0101.SG1.kraken2.gtdb207_ci15.output.tsv	5111238	6415398
gtdb207/CDM047.E0101.SG1.kraken2.gtdb207_ci15.output.tsv	3294107	6170284
gtdb207/CDM047.H0101.SG1.kraken2.gtdb207_ci15.output.tsv	6020338	8570186
gtdb207/CDM047.S0101.SG1.kraken2.gtdb207_ci15.output.tsv	3044265	4883845
gtdb207/CDM047.V0101.SG1.kraken2.gtdb207_ci15.output.tsv	3490909	4468333
gtdb207/CDM048.A0101.SG1.kraken2.gtdb207_ci15.output.tsv	3825493	7566058
gtdb207/CDM048.D0101.SG1.kraken2.gtdb207_ci15.output.tsv	3655813	7660428
gtdb207/CDM048.E0101.SG1.kraken2.gtdb207_ci15.output.tsv	2952464	5588571
gtdb207/CDM048.F0101.SG1.kraken2.gtdb207_ci15.output.tsv	5310448	6288692
gtdb207/CDM048.I0101.SG1.kraken2.gtdb207_ci15.output.tsv	2445976	8041883
gtdb207/CDM048.K0101.SG1.kraken2.gtdb207_ci15.output.tsv	4401066	6402542
gtdb207/CDM048.N0101.SG1.kraken2.gtdb207_ci15.output.tsv	3226861	5933235
gtdb207/CDM048.O0101.SG1.kraken2.gtdb207_ci15.output.tsv	3150677	5701507
gtdb207/CDM048.P0101.SG1.kraken2.gtdb207_ci15.output.tsv	3758152	5639445
gtdb207/CDM048.Q0101.SG1.kraken2.gtdb207_ci15.output.tsv	3361592	6200084
gtdb207/CDM048.S0101.SG1.kraken2.gtdb207_ci15.output.tsv	1959850	4567046
gtdb207/CDM048.V0101.SG1.kraken2.gtdb207_ci15.output.tsv	4106240	6089820
gtdb207/CDM048.W0101.SG1.kraken2.gtdb207_ci15.output.tsv	3498714	6465320
gtdb207/CDM048.Z0101.SG1.kraken2.gtdb207_ci15.output.tsv	3388850	6499578
gtdb207/CDM049.A0101.SG1.kraken2.gtdb207_ci15.output.tsv	3706438	6160389
gtdb207/CDM049.D0101.SG1.kraken2.gtdb207_ci15.output.tsv	2954633	7327916
gtdb207/CDM049.E0101.SG1.kraken2.gtdb207_ci15.output.tsv	2734696	5388206
gtdb207/CDM049.F0101.SG1.kraken2.gtdb207_ci15.output.tsv	3967515	6060642
gtdb207/CDM049.I0101.SG1.kraken2.gtdb207_ci15.output.tsv	3413812	4675162
gtdb207/CDM049.K0101.SG1.kraken2.gtdb207_ci15.output.tsv	4709521	5753735
gtdb207/CDM049.M0101.SG1.kraken2.gtdb207_ci15.output.tsv	3089435	5732344
gtdb207/CDM049.P0101.SG1.kraken2.gtdb207_ci15.output.tsv	3442794	6159261
gtdb207/CDM049.S0101.SG1.kraken2.gtdb207_ci15.output.tsv	4120112	6013690
gtdb207/CDM049.W0101.SG1.kraken2.gtdb207_ci15.output.tsv	1964082	7985059
gtdb207/CDM050.L0101.SG1.kraken2.gtdb207_ci15.output.tsv	3027905	4940834
gtdb207/CDM050.V0101.SG1.kraken2.gtdb207_ci15.output.tsv	4616723	8134058
gtdb207/CDM050.X0101.SG1.kraken2.gtdb207_ci15.output.tsv	5079974	9916526
gtdb207/CDM050.Z0101.SG1.kraken2.gtdb207_ci15.output.tsv	4912415	5476071
gtdb207/CDM051.A0101.SG1.kraken2.gtdb207_ci15.output.tsv	4164409	5736615
gtdb207/CDM051.D0101.SG1.kraken2.gtdb207_ci15.output.tsv	4215025	5369834
gtdb207/CDM051.G0101.SG1.kraken2.gtdb207_ci15.output.tsv	4100654	6199308
gtdb207/CDM051.I0101.SG1.kraken2.gtdb207_ci15.output.tsv	3458406	6146937
gtdb207/CDM051.M0101.SG1.kraken2.gtdb207_ci15.output.tsv	4755647	5196560
gtdb207/CDM051.R0101.SG1.kraken2.gtdb207_ci15.output.tsv	3995056	7992610
gtdb207/CDM051.S0101.SG1.kraken2.gtdb207_ci15.output.tsv	4211573	7190396
gtdb207/CDM051.U0101.SG1.kraken2.gtdb207_ci15.output.tsv	3544251	6258735
gtdb207/CDM051.V0101.SG1.kraken2.gtdb207_ci15.output.tsv	4012811	5138200
gtdb207/CDM051.Z0101.SG1.kraken2.gtdb207_ci15.output.tsv	3417174	6875397
gtdb207/CDM052.F0101.SG1.kraken2.gtdb207_ci15.output.tsv	4029683	6716933
gtdb207/CDM052.I0101.SG1.kraken2.gtdb207_ci15.output.tsv	3982313	5830729
gtdb207/CDM052.J0101.SG1.kraken2.gtdb207_ci15.output.tsv	3361001	7668446
gtdb207/CDM052.K0101.SG1.kraken2.gtdb207_ci15.output.tsv	3208620	6718343
gtdb207/CDM052.M0101.SG1.kraken2.gtdb207_ci15.output.tsv	4261502	5975181
gtdb207/CDM052.N0101.SG1.kraken2.gtdb207_ci15.output.tsv	4907829	6001624
gtdb207/CMB001.A0101.kraken2.gtdb207_ci15.output.tsv	3340526	3275665
gtdb207/CMB002.A0101.kraken2.gtdb207_ci15.output.tsv	3338077	4639857
gtdb207/CMB003.A0101.kraken2.gtdb207_ci15.output.tsv	3809316	4353166
gtdb207/CMB004.A0101.kraken2.gtdb207_ci15.output.tsv	2917343	4320666
gtdb207/CMB005.A0101.kraken2.gtdb207_ci15.output.tsv	4089068	3476002
gtdb207/CMB006.A0101.kraken2.gtdb207_ci15.output.tsv	4325089	3803336
gtdb207/CMB007.A0101.kraken2.gtdb207_ci15.output.tsv	2897126	3963079
gtdb207/CMB008.A0101.kraken2.gtdb207_ci15.output.tsv	2905773	4891957
gtdb207/CMC001.A0101.SG1.kraken2.gtdb207_ci15.output.tsv	7585518	3917461
gtdb207/CMC001.A0201.SG1.kraken2.gtdb207_ci15.output.tsv	9486835	4913749
gtdb207/CMC001.B0201.SG1.kraken2.gtdb207_ci15.output.tsv	10461328	3197938
gtdb207/CMC002.A0201.SG1.kraken2.gtdb207_ci15.output.tsv	8064405	3529375
gtdb207/CMC002.B0201.SG1.kraken2.gtdb207_ci15.output.tsv	5283621	1495251
gtdb207/CMC003.A0201.SG1.kraken2.gtdb207_ci15.output.tsv	7761391	3343858
gtdb207/CMC003.B0101.SG1.kraken2.gtdb207_ci15.output.tsv	12281280	3728029
gtdb207/CMC004.A0101.SG1.kraken2.gtdb207_ci15.output.tsv	9538266	4960502
gtdb207/CMC004.B0201.SG1.kraken2.gtdb207_ci15.output.tsv	10905922	3854534
gtdb207/CMC005.A0202.SG1.kraken2.gtdb207_ci15.output.tsv	9441561	3434000
gtdb207/CMC005.B0101.SG1.kraken2.gtdb207_ci15.output.tsv	11587702	3010105
gtdb207/CMC006.A0101.SG1.kraken2.gtdb207_ci15.output.tsv	13290543	3021138
gtdb207/CMC006.B0201.SG1.kraken2.gtdb207_ci15.output.tsv	10561617	2401160
gtdb207/CMC007.B0101.SG1.kraken2.gtdb207_ci15.output.tsv	8886966	2673272
gtdb207/CMC008.A0101.SG1.kraken2.gtdb207_ci15.output.tsv	7903148	2869049
gtdb207/CMC008.B0201.SG1.kraken2.gtdb207_ci15.output.tsv	9495700	3363725
gtdb207/CMC009.A0202.SG1.kraken2.gtdb207_ci15.output.tsv	9278895	2268620
gtdb207/CMC009.B0101.SG1.kraken2.gtdb207_ci15.output.tsv	10749063	3205206
gtdb207/CMC010.A0101.SG1.kraken2.gtdb207_ci15.output.tsv	9539588	3944290
gtdb207/CMC010.B0201.SG1.kraken2.gtdb207_ci15.output.tsv	10779780	2892227
gtdb207/CMC011.A0201.SG1.kraken2.gtdb207_ci15.output.tsv	9219422	4729504
gtdb207/CMC011.B0101.SG1.kraken2.gtdb207_ci15.output.tsv	10469436	4786305
gtdb207/CMC012.A0201.SG1.kraken2.gtdb207_ci15.output.tsv	8775067	2758422
gtdb207/CMC012.B0201.SG1.kraken2.gtdb207_ci15.output.tsv	8414862	2128759
gtdb207/CMC013.A0201.SG1.kraken2.gtdb207_ci15.output.tsv	12147183	4008405
gtdb207/CMC013.B0101.SG1.kraken2.gtdb207_ci15.output.tsv	13700290	3118692
gtdb207/CMC014.A0101.SG1.kraken2.gtdb207_ci15.output.tsv	10522578	2760210
gtdb207/CMC015.A0201.SG1.kraken2.gtdb207_ci15.output.tsv	8781903	3251563
gtdb207/CMC015.B0201.SG1.kraken2.gtdb207_ci15.output.tsv	12182748	3579084
gtdb207/CMC016.A0101.SG1.kraken2.gtdb207_ci15.output.tsv	3688942	1328332
gtdb207/CMC016.B0101.SG1.kraken2.gtdb207_ci15.output.tsv	11177860	3880667
gtdb207/CMC017.A0201.SG1.kraken2.gtdb207_ci15.output.tsv	5339310	3038408
gtdb207/CMC017.B0201.SG1.kraken2.gtdb207_ci15.output.tsv	9865212	3938285
gtdb207/CMC018.A0101.SG1.kraken2.gtdb207_ci15.output.tsv	8568919	3263218
gtdb207/CMC018.B0101.SG1.kraken2.gtdb207_ci15.output.tsv	9518675	5173877
gtdb207/CMC020.A0101.SG1.kraken2.gtdb207_ci15.output.tsv	9239926	3463024
gtdb207/CMC020.B0101.SG1.kraken2.gtdb207_ci15.output.tsv	11495081	4035408
gtdb207/CMC021.A0201.SG1.kraken2.gtdb207_ci15.output.tsv	7539815	3288229
gtdb207/CMC021.B0201.SG1.kraken2.gtdb207_ci15.output.tsv	9260824	3186066
gtdb207/CMC022.A0101.SG1.kraken2.gtdb207_ci15.output.tsv	15464902	5406880
gtdb207/CMC022.B0101.SG1.kraken2.gtdb207_ci15.output.tsv	10669132	5927722
gtdb207/CMC023.A0301.SG1.kraken2.gtdb207_ci15.output.tsv	8302447	4463962
gtdb207/CMC023.B0201.SG1.kraken2.gtdb207_ci15.output.tsv	11854962	3470501
gtdb207/CMC024.A0101.SG1.kraken2.gtdb207_ci15.output.tsv	8821389	4744786
gtdb207/CMC024.B0101.SG1.kraken2.gtdb207_ci15.output.tsv	9751756	4366063
gtdb207/CMC025.A0201.SG1.kraken2.gtdb207_ci15.output.tsv	8513823	4223832
gtdb207/CMC025.B0201.SG1.kraken2.gtdb207_ci15.output.tsv	13423044	5111562
gtdb207/CMC026.A0101.SG1.kraken2.gtdb207_ci15.output.tsv	9162444	4115163
gtdb207/CMC026.B0101.SG1.kraken2.gtdb207_ci15.output.tsv	12623880	3586235
gtdb207/CMC027.A0201.SG1.kraken2.gtdb207_ci15.output.tsv	5103100	3957437
gtdb207/CMC027.B0201.SG1.kraken2.gtdb207_ci15.output.tsv	11478361	4242548
gtdb207/CMC028.A0101.SG1.kraken2.gtdb207_ci15.output.tsv	8709687	5027665
gtdb207/CMC028.B0101.SG1.kraken2.gtdb207_ci15.output.tsv	11190158	4813377
gtdb207/CMC029.A0201.SG1.kraken2.gtdb207_ci15.output.tsv	5463322	2812104
gtdb207/CMC029.B0201.SG1.kraken2.gtdb207_ci15.output.tsv	12043501	3415239
gtdb207/CMC030.A0101.SG1.kraken2.gtdb207_ci15.output.tsv	9785321	4374728
gtdb207/CMC030.B0101.SG1.kraken2.gtdb207_ci15.output.tsv	10767107	3722927
gtdb207/CMC031.A0201.SG1.kraken2.gtdb207_ci15.output.tsv	8746925	2059831
gtdb207/CMC031.B0201.SG1.kraken2.gtdb207_ci15.output.tsv	12720511	2645718
gtdb207/CMC032.A0101.SG1.kraken2.gtdb207_ci15.output.tsv	2632865	810630
gtdb207/CMC032.B0101.SG1.kraken2.gtdb207_ci15.output.tsv	533	99
gtdb207/CMC033.A0201.SG1.kraken2.gtdb207_ci15.output.tsv	11109962	3526645
gtdb207/CMC033.B0201.SG1.kraken2.gtdb207_ci15.output.tsv	9942505	3164067
gtdb207/CMC034.A0101.SG1.kraken2.gtdb207_ci15.output.tsv	7185323	2400463
gtdb207/CMC034.B0101.SG1.kraken2.gtdb207_ci15.output.tsv	10835355	3096715
gtdb207/CMC035.A0201.SG1.kraken2.gtdb207_ci15.output.tsv	11174452	3814518
gtdb207/CMC035.B0201.SG1.kraken2.gtdb207_ci15.output.tsv	12318365	3834760
gtdb207/CMC036.A0101.SG1.kraken2.gtdb207_ci15.output.tsv	9500629	3913712
gtdb207/CMC036.B0101.SG1.kraken2.gtdb207_ci15.output.tsv	12380661	2952790
gtdb207/CMC037.A0201.SG1.kraken2.gtdb207_ci15.output.tsv	7345631	3424881
gtdb207/CMC037.B0201.SG1.kraken2.gtdb207_ci15.output.tsv	13763350	2336153
gtdb207/CMC038.A0101.SG1.kraken2.gtdb207_ci15.output.tsv	8073794	5246451
gtdb207/CMC038.B0101.SG1.kraken2.gtdb207_ci15.output.tsv	6929649	5393809
gtdb207/CMC039.B0201.SG1.kraken2.gtdb207_ci15.output.tsv	11464333	3197973
gtdb207/CMC040.B0101.SG1.kraken2.gtdb207_ci15.output.tsv	13863546	4770803
gtdb207/CMC041.A0201.SG1.kraken2.gtdb207_ci15.output.tsv	9350010	3957053
gtdb207/CMC042.A0201.SG1.kraken2.gtdb207_ci15.output.tsv	10894821	2780883
gtdb207/CMC042.B0101.SG1.kraken2.gtdb207_ci15.output.tsv	11635633	3392405
gtdb207/CMC043.A0101.SG1.kraken2.gtdb207_ci15.output.tsv	12591866	2648905
gtdb207/CMC043.B0101.SG1.kraken2.gtdb207_ci15.output.tsv	12512608	2570347
gtdb207/CMC044.A0201.SG1.kraken2.gtdb207_ci15.output.tsv	8651952	1997033
gtdb207/CMC045.A0201.SG1.kraken2.gtdb207_ci15.output.tsv	7424697	3443336
gtdb207/CMC045.B0201.SG1.kraken2.gtdb207_ci15.output.tsv	10752487	3542495
gtdb207/CMC046.B0201.SG1.kraken2.gtdb207_ci15.output.tsv	9332816	2684611
gtdb207/CMC047.A0201.SG1.kraken2.gtdb207_ci15.output.tsv	11912329	1773895
gtdb207/CS01.kraken2.gtdb207_ci15.output.tsv	4721140	4547380
gtdb207/CS02.kraken2.gtdb207_ci15.output.tsv	5319705	7379745
gtdb207/CS03.kraken2.gtdb207_ci15.output.tsv	4266019	7401699
gtdb207/CS04.kraken2.gtdb207_ci15.output.tsv	5845831	4136260
gtdb207/CS07.kraken2.gtdb207_ci15.output.tsv	4638212	4737625
gtdb207/CS08.kraken2.gtdb207_ci15.output.tsv	4787613	3889101
gtdb207/CS09.kraken2.gtdb207_ci15.output.tsv	5819969	8078053
gtdb207/CS10.kraken2.gtdb207_ci15.output.tsv	9863468	7020535
gtdb207/CS11.kraken2.gtdb207_ci15.output.tsv	10134243	7931178
gtdb207/CS12.kraken2.gtdb207_ci15.output.tsv	2916962	3574137
gtdb207/CS13.kraken2.gtdb207_ci15.output.tsv	8303657	5519675
gtdb207/CS14.kraken2.gtdb207_ci15.output.tsv	744241	839125
gtdb207/CS15.kraken2.gtdb207_ci15.output.tsv	7466949	5000205
gtdb207/CS16.kraken2.gtdb207_ci15.output.tsv	7046926	3272007
gtdb207/CS17.kraken2.gtdb207_ci15.output.tsv	6188629	6785148
gtdb207/CS18.kraken2.gtdb207_ci15.output.tsv	3450024	2016996
gtdb207/CS19.kraken2.gtdb207_ci15.output.tsv	4522888	2133199
gtdb207/CS20.kraken2.gtdb207_ci15.output.tsv	8610876	9259517
gtdb207/CS21.kraken2.gtdb207_ci15.output.tsv	7464249	8332264
gtdb207/CS22.kraken2.gtdb207_ci15.output.tsv	9632175	7084476
gtdb207/CS23.kraken2.gtdb207_ci15.output.tsv	7776114	14045815
gtdb207/CS24.kraken2.gtdb207_ci15.output.tsv	2500748	4178239
gtdb207/CS26.kraken2.gtdb207_ci15.output.tsv	2092591	2642849
gtdb207/CS27.kraken2.gtdb207_ci15.output.tsv	280119	224443
gtdb207/CS28.kraken2.gtdb207_ci15.output.tsv	3369271	9066971
gtdb207/CS29.kraken2.gtdb207_ci15.output.tsv	14322868	6247250
gtdb207/CS30.kraken2.gtdb207_ci15.output.tsv	2594913	2715490
gtdb207/CS31.kraken2.gtdb207_ci15.output.tsv	9803781	11607719
gtdb207/CS32.kraken2.gtdb207_ci15.output.tsv	12568050	15623773
gtdb207/CS33.kraken2.gtdb207_ci15.output.tsv	5242217	5792291
gtdb207/CS34.kraken2.gtdb207_ci15.output.tsv	5240076	3566254
gtdb207/CS35.kraken2.gtdb207_ci15.output.tsv	13384846	14241876
gtdb207/CS36.kraken2.gtdb207_ci15.output.tsv	2862950	4251903
gtdb207/CS37.kraken2.gtdb207_ci15.output.tsv	7454981	14867387
gtdb207/CS38.kraken2.gtdb207_ci15.output.tsv	5604292	8613899
gtdb207/CS39.kraken2.gtdb207_ci15.output.tsv	4225240	5050873
gtdb207/CS40.kraken2.gtdb207_ci15.output.tsv	2367182	2401174
gtdb207/CS42.kraken2.gtdb207_ci15.output.tsv	2507313	2904195
gtdb207/CS43.kraken2.gtdb207_ci15.output.tsv	3298084	5327334
gtdb207/CS44.kraken2.gtdb207_ci15.output.tsv	4872292	4501060
gtdb207/CS45.kraken2.gtdb207_ci15.output.tsv	2561484	1749256
gtdb207/CS46.kraken2.gtdb207_ci15.output.tsv	4931083	4627381
gtdb207/CS47.kraken2.gtdb207_ci15.output.tsv	15309332	14698240
gtdb207/CS48.kraken2.gtdb207_ci15.output.tsv	259711	272250
gtdb207/DLV001.A0101.kraken2.gtdb207_ci15.output.tsv	259860	543101
gtdb207/DLV002.A0101.kraken2.gtdb207_ci15.output.tsv	15176	65801
gtdb207/DRT001.kraken2.gtdb207_ci15.output.tsv	5483681	11212126
gtdb207/ECO002.B0101.kraken2.gtdb207_ci15.output.tsv	2189759	10614130
gtdb207/ECO002.C0101.kraken2.gtdb207_ci15.output.tsv	1808811	9928377
gtdb207/ECO004.B0101.kraken2.gtdb207_ci15.output.tsv	1856690	8769046
gtdb207/ECO004.C0101.kraken2.gtdb207_ci15.output.tsv	1367564	8280539
gtdb207/ECO006.B0101.kraken2.gtdb207_ci15.output.tsv	1183212	9244865
gtdb207/ECO010.B0101.kraken2.gtdb207_ci15.output.tsv	1690958	10486021
gtdb207/EFE002.B0101.kraken2.gtdb207_ci15.output.tsv	3405732	7835490
gtdb207/EFE003.B0101.kraken2.gtdb207_ci15.output.tsv	4343315	6624769
gtdb207/EFE004.B0101.kraken2.gtdb207_ci15.output.tsv	5381572	6463452
gtdb207/EFE005.B0101.kraken2.gtdb207_ci15.output.tsv	4890227	6513573
gtdb207/EFE006.B0101.kraken2.gtdb207_ci15.output.tsv	4191995	6702128
gtdb207/ELR003.A0101.kraken2.gtdb207_ci15.output.tsv	2718914	6068437
gtdb207/ELR004.A0101.kraken2.gtdb207_ci15.output.tsv	2526910	2566339
gtdb207/ELR006.A0101.kraken2.gtdb207_ci15.output.tsv	7539725	7328828
gtdb207/ELR008.A0101.kraken2.gtdb207_ci15.output.tsv	7119053	9217176
gtdb207/ELR010.A0101.kraken2.gtdb207_ci15.output.tsv	3804483	8940537
gtdb207/EMN001.A0101.kraken2.gtdb207_ci15.output.tsv	3729141	8801038
gtdb207/ERR10167374.kraken2.gtdb207_ci15.output.tsv	2151698	25744557
gtdb207/ERR10167375.kraken2.gtdb207_ci15.output.tsv	4020913	27521528
gtdb207/ERR10228823.kraken2.gtdb207_ci15.output.tsv	10009904	3862106
gtdb207/ERR10228824.kraken2.gtdb207_ci15.output.tsv	24129518	6074165
gtdb207/ERR10228825.kraken2.gtdb207_ci15.output.tsv	22777684	4218683
gtdb207/ERR10228826.kraken2.gtdb207_ci15.output.tsv	11002228	5006384
gtdb207/ERR10228827.kraken2.gtdb207_ci15.output.tsv	12510305	3141454
gtdb207/ERR10228828.kraken2.gtdb207_ci15.output.tsv	30917620	8449825
gtdb207/ERR10228829.kraken2.gtdb207_ci15.output.tsv	18019306	5546351
gtdb207/ERR10228830.kraken2.gtdb207_ci15.output.tsv	7631802	2693884
gtdb207/ERR10228831.kraken2.gtdb207_ci15.output.tsv	18779574	7064237
gtdb207/ERR10228832.kraken2.gtdb207_ci15.output.tsv	21233656	6357449
gtdb207/ERR10228833.kraken2.gtdb207_ci15.output.tsv	7344171	2759503
gtdb207/ERR10228834.kraken2.gtdb207_ci15.output.tsv	6077976	2613506
gtdb207/ERR10228835.kraken2.gtdb207_ci15.output.tsv	6772521	1724355
gtdb207/ERR10228836.kraken2.gtdb207_ci15.output.tsv	3905972	1299991
gtdb207/ERR10228837.kraken2.gtdb207_ci15.output.tsv	15400887	4589821
gtdb207/ERR10228838.kraken2.gtdb207_ci15.output.tsv	2971875	916966
gtdb207/ERR10228839.kraken2.gtdb207_ci15.output.tsv	15386525	5422483
gtdb207/ERR10228840.kraken2.gtdb207_ci15.output.tsv	20657613	4581903
gtdb207/ERR10228841.kraken2.gtdb207_ci15.output.tsv	23671336	6114532
gtdb207/ERR10228842.kraken2.gtdb207_ci15.output.tsv	12288166	2684806
gtdb207/ERR10228843.kraken2.gtdb207_ci15.output.tsv	7318083	6422264
gtdb207/ERR10228844.kraken2.gtdb207_ci15.output.tsv	9024384	24725815
gtdb207/ERR10228845.kraken2.gtdb207_ci15.output.tsv	13200919	4086591
gtdb207/ERR10228846.kraken2.gtdb207_ci15.output.tsv	12039359	6274854
gtdb207/ERR10228847.kraken2.gtdb207_ci15.output.tsv	16511328	3558226
gtdb207/ERR10228848.kraken2.gtdb207_ci15.output.tsv	123329550	22439006
gtdb207/ERR10228849.kraken2.gtdb207_ci15.output.tsv	6060797	1547217
gtdb207/ERR10228850.kraken2.gtdb207_ci15.output.tsv	5407585	1381952
gtdb207/ERR10228851.kraken2.gtdb207_ci15.output.tsv	5143134	1677539
gtdb207/ERR10228852.kraken2.gtdb207_ci15.output.tsv	10790777	2282219
gtdb207/ERR10228853.kraken2.gtdb207_ci15.output.tsv	14533669	3902178
gtdb207/ERR10228854.kraken2.gtdb207_ci15.output.tsv	25887754	8804096
gtdb207/ERR10228855.kraken2.gtdb207_ci15.output.tsv	89751502	30340261
gtdb207/ERR10228856.kraken2.gtdb207_ci15.output.tsv	31668844	12322803
gtdb207/ERR10228857.kraken2.gtdb207_ci15.output.tsv	72185946	28021231
gtdb207/ERR10228858.kraken2.gtdb207_ci15.output.tsv	5711025	1365626
gtdb207/ERR10228859.kraken2.gtdb207_ci15.output.tsv	7435663	4026874
gtdb207/ERR10228860.kraken2.gtdb207_ci15.output.tsv	22438138	13451224
gtdb207/ERR10228861.kraken2.gtdb207_ci15.output.tsv	33825947	12720141
gtdb207/ERR10228862.kraken2.gtdb207_ci15.output.tsv	7504958	4720132
gtdb207/ERR10228863.kraken2.gtdb207_ci15.output.tsv	80634102	44414637
gtdb207/ERR10228864.kraken2.gtdb207_ci15.output.tsv	3662871	1419779
gtdb207/ERR10228865.kraken2.gtdb207_ci15.output.tsv	3208864	1217197
gtdb207/ERR10228866.kraken2.gtdb207_ci15.output.tsv	22167276	7891426
gtdb207/ERR10228867.kraken2.gtdb207_ci15.output.tsv	15076090	4197135
gtdb207/ERR10228868.kraken2.gtdb207_ci15.output.tsv	10094457	3122539
gtdb207/ERR10228869.kraken2.gtdb207_ci15.output.tsv	21027511	6285702
gtdb207/ERR10228870.kraken2.gtdb207_ci15.output.tsv	14818985	3609809
gtdb207/ERR10228871.kraken2.gtdb207_ci15.output.tsv	26841890	32239701
gtdb207/ERR10228872.kraken2.gtdb207_ci15.output.tsv	11864632	2851946
gtdb207/ERR10228873.kraken2.gtdb207_ci15.output.tsv	25262409	22494089
gtdb207/ERR10228874.kraken2.gtdb207_ci15.output.tsv	16437106	4183067
gtdb207/ERR10228875.kraken2.gtdb207_ci15.output.tsv	10811329	2574822
gtdb207/ERR10228876.kraken2.gtdb207_ci15.output.tsv	38842086	8233244
gtdb207/ERR10228877.kraken2.gtdb207_ci15.output.tsv	2762226	998465
gtdb207/ERR10228878.kraken2.gtdb207_ci15.output.tsv	18897982	4030884
gtdb207/ERR10228879.kraken2.gtdb207_ci15.output.tsv	8221462	1794384
gtdb207/ERR10228880.kraken2.gtdb207_ci15.output.tsv	7986275	1815079
gtdb207/ERR10228881.kraken2.gtdb207_ci15.output.tsv	23180389	6374730
gtdb207/ERR10228882.kraken2.gtdb207_ci15.output.tsv	13131656	3706410
gtdb207/ERR10228883.kraken2.gtdb207_ci15.output.tsv	34271920	11789003
gtdb207/ERR10228884.kraken2.gtdb207_ci15.output.tsv	13640318	2993261
gtdb207/ERR10228885.kraken2.gtdb207_ci15.output.tsv	36370106	11128978
gtdb207/ERR10228886.kraken2.gtdb207_ci15.output.tsv	50097972	12953408
gtdb207/ERR10228887.kraken2.gtdb207_ci15.output.tsv	25356143	6598624
gtdb207/ERR1474564.kraken2.gtdb207_ci15.output.tsv	8935763	2080630
gtdb207/ERR1474565.kraken2.gtdb207_ci15.output.tsv	12330074	6006106
gtdb207/ERR1474566.kraken2.gtdb207_ci15.output.tsv	12704946	5916561
gtdb207/ERR1474567.kraken2.gtdb207_ci15.output.tsv	9464942	3355212
gtdb207/ERR1474568.kraken2.gtdb207_ci15.output.tsv	52231731	10541283
gtdb207/ERR1474569.kraken2.gtdb207_ci15.output.tsv	8521638	3979410
gtdb207/ERR1474570.kraken2.gtdb207_ci15.output.tsv	35566600	7612394
gtdb207/ERR1474571.kraken2.gtdb207_ci15.output.tsv	12253726	3219765
gtdb207/ERR1474572.kraken2.gtdb207_ci15.output.tsv	2480518	899558
gtdb207/ERR1474573.kraken2.gtdb207_ci15.output.tsv	1858649	674429
gtdb207/ERR1474574.kraken2.gtdb207_ci15.output.tsv	2091809	684919
gtdb207/ERR1474575.kraken2.gtdb207_ci15.output.tsv	15037285	4170657
gtdb207/ERR1474576.kraken2.gtdb207_ci15.output.tsv	3373485	959160
gtdb207/ERR1474577.kraken2.gtdb207_ci15.output.tsv	8069749	2401471
gtdb207/ERR1474578.kraken2.gtdb207_ci15.output.tsv	4030111	1259497
gtdb207/ERR1474579.kraken2.gtdb207_ci15.output.tsv	11520631	3766571
gtdb207/ERR1474580.kraken2.gtdb207_ci15.output.tsv	53045573	20700700
gtdb207/ERR1474581.kraken2.gtdb207_ci15.output.tsv	3207174	1274509
gtdb207/ERR1474582.kraken2.gtdb207_ci15.output.tsv	8947547	4248043
gtdb207/ERR1474583.kraken2.gtdb207_ci15.output.tsv	9603639	5273286
gtdb207/ERR1474584.kraken2.gtdb207_ci15.output.tsv	10331452	3816586
gtdb207/ERR1474585.kraken2.gtdb207_ci15.output.tsv	47196524	10804384
gtdb207/ERR1474586.kraken2.gtdb207_ci15.output.tsv	48470674	14123488
gtdb207/ERR1474587.kraken2.gtdb207_ci15.output.tsv	33461177	9901084
gtdb207/ERR5729614.kraken2.gtdb207_ci15.output.tsv	10271744	27473965
gtdb207/ERR5729615.kraken2.gtdb207_ci15.output.tsv	7567363	35150904
gtdb207/ERR5729616.kraken2.gtdb207_ci15.output.tsv	12147108	29703078
gtdb207/ERR5729617.kraken2.gtdb207_ci15.output.tsv	10393794	22150065
gtdb207/ERR5729618.kraken2.gtdb207_ci15.output.tsv	6662527	31015930
gtdb207/ERR5729619.kraken2.gtdb207_ci15.output.tsv	9372332	33129437
gtdb207/ERR5729620.kraken2.gtdb207_ci15.output.tsv	8598100	31739309
gtdb207/ERR5729621.kraken2.gtdb207_ci15.output.tsv	9396937	35002890
gtdb207/ERR5729622.kraken2.gtdb207_ci15.output.tsv	7656130	26605391
gtdb207/ERR5729623.kraken2.gtdb207_ci15.output.tsv	7883998	28344166
gtdb207/ERR5729624.kraken2.gtdb207_ci15.output.tsv	2580475	5801972
gtdb207/ERR5729625.kraken2.gtdb207_ci15.output.tsv	11080799	25829130
gtdb207/ERR5729626.kraken2.gtdb207_ci15.output.tsv	13726231	36938509
gtdb207/ERR5729627.kraken2.gtdb207_ci15.output.tsv	9902761	25449425
gtdb207/ERR5729628.kraken2.gtdb207_ci15.output.tsv	8811870	23827873
gtdb207/ERR5729629.kraken2.gtdb207_ci15.output.tsv	8106503	23084054
gtdb207/ERR5729630.kraken2.gtdb207_ci15.output.tsv	3629545	14946209
gtdb207/ERR5729631.kraken2.gtdb207_ci15.output.tsv	8527194	26279765
gtdb207/ERR5729632.kraken2.gtdb207_ci15.output.tsv	12997983	35837872
gtdb207/ERR5729633.kraken2.gtdb207_ci15.output.tsv	12344632	26486239
gtdb207/ERR5729634.kraken2.gtdb207_ci15.output.tsv	11141663	30000807
gtdb207/ERR5729635.kraken2.gtdb207_ci15.output.tsv	3417969	30768019
gtdb207/ERR5729636.kraken2.gtdb207_ci15.output.tsv	8414350	21827586
gtdb207/ERR5729637.kraken2.gtdb207_ci15.output.tsv	7901090	20077697
gtdb207/ERR5729638.kraken2.gtdb207_ci15.output.tsv	9510175	19633637
gtdb207/ERR5729639.kraken2.gtdb207_ci15.output.tsv	7039116	20291844
gtdb207/ERR5729640.kraken2.gtdb207_ci15.output.tsv	10453818	18053618
gtdb207/ERR5729641.kraken2.gtdb207_ci15.output.tsv	11460854	19971252
gtdb207/ERR5729642.kraken2.gtdb207_ci15.output.tsv	9762410	18344476
gtdb207/ERR5729643.kraken2.gtdb207_ci15.output.tsv	8150679	17544137
gtdb207/ERR5729644.kraken2.gtdb207_ci15.output.tsv	8910982	19402794
gtdb207/ERR5729645.kraken2.gtdb207_ci15.output.tsv	7700761	15891940
gtdb207/ERR5729646.kraken2.gtdb207_ci15.output.tsv	7648913	17417315
gtdb207/ERR5729647.kraken2.gtdb207_ci15.output.tsv	7673986	18420294
gtdb207/ERR5729648.kraken2.gtdb207_ci15.output.tsv	7985727	16132491
gtdb207/ERR5729649.kraken2.gtdb207_ci15.output.tsv	8584213	16958877
gtdb207/ERR5729650.kraken2.gtdb207_ci15.output.tsv	7619307	16523691
gtdb207/ERR5729651.kraken2.gtdb207_ci15.output.tsv	7190351	16969677
gtdb207/ERR5729652.kraken2.gtdb207_ci15.output.tsv	9073936	16686899
gtdb207/ERR5729653.kraken2.gtdb207_ci15.output.tsv	9917032	15731760
gtdb207/ERR5729654.kraken2.gtdb207_ci15.output.tsv	8448542	17962339
gtdb207/ERR5729655.kraken2.gtdb207_ci15.output.tsv	8445469	19168438
gtdb207/ERR5729656.kraken2.gtdb207_ci15.output.tsv	7445511	17129549
gtdb207/ERR5729657.kraken2.gtdb207_ci15.output.tsv	10837783	17517960
gtdb207/ERR8050978.kraken2.gtdb207_ci15.output.tsv	153297995	125372456
gtdb207/ESA003.A0101.kraken2.gtdb207_ci15.output.tsv	4442618	5650119
gtdb207/ESA004.A0101.kraken2.gtdb207_ci15.output.tsv	2244923	5552273
gtdb207/ESA006.A0101.kraken2.gtdb207_ci15.output.tsv	3925473	7268113
gtdb207/ESA007.A0101.kraken2.gtdb207_ci15.output.tsv	3875720	5972027
gtdb207/ESA008.A0101.kraken2.gtdb207_ci15.output.tsv	3306340	5774914
gtdb207/FUM001.A0101.kraken2.gtdb207_ci15.output.tsv	2857326	7197205
gtdb207/FUM002.A0101.kraken2.gtdb207_ci15.output.tsv	3691761	13404795
gtdb207/FUM003.A0101.kraken2.gtdb207_ci15.output.tsv	7166835	8401995
gtdb207/FUT018.B0101.kraken2.gtdb207_ci15.output.tsv	620598	8021889
gtdb207/FUT021.B0101.kraken2.gtdb207_ci15.output.tsv	2290126	5072736
gtdb207/FUT024.B0101.kraken2.gtdb207_ci15.output.tsv	2173715	6179328
gtdb207/G12.kraken2.gtdb207_ci15.output.tsv	35222632	24346369
gtdb207/GDN001.A0101.kraken2.gtdb207_ci15.output.tsv	4076256	10955757
gtdb207/GDN001.B0101.kraken2.gtdb207_ci15.output.tsv	2662366	12410394
gtdb207/GOY005.A0103.SG1.kraken2.gtdb207_ci15.output.tsv	391393	3089586
gtdb207/GOY006.A0102.SG1.kraken2.gtdb207_ci15.output.tsv	5017216	33070340
gtdb207/GUE001.A0101.kraken2.gtdb207_ci15.output.tsv	1353969	9385896
gtdb207/HCLVMBCX2-3505-01-00-01_S1.kraken2.gtdb207_ci15.output.tsv	693998	2436570
gtdb207/HCLVMBCX2-3505-02-00-01_S2.kraken2.gtdb207_ci15.output.tsv	1217759	3144052
gtdb207/HCLVMBCX2-3505-03-00-01_S3.kraken2.gtdb207_ci15.output.tsv	1234262	4271625
gtdb207/HCLVMBCX2-3505-04-00-01_S4.kraken2.gtdb207_ci15.output.tsv	1060427	4305345
gtdb207/HCLVMBCX2-3505-05-00-01_S5.kraken2.gtdb207_ci15.output.tsv	781377	4729272
gtdb207/HCLVMBCX2-3505-06-00-01_S6.kraken2.gtdb207_ci15.output.tsv	5280075	19145233
gtdb207/HCLVMBCX2-3505-07-00-01_S7.kraken2.gtdb207_ci15.output.tsv	1959893	5444014
gtdb207/HCLVMBCX2-3505-08-00-01_S8.kraken2.gtdb207_ci15.output.tsv	3127748	8245523
gtdb207/HCLVMBCX2-3505-09-00-01_S9.kraken2.gtdb207_ci15.output.tsv	3703000	13386823
gtdb207/HCLVMBCX2-3505-10-00-01_S10.kraken2.gtdb207_ci15.output.tsv	1226302	2705026
gtdb207/HCLVMBCX2-3505-11-00-01_S11.kraken2.gtdb207_ci15.output.tsv	1008563	2819806
gtdb207/HCLVMBCX2-3505-12-00-01_S12.kraken2.gtdb207_ci15.output.tsv	2782637	5184788
gtdb207/HCLVMBCX2-3505-14-00-01_S14.kraken2.gtdb207_ci15.output.tsv	16932929	19339388
gtdb207/HCLVMBCX2-3505-15-00-01_S15.kraken2.gtdb207_ci15.output.tsv	2856921	7830941
gtdb207/HCLVMBCX2-3505-16-00-01_S16.kraken2.gtdb207_ci15.output.tsv	3677165	12751736
gtdb207/HCLVMBCX2-3505-17-00-01_S17.kraken2.gtdb207_ci15.output.tsv	2658982	8389285
gtdb207/HCLVMBCX2-3505-18-00-01_S18.kraken2.gtdb207_ci15.output.tsv	2024462	5394620
gtdb207/HCLVMBCX2-3505-20-00-01_S20.kraken2.gtdb207_ci15.output.tsv	1646700	4125226
gtdb207/HCLVMBCX2-3505-21-00-01_S21.kraken2.gtdb207_ci15.output.tsv	1991468	4268348
gtdb207/HCLVMBCX2-3505-22-00-01_S22.kraken2.gtdb207_ci15.output.tsv	1851302	3722864
gtdb207/HCLVMBCX2-3505-23-00-01_S23.kraken2.gtdb207_ci15.output.tsv	1218400	3494694
gtdb207/HCLVMBCX2-3505-24-00-01_S24.kraken2.gtdb207_ci15.output.tsv	1445560	4246371
gtdb207/HCLVMBCX2-3505-25-00-01_S25.kraken2.gtdb207_ci15.output.tsv	1085627	3600963
gtdb207/HCLVMBCX2-3505-26-00-01_S26.kraken2.gtdb207_ci15.output.tsv	2609314	4515169
gtdb207/HCLVMBCX2-3505-27-00-01_S27.kraken2.gtdb207_ci15.output.tsv	1182538	2445207
gtdb207/HCLVMBCX2-3505-28-00-01_S28.kraken2.gtdb207_ci15.output.tsv	1809495	5250092
gtdb207/HCLVMBCX2-3505-29-00-01_S29.kraken2.gtdb207_ci15.output.tsv	986162	3479816
gtdb207/HCLVMBCX2-3505-31-00-01_S31.kraken2.gtdb207_ci15.output.tsv	954529	3001566
gtdb207/HCLVMBCX2-3505-33-00-01_S33.kraken2.gtdb207_ci15.output.tsv	150744	1967563
gtdb207/IVE002.B0101.kraken2.gtdb207_ci15.output.tsv	7727997	6270610
gtdb207/IVE003.A0101.kraken2.gtdb207_ci15.output.tsv	3794290	4916262
gtdb207/IVE005.A0101.kraken2.gtdb207_ci15.output.tsv	4198060	4392537
gtdb207/IVE005.B0101.kraken2.gtdb207_ci15.output.tsv	8288537	7066309
gtdb207/IVE007.B0101.kraken2.gtdb207_ci15.output.tsv	6962266	7704793
gtdb207/JAE006.A0101.kraken2.gtdb207_ci15.output.tsv	69197258	18487887
gtdb207/JAE007.A0101.kraken2.gtdb207_ci15.output.tsv	54339622	11935635
gtdb207/JAE008.A0101.kraken2.gtdb207_ci15.output.tsv	46932641	18146151
gtdb207/JAE009.A0101.kraken2.gtdb207_ci15.output.tsv	45265023	20652864
gtdb207/JAE010.A0101.kraken2.gtdb207_ci15.output.tsv	43638772	16256274
gtdb207/JAE012.A0101.kraken2.gtdb207_ci15.output.tsv	47291406	15283807
gtdb207/JAE013.A0101.kraken2.gtdb207_ci15.output.tsv	30855820	8003162
gtdb207/JAE014.A0101.kraken2.gtdb207_ci15.output.tsv	44008018	24434853
gtdb207/JAE015.A0101.kraken2.gtdb207_ci15.output.tsv	39294857	18064151
gtdb207/JAE016.A0101.kraken2.gtdb207_ci15.output.tsv	63203352	31165795
gtdb207/KT01calc.kraken2.gtdb207_ci15.output.tsv	4824674	5726633
gtdb207/KT02calc.kraken2.gtdb207_ci15.output.tsv	1496857	2415153
gtdb207/KT03calc.kraken2.gtdb207_ci15.output.tsv	1920011	2004491
gtdb207/KT04calc.kraken2.gtdb207_ci15.output.tsv	1828576	2653111
gtdb207/KT05calc.kraken2.gtdb207_ci15.output.tsv	1663237	2780794
gtdb207/KT06calc.kraken2.gtdb207_ci15.output.tsv	2019318	3778142
gtdb207/KT07calc.kraken2.gtdb207_ci15.output.tsv	2182331	3028672
gtdb207/KT08calc.kraken2.gtdb207_ci15.output.tsv	2604467	1942845
gtdb207/KT09calc.kraken2.gtdb207_ci15.output.tsv	1284614	3345173
gtdb207/KT10calc.kraken2.gtdb207_ci15.output.tsv	1576558	3154255
gtdb207/KT11calc.kraken2.gtdb207_ci15.output.tsv	1737935	2648115
gtdb207/KT12calc.kraken2.gtdb207_ci15.output.tsv	1422955	2290376
gtdb207/KT13calc.kraken2.gtdb207_ci15.output.tsv	1467081	2619551
gtdb207/KT14calc.kraken2.gtdb207_ci15.output.tsv	2207083	2519812
gtdb207/KT15calc.kraken2.gtdb207_ci15.output.tsv	2838510	4633125
gtdb207/KT16calc.kraken2.gtdb207_ci15.output.tsv	1497182	2386308
gtdb207/KT17calc.kraken2.gtdb207_ci15.output.tsv	1374984	2210172
gtdb207/KT18calc.kraken2.gtdb207_ci15.output.tsv	1919905	3722099
gtdb207/KT19calc.kraken2.gtdb207_ci15.output.tsv	3294195	3648230
gtdb207/KT20calc.kraken2.gtdb207_ci15.output.tsv	2879401	4389013
gtdb207/KT21calc.kraken2.gtdb207_ci15.output.tsv	1466961	2387449
gtdb207/KT22calc.kraken2.gtdb207_ci15.output.tsv	2000523	2491333
gtdb207/KT23calc.kraken2.gtdb207_ci15.output.tsv	2887691	3724782
gtdb207/KT24calc.kraken2.gtdb207_ci15.output.tsv	2272912	4092121
gtdb207/KT25calc.kraken2.gtdb207_ci15.output.tsv	1839073	3570172
gtdb207/KT26calc.kraken2.gtdb207_ci15.output.tsv	2250669	3471682
gtdb207/KT27calc.kraken2.gtdb207_ci15.output.tsv	1446824	2675124
gtdb207/KT28calc.kraken2.gtdb207_ci15.output.tsv	1659323	3497844
gtdb207/KT29calc.kraken2.gtdb207_ci15.output.tsv	2665258	3351396
gtdb207/KT30calc.kraken2.gtdb207_ci15.output.tsv	1916882	2942386
gtdb207/KT31calc.kraken2.gtdb207_ci15.output.tsv	4198901	5079223
gtdb207/KT32calc.kraken2.gtdb207_ci15.output.tsv	2271528	3068270
gtdb207/KT33calc.kraken2.gtdb207_ci15.output.tsv	2922178	3685669
gtdb207/KT34calc.kraken2.gtdb207_ci15.output.tsv	2312966	3535452
gtdb207/KT35calc.kraken2.gtdb207_ci15.output.tsv	1709373	2552755
gtdb207/KT36calc.kraken2.gtdb207_ci15.output.tsv	2029694	3340123
gtdb207/LIS001.A0101.kraken2.gtdb207_ci15.output.tsv	4237401	6350017
gtdb207/LIS002.A0101.SG1.kraken2.gtdb207_ci15.output.tsv	2947455	8566311
gtdb207/LIS003.A0101.kraken2.gtdb207_ci15.output.tsv	3922747	6445528
gtdb207/MAWB10.kraken2.gtdb207_ci15.output.tsv	23898878	24308350
gtdb207/MAWB11.kraken2.gtdb207_ci15.output.tsv	4967939	6145481
gtdb207/MAWB12.kraken2.gtdb207_ci15.output.tsv	4098024	4148266
gtdb207/MAWB15.kraken2.gtdb207_ci15.output.tsv	17020915	16781419
gtdb207/MAWB3.kraken2.gtdb207_ci15.output.tsv	1001009	1613870
gtdb207/MAWB5.kraken2.gtdb207_ci15.output.tsv	2963050	5674108
gtdb207/MAWB6.kraken2.gtdb207_ci15.output.tsv	10675867	19504985
gtdb207/MID022.A0101.kraken2.gtdb207_ci15.output.tsv	5434361	5526736
gtdb207/MID023.A0101.kraken2.gtdb207_ci15.output.tsv	5123030	3002993
gtdb207/MID024.A0101.kraken2.gtdb207_ci15.output.tsv	3973581	5739081
gtdb207/MID025.A0101.kraken2.gtdb207_ci15.output.tsv	3678806	5753340
gtdb207/MID026.A0101.kraken2.gtdb207_ci15.output.tsv	4293941	3083390
gtdb207/MID027.A0101.kraken2.gtdb207_ci15.output.tsv	4155308	2552688
gtdb207/MID028.A0101.kraken2.gtdb207_ci15.output.tsv	3229995	3010884
gtdb207/MID029.A0101.kraken2.gtdb207_ci15.output.tsv	3959307	3510463
gtdb207/MID030.A0101.kraken2.gtdb207_ci15.output.tsv	3768457	6324452
gtdb207/MID031.A0101.kraken2.gtdb207_ci15.output.tsv	2561544	3586269
gtdb207/MID032.A0101.kraken2.gtdb207_ci15.output.tsv	4569968	5993745
gtdb207/MID033.A0101.kraken2.gtdb207_ci15.output.tsv	3182633	4217444
gtdb207/MID034.A0101.kraken2.gtdb207_ci15.output.tsv	4475296	6215996
gtdb207/MID035.A0101.kraken2.gtdb207_ci15.output.tsv	3116796	3785141
gtdb207/MID036.A0101.kraken2.gtdb207_ci15.output.tsv	5139062	3877716
gtdb207/MID037.A0101.kraken2.gtdb207_ci15.output.tsv	5635401	5077674
gtdb207/MID038.A0101.kraken2.gtdb207_ci15.output.tsv	4051127	3478902
gtdb207/MID039.A0101.kraken2.gtdb207_ci15.output.tsv	3615096	3310657
gtdb207/MID040.A0101.kraken2.gtdb207_ci15.output.tsv	4173773	4876158
gtdb207/MID041.A0101.kraken2.gtdb207_ci15.output.tsv	4287047	4984053
gtdb207/MID042.A0101.kraken2.gtdb207_ci15.output.tsv	4493672	3557987
gtdb207/MID043.A0101.kraken2.gtdb207_ci15.output.tsv	4231783	3333088
gtdb207/MID044.A0101.kraken2.gtdb207_ci15.output.tsv	4400977	4100665
gtdb207/MID045.A0101.kraken2.gtdb207_ci15.output.tsv	4695567	5392555
gtdb207/MID046.A0101.kraken2.gtdb207_ci15.output.tsv	2905367	4641315
gtdb207/MID047.A0101.kraken2.gtdb207_ci15.output.tsv	3363192	3613247
gtdb207/MID048.A0101.kraken2.gtdb207_ci15.output.tsv	3882809	4094373
gtdb207/MID049.A0101.kraken2.gtdb207_ci15.output.tsv	5559585	4558834
gtdb207/MID050.A0101.kraken2.gtdb207_ci15.output.tsv	5866857	6744926
gtdb207/MID051.A0101.kraken2.gtdb207_ci15.output.tsv	4409261	4098737
gtdb207/MID052.A0101.kraken2.gtdb207_ci15.output.tsv	3940311	5896480
gtdb207/MID053.A0101.kraken2.gtdb207_ci15.output.tsv	4446085	6227662
gtdb207/MID054.A0101.kraken2.gtdb207_ci15.output.tsv	4877614	8265825
gtdb207/MID055.A0101.kraken2.gtdb207_ci15.output.tsv	5452378	6246976
gtdb207/MID056.A0101.kraken2.gtdb207_ci15.output.tsv	6229589	5139515
gtdb207/MID057.A0101.kraken2.gtdb207_ci15.output.tsv	6215021	7040372
gtdb207/MID058.A0101.kraken2.gtdb207_ci15.output.tsv	4360178	4961134
gtdb207/MID059.A0101.kraken2.gtdb207_ci15.output.tsv	5536941	7379157
gtdb207/MID060.A0101.kraken2.gtdb207_ci15.output.tsv	4131098	4040229
gtdb207/MID061.A0101.kraken2.gtdb207_ci15.output.tsv	7593615	3417516
gtdb207/MID062.A0101.kraken2.gtdb207_ci15.output.tsv	3634577	4285468
gtdb207/MID063.A0101.kraken2.gtdb207_ci15.output.tsv	3158942	6396576
gtdb207/MID064.A0101.kraken2.gtdb207_ci15.output.tsv	4516032	5323559
gtdb207/MID065.A0101.kraken2.gtdb207_ci15.output.tsv	5819488	4285439
gtdb207/MID066.A0101.kraken2.gtdb207_ci15.output.tsv	4329009	4839984
gtdb207/MID067.A0101.kraken2.gtdb207_ci15.output.tsv	4244935	5183647
gtdb207/MID068.A0101.kraken2.gtdb207_ci15.output.tsv	3160921	3697418
gtdb207/MID068.B0101.kraken2.gtdb207_ci15.output.tsv	2401957	3056239
gtdb207/MID070.A0101.kraken2.gtdb207_ci15.output.tsv	5267606	4817872
gtdb207/MID071.A0101.kraken2.gtdb207_ci15.output.tsv	5240898	4880832
gtdb207/MID072.A0101.kraken2.gtdb207_ci15.output.tsv	4539733	5950114
gtdb207/MID073.A0101.kraken2.gtdb207_ci15.output.tsv	5714821	6276435
gtdb207/MID074.A0101.kraken2.gtdb207_ci15.output.tsv	1832733	2075662
gtdb207/MID075.A0101.kraken2.gtdb207_ci15.output.tsv	1719024	2971497
gtdb207/MID076.A0101.kraken2.gtdb207_ci15.output.tsv	2983630	5293691
gtdb207/MID077.A0101.kraken2.gtdb207_ci15.output.tsv	6563399	5776445
gtdb207/MID078.A0101.kraken2.gtdb207_ci15.output.tsv	3897174	3683991
gtdb207/MID079.A0101.kraken2.gtdb207_ci15.output.tsv	6269838	3637049
gtdb207/MID080.A0101.kraken2.gtdb207_ci15.output.tsv	2477869	1741213
gtdb207/MID081.A0101.kraken2.gtdb207_ci15.output.tsv	4246446	5721029
gtdb207/MID082.A0101.kraken2.gtdb207_ci15.output.tsv	4211023	6967324
gtdb207/MID083.A0101.kraken2.gtdb207_ci15.output.tsv	4979923	5186666
gtdb207/MID084.A0101.kraken2.gtdb207_ci15.output.tsv	6230135	6935137
gtdb207/MID085.A0101.kraken2.gtdb207_ci15.output.tsv	6679591	7087971
gtdb207/MID086.A0101.kraken2.gtdb207_ci15.output.tsv	2073922	2035337
gtdb207/MID087.A0101.kraken2.gtdb207_ci15.output.tsv	4663040	3597639
gtdb207/MID088.A0101.kraken2.gtdb207_ci15.output.tsv	5886180	6129424
gtdb207/MID089.A0101.kraken2.gtdb207_ci15.output.tsv	4096011	5216953
gtdb207/MID090.A0101.kraken2.gtdb207_ci15.output.tsv	2580936	1452928
gtdb207/MID091.A0101.kraken2.gtdb207_ci15.output.tsv	6228627	7429338
gtdb207/MID092.A0101.kraken2.gtdb207_ci15.output.tsv	3469841	7304963
gtdb207/MID093.A0101.kraken2.gtdb207_ci15.output.tsv	7270067	6555884
gtdb207/MID094.A0101.kraken2.gtdb207_ci15.output.tsv	6850869	5205898
gtdb207/MID097.A0101.kraken2.gtdb207_ci15.output.tsv	4580763	5959113
gtdb207/MID101.A0101.kraken2.gtdb207_ci15.output.tsv	5456738	4320257
gtdb207/MID102.A0101.kraken2.gtdb207_ci15.output.tsv	4485796	5524827
gtdb207/MOA001.A0101.kraken2.gtdb207_ci15.output.tsv	2226507	4493748
gtdb207/MOA001.A0102.kraken2.gtdb207_ci15.output.tsv	2711819	5720079
gtdb207/NMU115.A0101.kraken2.gtdb207_ci15.output.tsv	4882856	5321725
gtdb207/NMU116.A0101.kraken2.gtdb207_ci15.output.tsv	771041	4704966
gtdb207/NMU117.A0101.kraken2.gtdb207_ci15.output.tsv	5014942	6213689
gtdb207/NMU118.A0101.kraken2.gtdb207_ci15.output.tsv	4518589	6242173
gtdb207/NMU119.A0101.kraken2.gtdb207_ci15.output.tsv	4619974	6322150
gtdb207/NMU120.A0101.kraken2.gtdb207_ci15.output.tsv	6577496	7185259
gtdb207/NMU121.A0101.kraken2.gtdb207_ci15.output.tsv	4247543	6837836
gtdb207/NMU122.A0101.kraken2.gtdb207_ci15.output.tsv	4565577	7338650
gtdb207/NMU123.A0101.kraken2.gtdb207_ci15.output.tsv	2590675	3899735
gtdb207/NMU124.A0101.kraken2.gtdb207_ci15.output.tsv	4565906	6578664
gtdb207/NMU125.A0101.kraken2.gtdb207_ci15.output.tsv	4690889	5918776
gtdb207/NMU126.A0101.kraken2.gtdb207_ci15.output.tsv	4548471	6051567
gtdb207/NMU127.A0101.kraken2.gtdb207_ci15.output.tsv	4561383	5506483
gtdb207/NMU128.A0101.kraken2.gtdb207_ci15.output.tsv	4505685	6826759
gtdb207/NMU129.A0101.kraken2.gtdb207_ci15.output.tsv	3039746	6127154
gtdb207/NMU130.A0101.kraken2.gtdb207_ci15.output.tsv	5938297	6717902
gtdb207/NMU131.A0101.kraken2.gtdb207_ci15.output.tsv	1230223	8072244
gtdb207/OAK001.A0101.kraken2.gtdb207_ci15.output.tsv	1137254	9962870
gtdb207/OAK002.A0101.kraken2.gtdb207_ci15.output.tsv	3261616	10696180
gtdb207/OAK003.A0101.kraken2.gtdb207_ci15.output.tsv	5077100	12061668
gtdb207/OAK004.A0101.kraken2.gtdb207_ci15.output.tsv	3927926	9480385
gtdb207/OAK005.A0101.kraken2.gtdb207_ci15.output.tsv	5781246	11104568
gtdb207/OFN001.A0101.kraken2.gtdb207_ci15.output.tsv	3754361	8600030
gtdb207/PAH001.A0102.kraken2.gtdb207_ci15.output.tsv	1359419	7310949
gtdb207/PAH002.A0101.kraken2.gtdb207_ci15.output.tsv	2316549	9040962
gtdb207/PAH003.A0101.kraken2.gtdb207_ci15.output.tsv	1878144	6914199
gtdb207/PES001.B0101.kraken2.gtdb207_ci15.output.tsv	4512521	7358274
gtdb207/PLV001.A0101.kraken2.gtdb207_ci15.output.tsv	2312019	9070353
gtdb207/PYK001.A0101.kraken2.gtdb207_ci15.output.tsv	3152767	12055741
gtdb207/PYK002.A0101.kraken2.gtdb207_ci15.output.tsv	6894021	10278302
gtdb207/PYK003.A0101.kraken2.gtdb207_ci15.output.tsv	4385536	10309705
gtdb207/PYK004.A0101.kraken2.gtdb207_ci15.output.tsv	7647125	9015679
gtdb207/PYK005.A0101.kraken2.gtdb207_ci15.output.tsv	7820788	13600138
gtdb207/RAP001.A0101.kraken2.gtdb207_ci15.output.tsv	6514485	7286147
gtdb207/RAP002.A0101.kraken2.gtdb207_ci15.output.tsv	3187092	7172022
gtdb207/RIG001.A0101.kraken2.gtdb207_ci15.output.tsv	5160646	20796240
gtdb207/RUV001.kraken2.gtdb207_ci15.output.tsv	1049976	9930270
gtdb207/SA-001.kraken2.gtdb207_ci15.output.tsv	6990010	8711195
gtdb207/SA-002.kraken2.gtdb207_ci15.output.tsv	3363198	8676459
gtdb207/SA-003.kraken2.gtdb207_ci15.output.tsv	4437225	6397803
gtdb207/SA-004.kraken2.gtdb207_ci15.output.tsv	4049162	9020802
gtdb207/SA-005.kraken2.gtdb207_ci15.output.tsv	7163829	7612407
gtdb207/SA-006.kraken2.gtdb207_ci15.output.tsv	4040812	6847671
gtdb207/SA-007.kraken2.gtdb207_ci15.output.tsv	4778181	7803762
gtdb207/SA-008.kraken2.gtdb207_ci15.output.tsv	5039938	9847794
gtdb207/SA-009.kraken2.gtdb207_ci15.output.tsv	4530884	9114853
gtdb207/SA-010.kraken2.gtdb207_ci15.output.tsv	3738235	6535887
gtdb207/SA-011.kraken2.gtdb207_ci15.output.tsv	5262065	8659714
gtdb207/SIG031.A0101.kraken2.gtdb207_ci15.output.tsv	4355560	7012221
gtdb207/SIG032.A0101.kraken2.gtdb207_ci15.output.tsv	4285269	7555887
gtdb207/SIG033.A0101.kraken2.gtdb207_ci15.output.tsv	3831844	7671403
gtdb207/SIG034.A0101.kraken2.gtdb207_ci15.output.tsv	4201218	8798088
gtdb207/SIG035.A0101.kraken2.gtdb207_ci15.output.tsv	3131865	8630020
gtdb207/SIG036.A0101.kraken2.gtdb207_ci15.output.tsv	1617500	10041061
gtdb207/SIG037.A0101.kraken2.gtdb207_ci15.output.tsv	1388242	10114223
gtdb207/SIG038.A0101.kraken2.gtdb207_ci15.output.tsv	1003681	5371303
gtdb207/SIG039.A0101.kraken2.gtdb207_ci15.output.tsv	812895	9951079
gtdb207/SIG040.A0101.kraken2.gtdb207_ci15.output.tsv	960410	9463060
gtdb207/SIG040.A0201.kraken2.gtdb207_ci15.output.tsv	1472676	11781527
gtdb207/SIG041.A0101.kraken2.gtdb207_ci15.output.tsv	2875294	13363023
gtdb207/SIG042.A0101.kraken2.gtdb207_ci15.output.tsv	1764615	6757368
gtdb207/SIG043.A0101.kraken2.gtdb207_ci15.output.tsv	4018262	7477349
gtdb207/SIG044.A0101.kraken2.gtdb207_ci15.output.tsv	1621967	8141886
gtdb207/SIG045.A0101.kraken2.gtdb207_ci15.output.tsv	1508487	2581527
gtdb207/SIG046.A0101.kraken2.gtdb207_ci15.output.tsv	7481535	6673193
gtdb207/SIG046.A0201.kraken2.gtdb207_ci15.output.tsv	4133420	9598230
gtdb207/SIG047.A0101.kraken2.gtdb207_ci15.output.tsv	2288162	8296388
gtdb207/SMD017.kraken2.gtdb207_ci15.output.tsv	5340090	9092871
gtdb207/SMD033.kraken2.gtdb207_ci15.output.tsv	4601371	7042510
gtdb207/SMD046.kraken2.gtdb207_ci15.output.tsv	4556240	6487533
gtdb207/SMD047.kraken2.gtdb207_ci15.output.tsv	5103788	7259194
gtdb207/SMD051.kraken2.gtdb207_ci15.output.tsv	6495390	7209466
gtdb207/SPM001.A0101.kraken2.gtdb207_ci15.output.tsv	778659	1520452
gtdb207/SPM002.A0101.kraken2.gtdb207_ci15.output.tsv	526673	821389
gtdb207/SRR11176627.kraken2.gtdb207_ci15.output.tsv	14223920	19326595
gtdb207/SRR11176628.kraken2.gtdb207_ci15.output.tsv	7958635	3360234
gtdb207/SRR11176629.kraken2.gtdb207_ci15.output.tsv	10118482	8732480
gtdb207/SRR11176630.kraken2.gtdb207_ci15.output.tsv	7023171	8516197
gtdb207/SRR11176631.kraken2.gtdb207_ci15.output.tsv	4971449	6562687
gtdb207/SRR11176632.kraken2.gtdb207_ci15.output.tsv	3619464	4841845
gtdb207/SRR11176633.kraken2.gtdb207_ci15.output.tsv	3887809	1203188
gtdb207/SRR11176634.kraken2.gtdb207_ci15.output.tsv	5021427	4809435
gtdb207/SRR11176635.kraken2.gtdb207_ci15.output.tsv	8752303	8232906
gtdb207/SRR11176636.kraken2.gtdb207_ci15.output.tsv	9657732	7590647
gtdb207/SRR11176638.kraken2.gtdb207_ci15.output.tsv	2214228	3611115
gtdb207/SRR11176639.kraken2.gtdb207_ci15.output.tsv	10074606	7134861
gtdb207/SRR11176640.kraken2.gtdb207_ci15.output.tsv	15681124	9076021
gtdb207/SRR11176641.kraken2.gtdb207_ci15.output.tsv	4692034	7562388
gtdb207/SRR11176642.kraken2.gtdb207_ci15.output.tsv	7874373	6287826
gtdb207/SRR12136712.kraken2.gtdb207_ci15.output.tsv	719776	779999
gtdb207/SRR12136713.kraken2.gtdb207_ci15.output.tsv	4099187	2770231
gtdb207/SRR12557006.kraken2.gtdb207_ci15.output.tsv	1674851	3905370
gtdb207/SRR12557007.kraken2.gtdb207_ci15.output.tsv	3273481	4790016
gtdb207/SRR12557008.kraken2.gtdb207_ci15.output.tsv	477404	1382443
gtdb207/SRR13263116.kraken2.gtdb207_ci15.output.tsv	317752	91935
gtdb207/SRR13263117.kraken2.gtdb207_ci15.output.tsv	343171	29224
gtdb207/SRR13263118.kraken2.gtdb207_ci15.output.tsv	2455156	1947002
gtdb207/SRR13263119.kraken2.gtdb207_ci15.output.tsv	116035	92775
gtdb207/SRR13263120.kraken2.gtdb207_ci15.output.tsv	7116782	8024482
gtdb207/SRR13263123.kraken2.gtdb207_ci15.output.tsv	30625177	42032695
gtdb207/SRR13263124.kraken2.gtdb207_ci15.output.tsv	30193523	37364926
gtdb207/SRR13263126.kraken2.gtdb207_ci15.output.tsv	61635	48367
gtdb207/SRR13263127.kraken2.gtdb207_ci15.output.tsv	81692	52857
gtdb207/SRR13263128.kraken2.gtdb207_ci15.output.tsv	166117	122086
gtdb207/SRR13263130.kraken2.gtdb207_ci15.output.tsv	8222812	14541129
gtdb207/SRR13263131.kraken2.gtdb207_ci15.output.tsv	2747433	3301977
gtdb207/SRR13263132.kraken2.gtdb207_ci15.output.tsv	108050	74022
gtdb207/SRR13263133.kraken2.gtdb207_ci15.output.tsv	36833	29888
gtdb207/SRR13263134.kraken2.gtdb207_ci15.output.tsv	104209	104346
gtdb207/SRR13263135.kraken2.gtdb207_ci15.output.tsv	126477	118642
gtdb207/SRR13263136.kraken2.gtdb207_ci15.output.tsv	957884	639395
gtdb207/SRR13263137.kraken2.gtdb207_ci15.output.tsv	2954797	2622968
gtdb207/SRR13263138.kraken2.gtdb207_ci15.output.tsv	754097	332718
gtdb207/SRR13355784.kraken2.gtdb207_ci15.output.tsv	408572	244023
gtdb207/SRR13355785.kraken2.gtdb207_ci15.output.tsv	202389	281131
gtdb207/SRR13355786.kraken2.gtdb207_ci15.output.tsv	393581	207004
gtdb207/SRR13355787.kraken2.gtdb207_ci15.output.tsv	223761	204495
gtdb207/SRR13355789.kraken2.gtdb207_ci15.output.tsv	217581	289636
gtdb207/SRR13355790.kraken2.gtdb207_ci15.output.tsv	177121	162306
gtdb207/SRR13355791.kraken2.gtdb207_ci15.output.tsv	752177	696324
gtdb207/SRR13355792.kraken2.gtdb207_ci15.output.tsv	230920	199285
gtdb207/SRR13355794.kraken2.gtdb207_ci15.output.tsv	93822	161251
gtdb207/SRR13355796.kraken2.gtdb207_ci15.output.tsv	2995393	1928329
gtdb207/SRR13355797.kraken2.gtdb207_ci15.output.tsv	3026741	2986359
gtdb207/SRR13355798.kraken2.gtdb207_ci15.output.tsv	6116569	4102449
gtdb207/SRR13355799.kraken2.gtdb207_ci15.output.tsv	3240622	1692440
gtdb207/SRR13355800.kraken2.gtdb207_ci15.output.tsv	4185735	2074728
gtdb207/SRR13355801.kraken2.gtdb207_ci15.output.tsv	4029568	2125860
gtdb207/SRR13355802.kraken2.gtdb207_ci15.output.tsv	296951	324457
gtdb207/SRR13355803.kraken2.gtdb207_ci15.output.tsv	273346	241045
gtdb207/SRR13355804.kraken2.gtdb207_ci15.output.tsv	220342	182449
gtdb207/SRR13355805.kraken2.gtdb207_ci15.output.tsv	159639	208248
gtdb207/SRR13355806.kraken2.gtdb207_ci15.output.tsv	253102	475142
gtdb207/SRR13355807.kraken2.gtdb207_ci15.output.tsv	236774	313798
gtdb207/SRR13355808.kraken2.gtdb207_ci15.output.tsv	140551	516181
gtdb207/SRR13355809.kraken2.gtdb207_ci15.output.tsv	232540	199248
gtdb207/SRR13355810.kraken2.gtdb207_ci15.output.tsv	75475	64874
gtdb207/SRR13355811.kraken2.gtdb207_ci15.output.tsv	250778	256911
gtdb207/SRR13355812.kraken2.gtdb207_ci15.output.tsv	184556	257541
gtdb207/SRR13355813.kraken2.gtdb207_ci15.output.tsv	200226	205312
gtdb207/SRR14894172.kraken2.gtdb207_ci15.output.tsv	5630846	12601399
gtdb207/SRR14894173.kraken2.gtdb207_ci15.output.tsv	4166504	9910270
gtdb207/SRR14894174.kraken2.gtdb207_ci15.output.tsv	3891645	13642323
gtdb207/SRR14894175.kraken2.gtdb207_ci15.output.tsv	4320595	14262435
gtdb207/SRR14894176.kraken2.gtdb207_ci15.output.tsv	4790576	11846824
gtdb207/SRR14894177.kraken2.gtdb207_ci15.output.tsv	6998475	12049263
gtdb207/SRR1646030.kraken2.gtdb207_ci15.output.tsv	633323	598379
gtdb207/SRR1646031.kraken2.gtdb207_ci15.output.tsv	2254964	1658704
gtdb207/SRR1646032.kraken2.gtdb207_ci15.output.tsv	80979	79452
gtdb207/SRR1646033.kraken2.gtdb207_ci15.output.tsv	560897	618780
gtdb207/SRR1646038.kraken2.gtdb207_ci15.output.tsv	1245903	591326
gtdb207/SRR1646039.kraken2.gtdb207_ci15.output.tsv	474248	341299
gtdb207/SRR1646040.kraken2.gtdb207_ci15.output.tsv	1645046	1512582
gtdb207/SRR1646041.kraken2.gtdb207_ci15.output.tsv	6588	7650
gtdb207/SRR1646042.kraken2.gtdb207_ci15.output.tsv	710881	646569
gtdb207/SRR1646043.kraken2.gtdb207_ci15.output.tsv	408035	313990
gtdb207/SRR1646044.kraken2.gtdb207_ci15.output.tsv	469610	328688
gtdb207/SRR1646045.kraken2.gtdb207_ci15.output.tsv	88289	58495
gtdb207/SRR1646046.kraken2.gtdb207_ci15.output.tsv	869136	522866
gtdb207/SRR1646047.kraken2.gtdb207_ci15.output.tsv	318704	218881
gtdb207/SRR17604731.kraken2.gtdb207_ci15.output.tsv	8937023	67662556
gtdb207/SRR17604732.kraken2.gtdb207_ci15.output.tsv	5837518	9131676
gtdb207/SRR17604735.kraken2.gtdb207_ci15.output.tsv	2885995	8704767
gtdb207/SRR17604736.kraken2.gtdb207_ci15.output.tsv	4028547	7638224
gtdb207/SRR17604737.kraken2.gtdb207_ci15.output.tsv	3828663	9358988
gtdb207/SRR17604738.kraken2.gtdb207_ci15.output.tsv	3020685	6958453
gtdb207/SRR17604739.kraken2.gtdb207_ci15.output.tsv	4651691	7927406
gtdb207/SRR17604740.kraken2.gtdb207_ci15.output.tsv	1728840	8827735
gtdb207/SRR17604741.kraken2.gtdb207_ci15.output.tsv	135102	252334
gtdb207/SRR17604742.kraken2.gtdb207_ci15.output.tsv	3911337	6947975
gtdb207/SRR17604743.kraken2.gtdb207_ci15.output.tsv	3937250	6458848
gtdb207/SRR17604744.kraken2.gtdb207_ci15.output.tsv	4234093	6534124
gtdb207/SRR17604745.kraken2.gtdb207_ci15.output.tsv	3665349	10527046
gtdb207/SRR17604746.kraken2.gtdb207_ci15.output.tsv	4971116	7793941
gtdb207/SRR17604747.kraken2.gtdb207_ci15.output.tsv	4342652	8126477
gtdb207/SRR17604748.kraken2.gtdb207_ci15.output.tsv	2957643	6284834
gtdb207/SRR17604749.kraken2.gtdb207_ci15.output.tsv	2899568	6614130
gtdb207/SRR17604750.kraken2.gtdb207_ci15.output.tsv	3017042	10475904
gtdb207/SRR17604751.kraken2.gtdb207_ci15.output.tsv	6063498	10331676
gtdb207/SRR17604752.kraken2.gtdb207_ci15.output.tsv	2825236	6111385
gtdb207/SRR17604753.kraken2.gtdb207_ci15.output.tsv	3175069	12029684
gtdb207/SRR17604754.kraken2.gtdb207_ci15.output.tsv	1038117	8101517
gtdb207/SRR17604755.kraken2.gtdb207_ci15.output.tsv	1981799	8335048
gtdb207/SRR17604756.kraken2.gtdb207_ci15.output.tsv	3202703	8606170
gtdb207/SRR17604757.kraken2.gtdb207_ci15.output.tsv	11796861	23116326
gtdb207/SRR17604758.kraken2.gtdb207_ci15.output.tsv	5151298	9647303
gtdb207/SRR17604759.kraken2.gtdb207_ci15.output.tsv	2307216	7432698
gtdb207/SRR17604760.kraken2.gtdb207_ci15.output.tsv	6264004	13324960
gtdb207/SRR17604761.kraken2.gtdb207_ci15.output.tsv	4485378	35267201
gtdb207/SRR17604762.kraken2.gtdb207_ci15.output.tsv	5123573	12791852
gtdb207/SRR17604763.kraken2.gtdb207_ci15.output.tsv	5460385	8424439
gtdb207/SRR17604764.kraken2.gtdb207_ci15.output.tsv	6370377	13692450
gtdb207/SRR17604765.kraken2.gtdb207_ci15.output.tsv	108439	232300
gtdb207/SRR17604766.kraken2.gtdb207_ci15.output.tsv	80900	201213
gtdb207/SRR17604767.kraken2.gtdb207_ci15.output.tsv	134860	231901
gtdb207/SRR17604768.kraken2.gtdb207_ci15.output.tsv	200370	177465
gtdb207/SRR17604769.kraken2.gtdb207_ci15.output.tsv	111490	225401
gtdb207/SRR17604770.kraken2.gtdb207_ci15.output.tsv	84535	242817
gtdb207/SRR17604771.kraken2.gtdb207_ci15.output.tsv	3331599	8540352
gtdb207/SRR17604772.kraken2.gtdb207_ci15.output.tsv	769920	2447413
gtdb207/SRR17604773.kraken2.gtdb207_ci15.output.tsv	748316	3089667
gtdb207/SRR17604774.kraken2.gtdb207_ci15.output.tsv	911710	3553431
gtdb207/SRR17604775.kraken2.gtdb207_ci15.output.tsv	2001799	7991112
gtdb207/SRR17604776.kraken2.gtdb207_ci15.output.tsv	1833852	6555063
gtdb207/SRR17604777.kraken2.gtdb207_ci15.output.tsv	6273142	10044567
gtdb207/SRR17604778.kraken2.gtdb207_ci15.output.tsv	3429467	9263158
gtdb207/SRR17604779.kraken2.gtdb207_ci15.output.tsv	1916094	14998049
gtdb207/SRR17604780.kraken2.gtdb207_ci15.output.tsv	5607058	22329021
gtdb207/SRR17604781.kraken2.gtdb207_ci15.output.tsv	1767218	17199426
gtdb207/SRR17604782.kraken2.gtdb207_ci15.output.tsv	1694160	10999105
gtdb207/SRR17604783.kraken2.gtdb207_ci15.output.tsv	3523222	41098041
gtdb207/SRR17604784.kraken2.gtdb207_ci15.output.tsv	4292818	40320673
gtdb207/SRR17604785.kraken2.gtdb207_ci15.output.tsv	2077712	2970351
gtdb207/SRR17604786.kraken2.gtdb207_ci15.output.tsv	2247115	11088984
gtdb207/SRR17604787.kraken2.gtdb207_ci15.output.tsv	2083158	11300876
gtdb207/SRR17604788.kraken2.gtdb207_ci15.output.tsv	1790142	11722604
gtdb207/SRR17604789.kraken2.gtdb207_ci15.output.tsv	2382490	12573245
gtdb207/SRR17604790.kraken2.gtdb207_ci15.output.tsv	1344995	6801635
gtdb207/SRR17604791.kraken2.gtdb207_ci15.output.tsv	4340607	9134222
gtdb207/SRR17604792.kraken2.gtdb207_ci15.output.tsv	5748303	9103969
gtdb207/SRR17604793.kraken2.gtdb207_ci15.output.tsv	5124267	12473738
gtdb207/SRR17604794.kraken2.gtdb207_ci15.output.tsv	112765	232255
gtdb207/SRR17604795.kraken2.gtdb207_ci15.output.tsv	4414267	7424834
gtdb207/SRR17604796.kraken2.gtdb207_ci15.output.tsv	5246915	6168159
gtdb207/SRR17604797.kraken2.gtdb207_ci15.output.tsv	2963698	7079204
gtdb207/SRR17604798.kraken2.gtdb207_ci15.output.tsv	2798546	6845931
gtdb207/SRR17604799.kraken2.gtdb207_ci15.output.tsv	1437350	4854588
gtdb207/SRR17604800.kraken2.gtdb207_ci15.output.tsv	2181429	5997454
gtdb207/SRR17604801.kraken2.gtdb207_ci15.output.tsv	2051915	13309401
gtdb207/SRR17604802.kraken2.gtdb207_ci15.output.tsv	60882	381314
gtdb207/SRR17604803.kraken2.gtdb207_ci15.output.tsv	121858	250108
gtdb207/SRR17604804.kraken2.gtdb207_ci15.output.tsv	3467719	10901504
gtdb207/SRR17604805.kraken2.gtdb207_ci15.output.tsv	3460438	9852506
gtdb207/SRR17604806.kraken2.gtdb207_ci15.output.tsv	1184869	9261112
gtdb207/SRR17604807.kraken2.gtdb207_ci15.output.tsv	3190632	6536749
gtdb207/SRR17604808.kraken2.gtdb207_ci15.output.tsv	4364442	9452002
gtdb207/SRR5297130.kraken2.gtdb207_ci15.output.tsv	2179599	4704693
gtdb207/SRR5297131.kraken2.gtdb207_ci15.output.tsv	545056	1718138
gtdb207/SRR5297132.kraken2.gtdb207_ci15.output.tsv	1012062	1727707
gtdb207/SRR5297133.kraken2.gtdb207_ci15.output.tsv	909893	2394671
gtdb207/SRR6877282.kraken2.gtdb207_ci15.output.tsv	6157069	4989674
gtdb207/SRR6877284.kraken2.gtdb207_ci15.output.tsv	10384367	13860118
gtdb207/SRR6877286.kraken2.gtdb207_ci15.output.tsv	3688178	4989279
gtdb207/SRR6877288.kraken2.gtdb207_ci15.output.tsv	3969293	7386496
gtdb207/SRR6877290.kraken2.gtdb207_ci15.output.tsv	4972492	4579895
gtdb207/SRR6877292.kraken2.gtdb207_ci15.output.tsv	5281052	10131462
gtdb207/SRR6877310.kraken2.gtdb207_ci15.output.tsv	2922028	3413265
gtdb207/SRR6877312.kraken2.gtdb207_ci15.output.tsv	2599386	3521070
gtdb207/SRR6877323.kraken2.gtdb207_ci15.output.tsv	3969305	7956206
gtdb207/SRR6877324.kraken2.gtdb207_ci15.output.tsv	4226335	4587001
gtdb207/SRR6877326.kraken2.gtdb207_ci15.output.tsv	3047802	4120328
gtdb207/SRR6877393.kraken2.gtdb207_ci15.output.tsv	4301673	3480554
gtdb207/SRS011098.kraken2.gtdb207_ci15.output.tsv	29158643	10668553
gtdb207/SRS011126.kraken2.gtdb207_ci15.output.tsv	52373688	12831374
gtdb207/SRS011152.kraken2.gtdb207_ci15.output.tsv	34496753	7448766
gtdb207/SRS011247.kraken2.gtdb207_ci15.output.tsv	16001714	1814420
gtdb207/SRS011255.kraken2.gtdb207_ci15.output.tsv	22403630	6225500
gtdb207/SRS011310.kraken2.gtdb207_ci15.output.tsv	13712804	2112895
gtdb207/SRS011343.kraken2.gtdb207_ci15.output.tsv	25529221	6160147
gtdb207/SRS012285.kraken2.gtdb207_ci15.output.tsv	39771181	8005500
gtdb207/SRS013170.kraken2.gtdb207_ci15.output.tsv	38902537	10671557
gtdb207/SRS013252.kraken2.gtdb207_ci15.output.tsv	48397216	13083537
gtdb207/SRS013506.kraken2.gtdb207_ci15.output.tsv	10246160	2338046
gtdb207/SRS013533.kraken2.gtdb207_ci15.output.tsv	28775346	9694848
gtdb207/SRS013723.kraken2.gtdb207_ci15.output.tsv	54232335	13100115
gtdb207/SRS013836.kraken2.gtdb207_ci15.output.tsv	19242385	5453540
gtdb207/SRS013942.kraken2.gtdb207_ci15.output.tsv	3890362	632982
gtdb207/SRS013945.kraken2.gtdb207_ci15.output.tsv	22863513	2190498
gtdb207/SRS013949.kraken2.gtdb207_ci15.output.tsv	43709959	7235183
gtdb207/SRS013950.kraken2.gtdb207_ci15.output.tsv	16015379	4744686
gtdb207/SRS014107.kraken2.gtdb207_ci15.output.tsv	5759170	1335555
gtdb207/SRS014468.kraken2.gtdb207_ci15.output.tsv	1119049	398433
gtdb207/SRS014476.kraken2.gtdb207_ci15.output.tsv	26796252	8403107
gtdb207/SRS014477.kraken2.gtdb207_ci15.output.tsv	4701417	2151699
gtdb207/SRS014578.kraken2.gtdb207_ci15.output.tsv	30764666	7824953
gtdb207/SRS014690.kraken2.gtdb207_ci15.output.tsv	36723028	9318946
gtdb207/SRS014691.kraken2.gtdb207_ci15.output.tsv	16536326	5308970
gtdb207/SRS014692.kraken2.gtdb207_ci15.output.tsv	7829061	2414711
gtdb207/SRS014894.kraken2.gtdb207_ci15.output.tsv	23030147	3523155
gtdb207/SRS015044.kraken2.gtdb207_ci15.output.tsv	33156542	8420698
gtdb207/SRS015055.kraken2.gtdb207_ci15.output.tsv	3750159	1010935
gtdb207/SRS015063.kraken2.gtdb207_ci15.output.tsv	33946666	7468361
gtdb207/SRS015064.kraken2.gtdb207_ci15.output.tsv	15102673	3527338
gtdb207/SRS015158.kraken2.gtdb207_ci15.output.tsv	40828756	8906460
gtdb207/SRS015215.kraken2.gtdb207_ci15.output.tsv	33476394	7665644
gtdb207/SRS015278.kraken2.gtdb207_ci15.output.tsv	28554750	7383835
gtdb207/SRS015378.kraken2.gtdb207_ci15.output.tsv	13645542	2489022
gtdb207/SRS015436.kraken2.gtdb207_ci15.output.tsv	12512715	2072642
gtdb207/SRS015440.kraken2.gtdb207_ci15.output.tsv	42683763	7796478
gtdb207/SRS015470.kraken2.gtdb207_ci15.output.tsv	43166224	9040559
gtdb207/SRS015574.kraken2.gtdb207_ci15.output.tsv	33497024	8412603
gtdb207/SRS015650.kraken2.gtdb207_ci15.output.tsv	17847767	3270510
gtdb207/SRS015755.kraken2.gtdb207_ci15.output.tsv	14420533	3082568
gtdb207/SRS015799.kraken2.gtdb207_ci15.output.tsv	9418175	1009133
gtdb207/SRS015803.kraken2.gtdb207_ci15.output.tsv	35553048	10294221
gtdb207/SRS015899.kraken2.gtdb207_ci15.output.tsv	42285556	8472065
gtdb207/SRS015947.kraken2.gtdb207_ci15.output.tsv	29471127	8081931
gtdb207/SRS015989.kraken2.gtdb207_ci15.output.tsv	36933328	7010319
gtdb207/SRS016043.kraken2.gtdb207_ci15.output.tsv	24814275	5190324
gtdb207/SRS016092.kraken2.gtdb207_ci15.output.tsv	31623041	4544625
gtdb207/SRS016200.kraken2.gtdb207_ci15.output.tsv	36922593	7313062
gtdb207/SRS016331.kraken2.gtdb207_ci15.output.tsv	26464557	8182879
gtdb207/SRS016360.kraken2.gtdb207_ci15.output.tsv	39651693	9140222
gtdb207/SRS016541.kraken2.gtdb207_ci15.output.tsv	26791545	5936623
gtdb207/SRS016575.kraken2.gtdb207_ci15.output.tsv	33134968	9048860
gtdb207/SRS016746.kraken2.gtdb207_ci15.output.tsv	40842639	9866257
gtdb207/SRS017025.kraken2.gtdb207_ci15.output.tsv	20421452	2731793
gtdb207/SRS017088.kraken2.gtdb207_ci15.output.tsv	9552353	1238970
gtdb207/SRS017139.kraken2.gtdb207_ci15.output.tsv	60325508	14348690
gtdb207/SRS017227.kraken2.gtdb207_ci15.output.tsv	55949810	16697775
gtdb207/SRS017304.kraken2.gtdb207_ci15.output.tsv	25424932	5242889
gtdb207/SRS017445.kraken2.gtdb207_ci15.output.tsv	65095667	12072489
gtdb207/SRS017511.kraken2.gtdb207_ci15.output.tsv	37341713	10111898
gtdb207/SRS017691.kraken2.gtdb207_ci15.output.tsv	35298802	9596707
gtdb207/SRS017814.kraken2.gtdb207_ci15.output.tsv	16992340	5136356
gtdb207/SRS018157.kraken2.gtdb207_ci15.output.tsv	46053522	14711021
gtdb207/SRS018337.kraken2.gtdb207_ci15.output.tsv	21455285	3674506
gtdb207/SRS018359.kraken2.gtdb207_ci15.output.tsv	8262990	1270499
gtdb207/SRS018394.kraken2.gtdb207_ci15.output.tsv	37977794	11074795
gtdb207/SRS018573.kraken2.gtdb207_ci15.output.tsv	34357104	6393521
gtdb207/SRS018665.kraken2.gtdb207_ci15.output.tsv	44126959	10271430
gtdb207/SRS018778.kraken2.gtdb207_ci15.output.tsv	12327935	2747208
gtdb207/SRS018975.kraken2.gtdb207_ci15.output.tsv	30099663	5903535
gtdb207/SRS019028.kraken2.gtdb207_ci15.output.tsv	39144079	12352496
gtdb207/SRS019029.kraken2.gtdb207_ci15.output.tsv	16719368	6332248
gtdb207/SRS019077.kraken2.gtdb207_ci15.output.tsv	32568346	7094167
gtdb207/SRS019120.kraken2.gtdb207_ci15.output.tsv	4297133	817639
gtdb207/SRS019124.kraken2.gtdb207_ci15.output.tsv	14151496	2507795
gtdb207/SRS019128.kraken2.gtdb207_ci15.output.tsv	29744019	6700082
gtdb207/SRS019129.kraken2.gtdb207_ci15.output.tsv	11154746	2796987
gtdb207/SRS019225.kraken2.gtdb207_ci15.output.tsv	16705973	5459071
gtdb207/SRS019333.kraken2.gtdb207_ci15.output.tsv	13475312	2009209
gtdb207/SRS019387.kraken2.gtdb207_ci15.output.tsv	19343214	4490739
gtdb207/SRS019587.kraken2.gtdb207_ci15.output.tsv	13692368	1399409
gtdb207/SRS019591.kraken2.gtdb207_ci15.output.tsv	38024622	5309137
gtdb207/SRS019906.kraken2.gtdb207_ci15.output.tsv	24047781	8777000
gtdb207/SRS019980.kraken2.gtdb207_ci15.output.tsv	39329324	7400903
gtdb207/SRS020226.kraken2.gtdb207_ci15.output.tsv	42348956	9781261
gtdb207/SRS020340.kraken2.gtdb207_ci15.output.tsv	46734446	8704314
gtdb207/SRS020862.kraken2.gtdb207_ci15.output.tsv	18104057	3452507
gtdb207/SRS021477.kraken2.gtdb207_ci15.output.tsv	39338092	7639595
gtdb207/SRS021960.kraken2.gtdb207_ci15.output.tsv	13681404	3474689
gtdb207/SRS022083.kraken2.gtdb207_ci15.output.tsv	18271251	3064055
gtdb207/SRS022149.kraken2.gtdb207_ci15.output.tsv	13308917	6312096
gtdb207/SRS022536.kraken2.gtdb207_ci15.output.tsv	66126196	18740768
gtdb207/SRS022602.kraken2.gtdb207_ci15.output.tsv	38255147	12237066
gtdb207/SRS022725.kraken2.gtdb207_ci15.output.tsv	70165655	28749634
gtdb207/SRS023358.kraken2.gtdb207_ci15.output.tsv	16385981	4890780
gtdb207/SRS023538.kraken2.gtdb207_ci15.output.tsv	19694098	7906844
gtdb207/SRS023595.kraken2.gtdb207_ci15.output.tsv	47857846	17442521
gtdb207/SRS023841.kraken2.gtdb207_ci15.output.tsv	14726887	3766581
gtdb207/SRS023938.kraken2.gtdb207_ci15.output.tsv	68118641	15705116
gtdb207/SRS023964.kraken2.gtdb207_ci15.output.tsv	25908067	5575726
gtdb207/SRS024021.kraken2.gtdb207_ci15.output.tsv	48189534	6940885
gtdb207/SRS024087.kraken2.gtdb207_ci15.output.tsv	38243994	13444706
gtdb207/SRS024144.kraken2.gtdb207_ci15.output.tsv	14468489	2739495
gtdb207/SRS024281.kraken2.gtdb207_ci15.output.tsv	27126398	1316924
gtdb207/SRS024289.kraken2.gtdb207_ci15.output.tsv	25008147	4389731
gtdb207/SRS024355.kraken2.gtdb207_ci15.output.tsv	66238513	17635274
gtdb207/SRS024381.kraken2.gtdb207_ci15.output.tsv	31748131	8585495
gtdb207/SRS024447.kraken2.gtdb207_ci15.output.tsv	39602495	7615424
gtdb207/SRS024561.kraken2.gtdb207_ci15.output.tsv	23719130	5552614
gtdb207/SRS024649.kraken2.gtdb207_ci15.output.tsv	26074915	8513033
gtdb207/SRS042984.kraken2.gtdb207_ci15.output.tsv	64105596	17477819
gtdb207/SRS043018.kraken2.gtdb207_ci15.output.tsv	29175271	7470790
gtdb207/SRS043239.kraken2.gtdb207_ci15.output.tsv	8873747	1909684
gtdb207/SRS043755.kraken2.gtdb207_ci15.output.tsv	19739610	5677989
gtdb207/SRS043772.kraken2.gtdb207_ci15.output.tsv	17579976	4603588
gtdb207/SRS044366.kraken2.gtdb207_ci15.output.tsv	5253694	877882
gtdb207/SRS045197.kraken2.gtdb207_ci15.output.tsv	40380495	13233505
gtdb207/SRS045313.kraken2.gtdb207_ci15.output.tsv	8315860	2386655
gtdb207/SRS047100.kraken2.gtdb207_ci15.output.tsv	31896269	5210344
gtdb207/SRS047113.kraken2.gtdb207_ci15.output.tsv	38424506	11816884
gtdb207/SRS047265.kraken2.gtdb207_ci15.output.tsv	7862945	2516290
gtdb207/SRS047634.kraken2.gtdb207_ci15.output.tsv	38268671	12442121
gtdb207/SRS049268.kraken2.gtdb207_ci15.output.tsv	33199039	8300530
gtdb207/SRS049318.kraken2.gtdb207_ci15.output.tsv	51059524	18043247
gtdb207/SRS051244.kraken2.gtdb207_ci15.output.tsv	24863122	6658586
gtdb207/SRS051378.kraken2.gtdb207_ci15.output.tsv	12191822	2655728
gtdb207/SRS051930.kraken2.gtdb207_ci15.output.tsv	31633383	6443778
gtdb207/SRS051941.kraken2.gtdb207_ci15.output.tsv	38838555	9889315
gtdb207/SRS052604.kraken2.gtdb207_ci15.output.tsv	9823250	1881352
gtdb207/SRS052874.kraken2.gtdb207_ci15.output.tsv	13092190	1144349
gtdb207/SRS052876.kraken2.gtdb207_ci15.output.tsv	33480886	7466035
gtdb207/SRS053584.kraken2.gtdb207_ci15.output.tsv	23649845	4506762
gtdb207/SRS053630.kraken2.gtdb207_ci15.output.tsv	33050531	8128993
gtdb207/SRS053917.kraken2.gtdb207_ci15.output.tsv	81468966	27986592
gtdb207/SRS054430.kraken2.gtdb207_ci15.output.tsv	13180512	3568368
gtdb207/SRS054653.kraken2.gtdb207_ci15.output.tsv	21719234	4050221
gtdb207/SRS055378.kraken2.gtdb207_ci15.output.tsv	36035859	11102654
gtdb207/SRS055401.kraken2.gtdb207_ci15.output.tsv	19455592	4658457
gtdb207/SRS055450.kraken2.gtdb207_ci15.output.tsv	16017712	5649306
gtdb207/SRS056892.kraken2.gtdb207_ci15.output.tsv	14515860	1320638
gtdb207/SRS058053.kraken2.gtdb207_ci15.output.tsv	35659704	11486540
gtdb207/SRS058105.kraken2.gtdb207_ci15.output.tsv	13715765	1107364
gtdb207/SRS058808.kraken2.gtdb207_ci15.output.tsv	30114176	9697144
gtdb207/SRS063215.kraken2.gtdb207_ci15.output.tsv	13844958	3523653
gtdb207/SRS063603.kraken2.gtdb207_ci15.output.tsv	34147578	10142091
gtdb207/SRS063999.kraken2.gtdb207_ci15.output.tsv	40689328	11665050
gtdb207/SRS064219.kraken2.gtdb207_ci15.output.tsv	1215624	300707
gtdb207/SRS064329.kraken2.gtdb207_ci15.output.tsv	37030655	6397552
gtdb207/SRS064449.kraken2.gtdb207_ci15.output.tsv	43194201	9331058
gtdb207/SRS064493.kraken2.gtdb207_ci15.output.tsv	7931668	1112999
gtdb207/SRS065099.kraken2.gtdb207_ci15.output.tsv	32799335	9547230
gtdb207/SRS065310.kraken2.gtdb207_ci15.output.tsv	7585836	2009467
gtdb207/SRS075410.kraken2.gtdb207_ci15.output.tsv	54138249	13179226
gtdb207/SRS475533.kraken2.gtdb207_ci15.output.tsv	377885	119517
gtdb207/SRS475535.kraken2.gtdb207_ci15.output.tsv	148144	65162
gtdb207/SRS475536.kraken2.gtdb207_ci15.output.tsv	102372	36419
gtdb207/SRS475538.kraken2.gtdb207_ci15.output.tsv	38143	39050
gtdb207/SRS475543.kraken2.gtdb207_ci15.output.tsv	70420	29317
gtdb207/SRS475544.kraken2.gtdb207_ci15.output.tsv	191373	76850
gtdb207/SRS475547.kraken2.gtdb207_ci15.output.tsv	103494	57193
gtdb207/SRS475548.kraken2.gtdb207_ci15.output.tsv	71372	96170
gtdb207/SRS475563.kraken2.gtdb207_ci15.output.tsv	89341	44233
gtdb207/SRS475569.kraken2.gtdb207_ci15.output.tsv	25652	26745
gtdb207/SRS475571.kraken2.gtdb207_ci15.output.tsv	45052	30104
gtdb207/SRS475573.kraken2.gtdb207_ci15.output.tsv	24916	38699
gtdb207/SRS475576.kraken2.gtdb207_ci15.output.tsv	99985	17301
gtdb207/SRS475579.kraken2.gtdb207_ci15.output.tsv	53477	30880
gtdb207/SRS475583.kraken2.gtdb207_ci15.output.tsv	45467	26455
gtdb207/SRS475584.kraken2.gtdb207_ci15.output.tsv	88195	36942
gtdb207/SRS475587.kraken2.gtdb207_ci15.output.tsv	43387	31406
gtdb207/SRS475588.kraken2.gtdb207_ci15.output.tsv	172309	445578
gtdb207/SRS475590.kraken2.gtdb207_ci15.output.tsv	29661	23367
gtdb207/SRS475591.kraken2.gtdb207_ci15.output.tsv	65671	48892
gtdb207/SRS475592.kraken2.gtdb207_ci15.output.tsv	44251	33360
gtdb207/SRS475593.kraken2.gtdb207_ci15.output.tsv	74839	51298
gtdb207/SRS475595.kraken2.gtdb207_ci15.output.tsv	244609	81888
gtdb207/SRS475596.kraken2.gtdb207_ci15.output.tsv	16075	25576
gtdb207/SRS475597.kraken2.gtdb207_ci15.output.tsv	93197	43185
gtdb207/SRS475599.kraken2.gtdb207_ci15.output.tsv	162296	63933
gtdb207/SRS475600.kraken2.gtdb207_ci15.output.tsv	61279	41081
gtdb207/SRS475601.kraken2.gtdb207_ci15.output.tsv	117653	43301
gtdb207/SRS475605.kraken2.gtdb207_ci15.output.tsv	52335	21784
gtdb207/SRS475609.kraken2.gtdb207_ci15.output.tsv	52792	40482
gtdb207/SRS475616.kraken2.gtdb207_ci15.output.tsv	16427	15171
gtdb207/SRS475618.kraken2.gtdb207_ci15.output.tsv	145016	52556
gtdb207/SRS475619.kraken2.gtdb207_ci15.output.tsv	1440488	382217
gtdb207/SRS475622.kraken2.gtdb207_ci15.output.tsv	31560	23859
gtdb207/SRS475628.kraken2.gtdb207_ci15.output.tsv	26015	23830
gtdb207/SRS475635.kraken2.gtdb207_ci15.output.tsv	61297	48291
gtdb207/SRS475646.kraken2.gtdb207_ci15.output.tsv	66262	52732
gtdb207/SRS475649.kraken2.gtdb207_ci15.output.tsv	461351	134867
gtdb207/SRS475650.kraken2.gtdb207_ci15.output.tsv	29719	21054
gtdb207/SRS475653.kraken2.gtdb207_ci15.output.tsv	74976	49119
gtdb207/SRS475654.kraken2.gtdb207_ci15.output.tsv	17191	21957
gtdb207/SRS475655.kraken2.gtdb207_ci15.output.tsv	63857	40627
gtdb207/SRS475660.kraken2.gtdb207_ci15.output.tsv	961594	227149
gtdb207/SRS475663.kraken2.gtdb207_ci15.output.tsv	67093	34860
gtdb207/SRS475665.kraken2.gtdb207_ci15.output.tsv	126086	44854
gtdb207/SRS475668.kraken2.gtdb207_ci15.output.tsv	122584	68558
gtdb207/SRS475669.kraken2.gtdb207_ci15.output.tsv	230536	82758
gtdb207/SRS475670.kraken2.gtdb207_ci15.output.tsv	158265	68316
gtdb207/SRS475672.kraken2.gtdb207_ci15.output.tsv	119756	62009
gtdb207/SRS475676.kraken2.gtdb207_ci15.output.tsv	460296	140495
gtdb207/SRS475677.kraken2.gtdb207_ci15.output.tsv	149554	48461
gtdb207/SRS475678.kraken2.gtdb207_ci15.output.tsv	45574	29503
gtdb207/SRS475679.kraken2.gtdb207_ci15.output.tsv	166800	46397
gtdb207/SRS475683.kraken2.gtdb207_ci15.output.tsv	54389	36428
gtdb207/SRS475685.kraken2.gtdb207_ci15.output.tsv	131221	45463
gtdb207/SRS475686.kraken2.gtdb207_ci15.output.tsv	79682	31401
gtdb207/SRS475687.kraken2.gtdb207_ci15.output.tsv	146978	53555
gtdb207/SRS475691.kraken2.gtdb207_ci15.output.tsv	85999	37546
gtdb207/SRS475696.kraken2.gtdb207_ci15.output.tsv	55091	46644
gtdb207/SRS475697.kraken2.gtdb207_ci15.output.tsv	191073	76781
gtdb207/SRS475699.kraken2.gtdb207_ci15.output.tsv	282382	110095
gtdb207/SRS475700.kraken2.gtdb207_ci15.output.tsv	178368	66555
gtdb207/SRS475704.kraken2.gtdb207_ci15.output.tsv	63432	35842
gtdb207/SRS475706.kraken2.gtdb207_ci15.output.tsv	254291	88203
gtdb207/SRS475707.kraken2.gtdb207_ci15.output.tsv	143141	63526
gtdb207/SRS475708.kraken2.gtdb207_ci15.output.tsv	382540	133345
gtdb207/SRS475710.kraken2.gtdb207_ci15.output.tsv	71041	46839
gtdb207/SRS475711.kraken2.gtdb207_ci15.output.tsv	148923	80529
gtdb207/SRS475718.kraken2.gtdb207_ci15.output.tsv	55974	37628
gtdb207/SRS475719.kraken2.gtdb207_ci15.output.tsv	165159	76536
gtdb207/SRS475720.kraken2.gtdb207_ci15.output.tsv	187054	91937
gtdb207/SRS475724.kraken2.gtdb207_ci15.output.tsv	121223	45733
gtdb207/SRS475725.kraken2.gtdb207_ci15.output.tsv	183855	81533
gtdb207/SRS475916.kraken2.gtdb207_ci15.output.tsv	62296	26897
gtdb207/SRS475917.kraken2.gtdb207_ci15.output.tsv	84182	21692
gtdb207/SRS475918.kraken2.gtdb207_ci15.output.tsv	61519	39385
gtdb207/SRS475919.kraken2.gtdb207_ci15.output.tsv	28062	23455
gtdb207/SRS475922.kraken2.gtdb207_ci15.output.tsv	37095	35818
gtdb207/SRS475923.kraken2.gtdb207_ci15.output.tsv	273993	85125
gtdb207/SRS475926.kraken2.gtdb207_ci15.output.tsv	85336	43682
gtdb207/SRS475927.kraken2.gtdb207_ci15.output.tsv	48203	41414
gtdb207/SRS475930.kraken2.gtdb207_ci15.output.tsv	49916	31283
gtdb207/SRS475932.kraken2.gtdb207_ci15.output.tsv	163852	49746
gtdb207/SRS475934.kraken2.gtdb207_ci15.output.tsv	127571	81903
gtdb207/SRS475935.kraken2.gtdb207_ci15.output.tsv	122844	61990
gtdb207/SRS475937.kraken2.gtdb207_ci15.output.tsv	47859	30808
gtdb207/SRS475939.kraken2.gtdb207_ci15.output.tsv	83616	45805
gtdb207/SRS475940.kraken2.gtdb207_ci15.output.tsv	77649	52853
gtdb207/SRS475943.kraken2.gtdb207_ci15.output.tsv	255209	78501
gtdb207/SRS475950.kraken2.gtdb207_ci15.output.tsv	157599	67219
gtdb207/SRS475951.kraken2.gtdb207_ci15.output.tsv	513012	148932
gtdb207/SRS475952.kraken2.gtdb207_ci15.output.tsv	37522	29616
gtdb207/SRS475954.kraken2.gtdb207_ci15.output.tsv	468440	171128
gtdb207/SRS475955.kraken2.gtdb207_ci15.output.tsv	312260	99203
gtdb207/SRS475956.kraken2.gtdb207_ci15.output.tsv	327055	89957
gtdb207/SRS475957.kraken2.gtdb207_ci15.output.tsv	25573	33936
gtdb207/SRS475960.kraken2.gtdb207_ci15.output.tsv	337330	114211
gtdb207/SRS475961.kraken2.gtdb207_ci15.output.tsv	26482	23447
gtdb207/SRS475963.kraken2.gtdb207_ci15.output.tsv	216091	67472
gtdb207/SRS475964.kraken2.gtdb207_ci15.output.tsv	467638	196581
gtdb207/SRS475965.kraken2.gtdb207_ci15.output.tsv	72363	46734
gtdb207/SRS475966.kraken2.gtdb207_ci15.output.tsv	460619	113695
gtdb207/SRS475969.kraken2.gtdb207_ci15.output.tsv	383340	140877
gtdb207/SRS475970.kraken2.gtdb207_ci15.output.tsv	60942	48270
gtdb207/SRS475971.kraken2.gtdb207_ci15.output.tsv	77873	45621
gtdb207/SRS475972.kraken2.gtdb207_ci15.output.tsv	73909	35427
gtdb207/SRS475973.kraken2.gtdb207_ci15.output.tsv	208988	82152
gtdb207/SRS475975.kraken2.gtdb207_ci15.output.tsv	116019	45963
gtdb207/SRS475976.kraken2.gtdb207_ci15.output.tsv	612420	221372
gtdb207/SRS475977.kraken2.gtdb207_ci15.output.tsv	202783	106152
gtdb207/SRS475982.kraken2.gtdb207_ci15.output.tsv	98617	47771
gtdb207/SRS475983.kraken2.gtdb207_ci15.output.tsv	60068	38746
gtdb207/SRS475985.kraken2.gtdb207_ci15.output.tsv	29044	31832
gtdb207/SRS475992.kraken2.gtdb207_ci15.output.tsv	92089	55443
gtdb207/SRS475996.kraken2.gtdb207_ci15.output.tsv	371780	125953
gtdb207/SRS475999.kraken2.gtdb207_ci15.output.tsv	383330	84148
gtdb207/SRS476000.kraken2.gtdb207_ci15.output.tsv	86315	63469
gtdb207/SRS476002.kraken2.gtdb207_ci15.output.tsv	2858689	633470
gtdb207/SRS476004.kraken2.gtdb207_ci15.output.tsv	87055	47642
gtdb207/SRS476005.kraken2.gtdb207_ci15.output.tsv	65267	120326
gtdb207/SRS476006.kraken2.gtdb207_ci15.output.tsv	169444	64836
gtdb207/SRS476007.kraken2.gtdb207_ci15.output.tsv	68492	68225
gtdb207/SRS476008.kraken2.gtdb207_ci15.output.tsv	59329	34849
gtdb207/SRS476009.kraken2.gtdb207_ci15.output.tsv	231817	97138
gtdb207/SRS476011.kraken2.gtdb207_ci15.output.tsv	45505	30883
gtdb207/SRS476012.kraken2.gtdb207_ci15.output.tsv	522511	159604
gtdb207/SRS476016.kraken2.gtdb207_ci15.output.tsv	134228	67160
gtdb207/SRS476017.kraken2.gtdb207_ci15.output.tsv	37842	25692
gtdb207/SRS476018.kraken2.gtdb207_ci15.output.tsv	30164	30812
gtdb207/SRS476025.kraken2.gtdb207_ci15.output.tsv	130380	64671
gtdb207/SRS476026.kraken2.gtdb207_ci15.output.tsv	82220	59792
gtdb207/SRS476027.kraken2.gtdb207_ci15.output.tsv	249012	82899
gtdb207/SRS476036.kraken2.gtdb207_ci15.output.tsv	62868	37066
gtdb207/SRS476038.kraken2.gtdb207_ci15.output.tsv	92654	60030
gtdb207/SRS476045.kraken2.gtdb207_ci15.output.tsv	50853	44506
gtdb207/SRS476046.kraken2.gtdb207_ci15.output.tsv	349268	128195
gtdb207/SRS476048.kraken2.gtdb207_ci15.output.tsv	187562	90664
gtdb207/SRS476049.kraken2.gtdb207_ci15.output.tsv	95804	40278
gtdb207/SRS476052.kraken2.gtdb207_ci15.output.tsv	125494	82725
gtdb207/SRS476053.kraken2.gtdb207_ci15.output.tsv	79455	42515
gtdb207/SRS476054.kraken2.gtdb207_ci15.output.tsv	101645	21598
gtdb207/SRS476055.kraken2.gtdb207_ci15.output.tsv	111226	53401
gtdb207/SRS476056.kraken2.gtdb207_ci15.output.tsv	47958	26392
gtdb207/SRS476057.kraken2.gtdb207_ci15.output.tsv	168345	88741
gtdb207/SRS476059.kraken2.gtdb207_ci15.output.tsv	90971	46884
gtdb207/SRS476071.kraken2.gtdb207_ci15.output.tsv	133053	76060
gtdb207/SRS476072.kraken2.gtdb207_ci15.output.tsv	36765	32206
gtdb207/SRS476073.kraken2.gtdb207_ci15.output.tsv	64206	45590
gtdb207/SRS476075.kraken2.gtdb207_ci15.output.tsv	395816	132139
gtdb207/SRS476079.kraken2.gtdb207_ci15.output.tsv	616510	169148
gtdb207/SRS476080.kraken2.gtdb207_ci15.output.tsv	28212	23199
gtdb207/SRS476081.kraken2.gtdb207_ci15.output.tsv	50931	29234
gtdb207/SRS476082.kraken2.gtdb207_ci15.output.tsv	75886	26507
gtdb207/SRS476086.kraken2.gtdb207_ci15.output.tsv	54605	33739
gtdb207/SRS476087.kraken2.gtdb207_ci15.output.tsv	49335	26259
gtdb207/SRS476088.kraken2.gtdb207_ci15.output.tsv	112769	55507
gtdb207/SRS476089.kraken2.gtdb207_ci15.output.tsv	69824	38164
gtdb207/SRS476091.kraken2.gtdb207_ci15.output.tsv	398127	135688
gtdb207/SRS476102.kraken2.gtdb207_ci15.output.tsv	336258	128406
gtdb207/SRS476105.kraken2.gtdb207_ci15.output.tsv	270012	99145
gtdb207/SRS476107.kraken2.gtdb207_ci15.output.tsv	31362	31790
gtdb207/SRS476109.kraken2.gtdb207_ci15.output.tsv	20970	18283
gtdb207/SRS476110.kraken2.gtdb207_ci15.output.tsv	126374	73538
gtdb207/SRS476111.kraken2.gtdb207_ci15.output.tsv	236921	107489
gtdb207/SRS476112.kraken2.gtdb207_ci15.output.tsv	163232	94201
gtdb207/SRS476113.kraken2.gtdb207_ci15.output.tsv	25430	22791
gtdb207/SRS476115.kraken2.gtdb207_ci15.output.tsv	317754	130717
gtdb207/SRS476116.kraken2.gtdb207_ci15.output.tsv	295693	78877
gtdb207/SRS476122.kraken2.gtdb207_ci15.output.tsv	94037	47393
gtdb207/SRS476123.kraken2.gtdb207_ci15.output.tsv	64551	36768
gtdb207/SRS476124.kraken2.gtdb207_ci15.output.tsv	66148	45098
gtdb207/SRS476127.kraken2.gtdb207_ci15.output.tsv	199138	87547
gtdb207/SRS476137.kraken2.gtdb207_ci15.output.tsv	120454	58724
gtdb207/SRS476138.kraken2.gtdb207_ci15.output.tsv	44094	44630
gtdb207/SRS476140.kraken2.gtdb207_ci15.output.tsv	139685	73755
gtdb207/SRS476146.kraken2.gtdb207_ci15.output.tsv	74189	69365
gtdb207/SRS476150.kraken2.gtdb207_ci15.output.tsv	72660	30977
gtdb207/SRS476151.kraken2.gtdb207_ci15.output.tsv	260642	64184
gtdb207/SRS476157.kraken2.gtdb207_ci15.output.tsv	236617	97490
gtdb207/SRS476161.kraken2.gtdb207_ci15.output.tsv	634473	185796
gtdb207/SRS476162.kraken2.gtdb207_ci15.output.tsv	108736	69832
gtdb207/SRS476165.kraken2.gtdb207_ci15.output.tsv	310559	114824
gtdb207/SRS476168.kraken2.gtdb207_ci15.output.tsv	438437	154443
gtdb207/SRS476170.kraken2.gtdb207_ci15.output.tsv	227264	100989
gtdb207/SRS476171.kraken2.gtdb207_ci15.output.tsv	128526	84571
gtdb207/SRS476172.kraken2.gtdb207_ci15.output.tsv	113163	62116
gtdb207/SRS476174.kraken2.gtdb207_ci15.output.tsv	254319	91945
gtdb207/SRS476175.kraken2.gtdb207_ci15.output.tsv	28490	27260
gtdb207/SRS476177.kraken2.gtdb207_ci15.output.tsv	44639	25648
gtdb207/SRS476178.kraken2.gtdb207_ci15.output.tsv	120741	55482
gtdb207/SRS476180.kraken2.gtdb207_ci15.output.tsv	70476	35079
gtdb207/SRS476181.kraken2.gtdb207_ci15.output.tsv	104337	48977
gtdb207/SRS476186.kraken2.gtdb207_ci15.output.tsv	43604	21487
gtdb207/SRS476190.kraken2.gtdb207_ci15.output.tsv	59200	52883
gtdb207/SRS476197.kraken2.gtdb207_ci15.output.tsv	365949	122270
gtdb207/SRS476200.kraken2.gtdb207_ci15.output.tsv	224844	98842
gtdb207/SRS476201.kraken2.gtdb207_ci15.output.tsv	402718	142469
gtdb207/SRS476202.kraken2.gtdb207_ci15.output.tsv	397832	144872
gtdb207/SRS476204.kraken2.gtdb207_ci15.output.tsv	411288	124087
gtdb207/SRS476206.kraken2.gtdb207_ci15.output.tsv	97117	42592
gtdb207/SRS476207.kraken2.gtdb207_ci15.output.tsv	121871	48159
gtdb207/SRS476208.kraken2.gtdb207_ci15.output.tsv	271375	124286
gtdb207/SRS476210.kraken2.gtdb207_ci15.output.tsv	67375	43347
gtdb207/SRS476214.kraken2.gtdb207_ci15.output.tsv	113119	42092
gtdb207/SRS476260.kraken2.gtdb207_ci15.output.tsv	460167	87688
gtdb207/SRS476261.kraken2.gtdb207_ci15.output.tsv	166244	53436
gtdb207/SRS476263.kraken2.gtdb207_ci15.output.tsv	139083	81618
gtdb207/SRS476265.kraken2.gtdb207_ci15.output.tsv	170618	68844
gtdb207/SRS476266.kraken2.gtdb207_ci15.output.tsv	214094	93406
gtdb207/SRS476268.kraken2.gtdb207_ci15.output.tsv	81806	37803
gtdb207/SRS476272.kraken2.gtdb207_ci15.output.tsv	281300	104522
gtdb207/SRS476275.kraken2.gtdb207_ci15.output.tsv	31306	24258
gtdb207/SRS476279.kraken2.gtdb207_ci15.output.tsv	124758	77091
gtdb207/SRS476281.kraken2.gtdb207_ci15.output.tsv	44484	37852
gtdb207/SRS476282.kraken2.gtdb207_ci15.output.tsv	154160	94405
gtdb207/SRS476283.kraken2.gtdb207_ci15.output.tsv	73356	59220
gtdb207/SRS476284.kraken2.gtdb207_ci15.output.tsv	235125	63173
gtdb207/SRS476285.kraken2.gtdb207_ci15.output.tsv	1658380	936747
gtdb207/SRS476286.kraken2.gtdb207_ci15.output.tsv	78923	60793
gtdb207/SRS476294.kraken2.gtdb207_ci15.output.tsv	33870	27996
gtdb207/SRS476297.kraken2.gtdb207_ci15.output.tsv	172543	74152
gtdb207/SRS476299.kraken2.gtdb207_ci15.output.tsv	60500	53874
gtdb207/SRS476301.kraken2.gtdb207_ci15.output.tsv	654872	198113
gtdb207/SRS476304.kraken2.gtdb207_ci15.output.tsv	51575	29897
gtdb207/SRS476305.kraken2.gtdb207_ci15.output.tsv	56989	27875
gtdb207/SRS476310.kraken2.gtdb207_ci15.output.tsv	252127	108097
gtdb207/SRS476311.kraken2.gtdb207_ci15.output.tsv	96654	47061
gtdb207/SRS476330.kraken2.gtdb207_ci15.output.tsv	4636093	1993114
gtdb207/SRS476336.kraken2.gtdb207_ci15.output.tsv	134070	70252
gtdb207/SRS476340.kraken2.gtdb207_ci15.output.tsv	279385	112566
gtdb207/SRS476353.kraken2.gtdb207_ci15.output.tsv	115063	69514
gtdb207/SRS476355.kraken2.gtdb207_ci15.output.tsv	135763	82507
gtdb207/SRS476399.kraken2.gtdb207_ci15.output.tsv	58299	39823
gtdb207/SRS476610.kraken2.gtdb207_ci15.output.tsv	1114614	712524
gtdb207/SRS476701.kraken2.gtdb207_ci15.output.tsv	102691	45072
gtdb207/SRS476757.kraken2.gtdb207_ci15.output.tsv	159500	64708
gtdb207/SRS476787.kraken2.gtdb207_ci15.output.tsv	245945	97071
gtdb207/SRS476790.kraken2.gtdb207_ci15.output.tsv	293994	136258
gtdb207/SRS476827.kraken2.gtdb207_ci15.output.tsv	192246	109471
gtdb207/SRS476852.kraken2.gtdb207_ci15.output.tsv	5673000	4017039
gtdb207/SRS476865.kraken2.gtdb207_ci15.output.tsv	123111	68519
gtdb207/SRS476866.kraken2.gtdb207_ci15.output.tsv	634851	645752
gtdb207/TAF008.B0101.kraken2.gtdb207_ci15.output.tsv	3443810	8006716
gtdb207/TAF016.B0101.kraken2.gtdb207_ci15.output.tsv	509514	3148071
gtdb207/TAF017.A0101.kraken2.gtdb207_ci15.output.tsv	825363	2856349
gtdb207/TAF017.C0101.kraken2.gtdb207_ci15.output.tsv	539108	4920778
gtdb207/TAF017.E0101.kraken2.gtdb207_ci15.output.tsv	12554	53021
gtdb207/TAF018.A0101.kraken2.gtdb207_ci15.output.tsv	2120217	5557928
gtdb207/TAF018.B0101.kraken2.gtdb207_ci15.output.tsv	2364527	4175755
gtdb207/TAP001.B0101.kraken2.gtdb207_ci15.output.tsv	5087028	6429548
gtdb207/TAP003.B0101.kraken2.gtdb207_ci15.output.tsv	4853870	5881981
gtdb207/TON001.C0101.kraken2.gtdb207_ci15.output.tsv	1797362	7267162
gtdb207/TON003.B0101.kraken2.gtdb207_ci15.output.tsv	2245373	6680778
gtdb207/TON004.B0101.kraken2.gtdb207_ci15.output.tsv	2823813	8946966
gtdb207/TON005.B0101.kraken2.gtdb207_ci15.output.tsv	3660513	10830154
gtdb207/TON006.B0101.kraken2.gtdb207_ci15.output.tsv	1897060	7634401
gtdb207/TON007.B0101.kraken2.gtdb207_ci15.output.tsv	2114726	6077835
gtdb207/VLC001.A0101.kraken2.gtdb207_ci15.output.tsv	26380703	7568910
gtdb207/VLC002.A0101.kraken2.gtdb207_ci15.output.tsv	10657863	5034749
gtdb207/VLC003.A0101.kraken2.gtdb207_ci15.output.tsv	19788064	6221009
gtdb207/VLC004.A0101.kraken2.gtdb207_ci15.output.tsv	29342766	13828570
gtdb207/VLC005.A0101.kraken2.gtdb207_ci15.output.tsv	30247244	13737623
gtdb207/VLC008.A0101.kraken2.gtdb207_ci15.output.tsv	28542144	7115011
gtdb207/VLC009.A0101.kraken2.gtdb207_ci15.output.tsv	26143718	7407925
gtdb207/VLC010.A0101.kraken2.gtdb207_ci15.output.tsv	13576290	5459749
gtdb207/VLD001.A0101.kraken2.gtdb207_ci15.output.tsv	1746863	7152722
gtdb207/WAMP02.kraken2.gtdb207_ci15.output.tsv	8052637	11534922
gtdb207/WAMP03.kraken2.gtdb207_ci15.output.tsv	30229623	34655870
gtdb207/WAMP04.kraken2.gtdb207_ci15.output.tsv	3042010	4186925
gtdb207/WAMP05.kraken2.gtdb207_ci15.output.tsv	14621001	26093018
gtdb207/WAMP06.kraken2.gtdb207_ci15.output.tsv	2864971	4109987
gtdb207/WAMP07.kraken2.gtdb207_ci15.output.tsv	16680499	21225277
gtdb207/WAMP09.kraken2.gtdb207_ci15.output.tsv	1672251	2405814
gtdb207/WAMP10.kraken2.gtdb207_ci15.output.tsv	1477519	3767780
gtdb207/WAMP11.kraken2.gtdb207_ci15.output.tsv	3843436	5622638
gtdb207/WAMP12.kraken2.gtdb207_ci15.output.tsv	16948095	20375509
gtdb207/WAMP13.kraken2.gtdb207_ci15.output.tsv	12254376	11494027
gtdb207/WAMP14.kraken2.gtdb207_ci15.output.tsv	13121410	13509523
gtdb207/WAMP15.kraken2.gtdb207_ci15.output.tsv	8014319	8921549
gtdb207/WAMP18.kraken2.gtdb207_ci15.output.tsv	8961206	13734863
gtdb207/WAMP19.kraken2.gtdb207_ci15.output.tsv	10800221	14907312
gtdb207/WAMP20.kraken2.gtdb207_ci15.output.tsv	8624264	10562735
gtdb207/WAMP21.kraken2.gtdb207_ci15.output.tsv	10559534	15329365
gtdb207/WAMP22.kraken2.gtdb207_ci15.output.tsv	21791880	32005136
gtdb207/WAMP23.kraken2.gtdb207_ci15.output.tsv	14130953	13184002
gtdb207/WAMP24.kraken2.gtdb207_ci15.output.tsv	5882113	6992005
gtdb207/WAMP25.kraken2.gtdb207_ci15.output.tsv	2579451	18904917
gtdb207/WAMP26.kraken2.gtdb207_ci15.output.tsv	12041614	21019119
gtdb207/WAMP27.kraken2.gtdb207_ci15.output.tsv	30156423	37295420
gtdb207/WAMP29.kraken2.gtdb207_ci15.output.tsv	17197244	32970368
gtdb207/WAMP33.kraken2.gtdb207_ci15.output.tsv	15924955	17205481
gtdb207/WAMP34.kraken2.gtdb207_ci15.output.tsv	3854126	23397141
gtdb207/WIG001.kraken2.gtdb207_ci15.output.tsv	8681845	7371463
gtdb207/ZAF001.A0101.kraken2.gtdb207_ci15.output.tsv	1238808	7165596
