homd_mags/2081.kraken2.homd_mags_ci15.output.tsv	6869621	4010224
homd_mags/2082.kraken2.homd_mags_ci15.output.tsv	12378196	5508797
homd_mags/2083.kraken2.homd_mags_ci15.output.tsv	8804077	3486505
homd_mags/2084.kraken2.homd_mags_ci15.output.tsv	10250605	5199896
homd_mags/2086.kraken2.homd_mags_ci15.output.tsv	10223581	3307739
homd_mags/2087.kraken2.homd_mags_ci15.output.tsv	4926207	1910357
homd_mags/2089.kraken2.homd_mags_ci15.output.tsv	8966698	2763085
homd_mags/2090.kraken2.homd_mags_ci15.output.tsv	10457481	4936587
homd_mags/2091.kraken2.homd_mags_ci15.output.tsv	5649515	6419440
homd_mags/2092.kraken2.homd_mags_ci15.output.tsv	12101507	5803929
homd_mags/2093.kraken2.homd_mags_ci15.output.tsv	10389128	2776412
homd_mags/2094.kraken2.homd_mags_ci15.output.tsv	14402742	6099776
homd_mags/2095.kraken2.homd_mags_ci15.output.tsv	16594308	5352545
homd_mags/2096.kraken2.homd_mags_ci15.output.tsv	14925524	6289248
homd_mags/2097.kraken2.homd_mags_ci15.output.tsv	16765669	6168672
homd_mags/2099.kraken2.homd_mags_ci15.output.tsv	13373091	5659951
homd_mags/2100.kraken2.homd_mags_ci15.output.tsv	498162	288243
homd_mags/2102.kraken2.homd_mags_ci15.output.tsv	5401059	4365452
homd_mags/2103.kraken2.homd_mags_ci15.output.tsv	4312137	8229804
homd_mags/2104.kraken2.homd_mags_ci15.output.tsv	16690298	11376326
homd_mags/Abusir1504c.kraken2.homd_mags_ci15.output.tsv	462352	3477266
homd_mags/Abusir1511c.kraken2.homd_mags_ci15.output.tsv	135036	3490314
homd_mags/Abusir1519c.kraken2.homd_mags_ci15.output.tsv	63989996	463679068
homd_mags/Abusir1574c.kraken2.homd_mags_ci15.output.tsv	102222	3440210
homd_mags/Abusir1594c.kraken2.homd_mags_ci15.output.tsv	13331799	230137025
homd_mags/AHK001.A0101.kraken2.homd_mags_ci15.output.tsv	2392442	5016378
homd_mags/AKI001.A0101.kraken2.homd_mags_ci15.output.tsv	4080622	5064391
homd_mags/AKI002.A0101.kraken2.homd_mags_ci15.output.tsv	7511110	3748211
homd_mags/AMH001.A0101.kraken2.homd_mags_ci15.output.tsv	7881748	2900858
homd_mags/AMH002.A0101.kraken2.homd_mags_ci15.output.tsv	6530662	3483213
homd_mags/AMH003.A0101.kraken2.homd_mags_ci15.output.tsv	4921750	3920125
homd_mags/AMH004.A0101.kraken2.homd_mags_ci15.output.tsv	5498362	4606749
homd_mags/ANK001.A0101.kraken2.homd_mags_ci15.output.tsv	5621811	5200625
homd_mags/ANN001.A0101.kraken2.homd_mags_ci15.output.tsv	6788005	2203657
homd_mags/ANN002.A0101.kraken2.homd_mags_ci15.output.tsv	6892691	2762908
homd_mags/ANN003.A0101.kraken2.homd_mags_ci15.output.tsv	8486472	2660204
homd_mags/ANN004.A0101.kraken2.homd_mags_ci15.output.tsv	8603182	2336252
homd_mags/AON001.A0101.kraken2.homd_mags_ci15.output.tsv	5992565	5029412
homd_mags/AON002.A0101.kraken2.homd_mags_ci15.output.tsv	5025197	4480983
homd_mags/ATT001.A0101.kraken2.homd_mags_ci15.output.tsv	9985463	2920740
homd_mags/ATT002.A0101.kraken2.homd_mags_ci15.output.tsv	8810450	2271833
homd_mags/B61.kraken2.homd_mags_ci15.output.tsv	7469098	1328795
homd_mags/BAN001.A0101.kraken2.homd_mags_ci15.output.tsv	89738	9941980
homd_mags/BSQ001.A0101.kraken2.homd_mags_ci15.output.tsv	1395132	9440835
homd_mags/CDM041.G0101.SG1.kraken2.homd_mags_ci15.output.tsv	5301453	4290574
homd_mags/CDM041.K0101.SG1.kraken2.homd_mags_ci15.output.tsv	4309624	5680611
homd_mags/CDM041.U0101.SG1.kraken2.homd_mags_ci15.output.tsv	7194906	5157854
homd_mags/CDM041.V0101.SG1.kraken2.homd_mags_ci15.output.tsv	6181786	3996061
homd_mags/CDM041.Y0101.SG1.kraken2.homd_mags_ci15.output.tsv	6244430	3538634
homd_mags/CDM042.C0101.SG1.kraken2.homd_mags_ci15.output.tsv	7326817	3576789
homd_mags/CDM042.E0101.SG1.kraken2.homd_mags_ci15.output.tsv	7059709	3072546
homd_mags/CDM042.G0101.SG1.kraken2.homd_mags_ci15.output.tsv	7040997	3319005
homd_mags/CDM042.H0101.SG1.kraken2.homd_mags_ci15.output.tsv	7767071	3433358
homd_mags/CDM042.M0101.SG1.kraken2.homd_mags_ci15.output.tsv	7001410	3092884
homd_mags/CDM042.P0101.SG1.kraken2.homd_mags_ci15.output.tsv	7080555	3022880
homd_mags/CDM042.Q0101.SG1.kraken2.homd_mags_ci15.output.tsv	6246461	3296856
homd_mags/CDM042.U0101.SG1.kraken2.homd_mags_ci15.output.tsv	7187553	3719685
homd_mags/CDM042.W0101.SG1.kraken2.homd_mags_ci15.output.tsv	7231383	3580557
homd_mags/CDM043.L0101.SG1.kraken2.homd_mags_ci15.output.tsv	6301544	2220846
homd_mags/CDM043.P0101.SG1.kraken2.homd_mags_ci15.output.tsv	4989243	1821225
homd_mags/CDM043.T0101.SG1.kraken2.homd_mags_ci15.output.tsv	6236800	2671692
homd_mags/CDM043.U0101.SG1.kraken2.homd_mags_ci15.output.tsv	6374561	2454248
homd_mags/CDM043.X0101.SG1.kraken2.homd_mags_ci15.output.tsv	7281366	3168012
homd_mags/CDM043.Y0101.SG1.kraken2.homd_mags_ci15.output.tsv	7211316	3140761
homd_mags/CDM045.F0101.SG1.kraken2.homd_mags_ci15.output.tsv	6052916	3084138
homd_mags/CDM045.G0101.SG1.kraken2.homd_mags_ci15.output.tsv	6082428	3302641
homd_mags/CDM045.H0101.SG1.kraken2.homd_mags_ci15.output.tsv	7349554	3574633
homd_mags/CDM045.I0101.SG1.kraken2.homd_mags_ci15.output.tsv	7054129	3543177
homd_mags/CDM045.L0101.SG1.kraken2.homd_mags_ci15.output.tsv	7251522	3695348
homd_mags/CDM045.M0101.SG1.kraken2.homd_mags_ci15.output.tsv	7428700	3770480
homd_mags/CDM045.Q0101.SG1.kraken2.homd_mags_ci15.output.tsv	6169316	3066534
homd_mags/CDM045.R0101.SG1.kraken2.homd_mags_ci15.output.tsv	6538621	3192667
homd_mags/CDM045.S0101.SG1.kraken2.homd_mags_ci15.output.tsv	8771299	3702372
homd_mags/CDM046.A0101.SG1.kraken2.homd_mags_ci15.output.tsv	7179808	3438196
homd_mags/CDM046.B0101.SG1.kraken2.homd_mags_ci15.output.tsv	5525074	2438971
homd_mags/CDM046.F0101.SG1.kraken2.homd_mags_ci15.output.tsv	7707451	3130548
homd_mags/CDM046.G0101.SG1.kraken2.homd_mags_ci15.output.tsv	6819275	3712107
homd_mags/CDM046.H0101.SG1.kraken2.homd_mags_ci15.output.tsv	7459695	2750598
homd_mags/CDM046.N0101.SG1.kraken2.homd_mags_ci15.output.tsv	6050766	2319258
homd_mags/CDM046.Q0101.SG1.kraken2.homd_mags_ci15.output.tsv	8512314	2719184
homd_mags/CDM046.V0101.SG1.kraken2.homd_mags_ci15.output.tsv	7266817	2724920
homd_mags/CDM046.Y0101.SG1.kraken2.homd_mags_ci15.output.tsv	4934976	3413467
homd_mags/CDM047.B0101.SG1.kraken2.homd_mags_ci15.output.tsv	8672780	2853856
homd_mags/CDM047.E0101.SG1.kraken2.homd_mags_ci15.output.tsv	6309943	3154448
homd_mags/CDM047.H0101.SG1.kraken2.homd_mags_ci15.output.tsv	10151603	4438921
homd_mags/CDM047.S0101.SG1.kraken2.homd_mags_ci15.output.tsv	6040736	1887374
homd_mags/CDM047.V0101.SG1.kraken2.homd_mags_ci15.output.tsv	6209708	1749534
homd_mags/CDM048.A0101.SG1.kraken2.homd_mags_ci15.output.tsv	7716834	3674717
homd_mags/CDM048.D0101.SG1.kraken2.homd_mags_ci15.output.tsv	7777487	3538754
homd_mags/CDM048.E0101.SG1.kraken2.homd_mags_ci15.output.tsv	6249204	2291831
homd_mags/CDM048.F0101.SG1.kraken2.homd_mags_ci15.output.tsv	7559688	4039452
homd_mags/CDM048.I0101.SG1.kraken2.homd_mags_ci15.output.tsv	7155470	3332389
homd_mags/CDM048.K0101.SG1.kraken2.homd_mags_ci15.output.tsv	7639969	3163639
homd_mags/CDM048.N0101.SG1.kraken2.homd_mags_ci15.output.tsv	6326460	2833636
homd_mags/CDM048.O0101.SG1.kraken2.homd_mags_ci15.output.tsv	6382313	2469871
homd_mags/CDM048.P0101.SG1.kraken2.homd_mags_ci15.output.tsv	6132732	3264865
homd_mags/CDM048.Q0101.SG1.kraken2.homd_mags_ci15.output.tsv	6342504	3219172
homd_mags/CDM048.S0101.SG1.kraken2.homd_mags_ci15.output.tsv	4073491	2453405
homd_mags/CDM048.V0101.SG1.kraken2.homd_mags_ci15.output.tsv	6937426	3258634
homd_mags/CDM048.W0101.SG1.kraken2.homd_mags_ci15.output.tsv	6268022	3696012
homd_mags/CDM048.Z0101.SG1.kraken2.homd_mags_ci15.output.tsv	6736505	3151923
homd_mags/CDM049.A0101.SG1.kraken2.homd_mags_ci15.output.tsv	6695331	3171496
homd_mags/CDM049.D0101.SG1.kraken2.homd_mags_ci15.output.tsv	6764206	3518343
homd_mags/CDM049.E0101.SG1.kraken2.homd_mags_ci15.output.tsv	5628979	2493923
homd_mags/CDM049.F0101.SG1.kraken2.homd_mags_ci15.output.tsv	6588578	3439579
homd_mags/CDM049.I0101.SG1.kraken2.homd_mags_ci15.output.tsv	5652139	2436835
homd_mags/CDM049.K0101.SG1.kraken2.homd_mags_ci15.output.tsv	7141096	3322160
homd_mags/CDM049.M0101.SG1.kraken2.homd_mags_ci15.output.tsv	5564839	3256940
homd_mags/CDM049.P0101.SG1.kraken2.homd_mags_ci15.output.tsv	5450461	4151594
homd_mags/CDM049.S0101.SG1.kraken2.homd_mags_ci15.output.tsv	7326746	2807056
homd_mags/CDM049.W0101.SG1.kraken2.homd_mags_ci15.output.tsv	4204764	5744377
homd_mags/CDM050.L0101.SG1.kraken2.homd_mags_ci15.output.tsv	6007988	1960751
homd_mags/CDM050.V0101.SG1.kraken2.homd_mags_ci15.output.tsv	8730526	4020255
homd_mags/CDM050.X0101.SG1.kraken2.homd_mags_ci15.output.tsv	10555182	4441318
homd_mags/CDM050.Z0101.SG1.kraken2.homd_mags_ci15.output.tsv	7902878	2485608
homd_mags/CDM051.A0101.SG1.kraken2.homd_mags_ci15.output.tsv	6971017	2930007
homd_mags/CDM051.D0101.SG1.kraken2.homd_mags_ci15.output.tsv	6609586	2975273
homd_mags/CDM051.G0101.SG1.kraken2.homd_mags_ci15.output.tsv	7107763	3192199
homd_mags/CDM051.I0101.SG1.kraken2.homd_mags_ci15.output.tsv	6723581	2881762
homd_mags/CDM051.M0101.SG1.kraken2.homd_mags_ci15.output.tsv	7389173	2563034
homd_mags/CDM051.R0101.SG1.kraken2.homd_mags_ci15.output.tsv	8995377	2992289
homd_mags/CDM051.S0101.SG1.kraken2.homd_mags_ci15.output.tsv	8557306	2844663
homd_mags/CDM051.U0101.SG1.kraken2.homd_mags_ci15.output.tsv	7162619	2640367
homd_mags/CDM051.V0101.SG1.kraken2.homd_mags_ci15.output.tsv	5997888	3153123
homd_mags/CDM051.Z0101.SG1.kraken2.homd_mags_ci15.output.tsv	7224742	3067829
homd_mags/CDM052.F0101.SG1.kraken2.homd_mags_ci15.output.tsv	7783977	2962639
homd_mags/CDM052.I0101.SG1.kraken2.homd_mags_ci15.output.tsv	6921548	2891494
homd_mags/CDM052.J0101.SG1.kraken2.homd_mags_ci15.output.tsv	7856590	3172857
homd_mags/CDM052.K0101.SG1.kraken2.homd_mags_ci15.output.tsv	6226182	3700781
homd_mags/CDM052.M0101.SG1.kraken2.homd_mags_ci15.output.tsv	6910757	3325926
homd_mags/CDM052.N0101.SG1.kraken2.homd_mags_ci15.output.tsv	8305186	2604267
homd_mags/CMB001.A0101.kraken2.homd_mags_ci15.output.tsv	4996851	1619340
homd_mags/CMB002.A0101.kraken2.homd_mags_ci15.output.tsv	6068840	1909094
homd_mags/CMB003.A0101.kraken2.homd_mags_ci15.output.tsv	6381759	1780723
homd_mags/CMB004.A0101.kraken2.homd_mags_ci15.output.tsv	5660551	1577458
homd_mags/CMB005.A0101.kraken2.homd_mags_ci15.output.tsv	6308423	1256647
homd_mags/CMB006.A0101.kraken2.homd_mags_ci15.output.tsv	6560356	1568069
homd_mags/CMB007.A0101.kraken2.homd_mags_ci15.output.tsv	5482318	1377887
homd_mags/CMB008.A0101.kraken2.homd_mags_ci15.output.tsv	6179122	1618608
homd_mags/CMC001.A0101.SG1.kraken2.homd_mags_ci15.output.tsv	10582749	920230
homd_mags/CMC001.A0201.SG1.kraken2.homd_mags_ci15.output.tsv	13129206	1271378
homd_mags/CMC001.B0201.SG1.kraken2.homd_mags_ci15.output.tsv	12569719	1089547
homd_mags/CMC002.A0201.SG1.kraken2.homd_mags_ci15.output.tsv	10449295	1144485
homd_mags/CMC002.B0201.SG1.kraken2.homd_mags_ci15.output.tsv	5936509	842363
homd_mags/CMC003.A0201.SG1.kraken2.homd_mags_ci15.output.tsv	10181836	923413
homd_mags/CMC003.B0101.SG1.kraken2.homd_mags_ci15.output.tsv	15252651	756658
homd_mags/CMC004.A0101.SG1.kraken2.homd_mags_ci15.output.tsv	13583455	915313
homd_mags/CMC004.B0201.SG1.kraken2.homd_mags_ci15.output.tsv	13214751	1545705
homd_mags/CMC005.A0202.SG1.kraken2.homd_mags_ci15.output.tsv	11910890	964671
homd_mags/CMC005.B0101.SG1.kraken2.homd_mags_ci15.output.tsv	13370389	1227418
homd_mags/CMC006.A0101.SG1.kraken2.homd_mags_ci15.output.tsv	15590253	721428
homd_mags/CMC006.B0201.SG1.kraken2.homd_mags_ci15.output.tsv	12238691	724086
homd_mags/CMC007.B0101.SG1.kraken2.homd_mags_ci15.output.tsv	10526932	1033306
homd_mags/CMC008.A0101.SG1.kraken2.homd_mags_ci15.output.tsv	10059782	712415
homd_mags/CMC008.B0201.SG1.kraken2.homd_mags_ci15.output.tsv	12278584	580841
homd_mags/CMC009.A0202.SG1.kraken2.homd_mags_ci15.output.tsv	10572145	975370
homd_mags/CMC009.B0101.SG1.kraken2.homd_mags_ci15.output.tsv	12699668	1254601
homd_mags/CMC010.A0101.SG1.kraken2.homd_mags_ci15.output.tsv	12676483	807395
homd_mags/CMC010.B0201.SG1.kraken2.homd_mags_ci15.output.tsv	12682324	989683
homd_mags/CMC011.A0201.SG1.kraken2.homd_mags_ci15.output.tsv	12064302	1884624
homd_mags/CMC011.B0101.SG1.kraken2.homd_mags_ci15.output.tsv	13824820	1430921
homd_mags/CMC012.A0201.SG1.kraken2.homd_mags_ci15.output.tsv	10422316	1111173
homd_mags/CMC012.B0201.SG1.kraken2.homd_mags_ci15.output.tsv	9607252	936369
homd_mags/CMC013.A0201.SG1.kraken2.homd_mags_ci15.output.tsv	14601556	1554032
homd_mags/CMC013.B0101.SG1.kraken2.homd_mags_ci15.output.tsv	15535715	1283267
homd_mags/CMC014.A0101.SG1.kraken2.homd_mags_ci15.output.tsv	11822451	1460337
homd_mags/CMC015.A0201.SG1.kraken2.homd_mags_ci15.output.tsv	11327723	705743
homd_mags/CMC015.B0201.SG1.kraken2.homd_mags_ci15.output.tsv	14332554	1429278
homd_mags/CMC016.A0101.SG1.kraken2.homd_mags_ci15.output.tsv	4507277	509997
homd_mags/CMC016.B0101.SG1.kraken2.homd_mags_ci15.output.tsv	13654693	1403834
homd_mags/CMC017.A0201.SG1.kraken2.homd_mags_ci15.output.tsv	7628594	749124
homd_mags/CMC017.B0201.SG1.kraken2.homd_mags_ci15.output.tsv	12545933	1257564
homd_mags/CMC018.A0101.SG1.kraken2.homd_mags_ci15.output.tsv	10980097	852040
homd_mags/CMC018.B0101.SG1.kraken2.homd_mags_ci15.output.tsv	13423827	1268725
homd_mags/CMC020.A0101.SG1.kraken2.homd_mags_ci15.output.tsv	11587663	1115287
homd_mags/CMC020.B0101.SG1.kraken2.homd_mags_ci15.output.tsv	14140848	1389641
homd_mags/CMC021.A0201.SG1.kraken2.homd_mags_ci15.output.tsv	9888710	939334
homd_mags/CMC021.B0201.SG1.kraken2.homd_mags_ci15.output.tsv	11241064	1205826
homd_mags/CMC022.A0101.SG1.kraken2.homd_mags_ci15.output.tsv	19780306	1091476
homd_mags/CMC022.B0101.SG1.kraken2.homd_mags_ci15.output.tsv	15390548	1206306
homd_mags/CMC023.A0301.SG1.kraken2.homd_mags_ci15.output.tsv	11458105	1308304
homd_mags/CMC023.B0201.SG1.kraken2.homd_mags_ci15.output.tsv	13937577	1387886
homd_mags/CMC024.A0101.SG1.kraken2.homd_mags_ci15.output.tsv	12567490	998685
homd_mags/CMC024.B0101.SG1.kraken2.homd_mags_ci15.output.tsv	13176047	941772
homd_mags/CMC025.A0201.SG1.kraken2.homd_mags_ci15.output.tsv	11383936	1353719
homd_mags/CMC025.B0201.SG1.kraken2.homd_mags_ci15.output.tsv	16620155	1914451
homd_mags/CMC026.A0101.SG1.kraken2.homd_mags_ci15.output.tsv	12337041	940566
homd_mags/CMC026.B0101.SG1.kraken2.homd_mags_ci15.output.tsv	15022472	1187643
homd_mags/CMC027.A0201.SG1.kraken2.homd_mags_ci15.output.tsv	7581230	1479307
homd_mags/CMC027.B0201.SG1.kraken2.homd_mags_ci15.output.tsv	14306176	1414733
homd_mags/CMC028.A0101.SG1.kraken2.homd_mags_ci15.output.tsv	12367981	1369371
homd_mags/CMC028.B0101.SG1.kraken2.homd_mags_ci15.output.tsv	14779365	1224170
homd_mags/CMC029.A0201.SG1.kraken2.homd_mags_ci15.output.tsv	7204630	1070796
homd_mags/CMC029.B0201.SG1.kraken2.homd_mags_ci15.output.tsv	14479348	979392
homd_mags/CMC030.A0101.SG1.kraken2.homd_mags_ci15.output.tsv	13079096	1080953
homd_mags/CMC030.B0101.SG1.kraken2.homd_mags_ci15.output.tsv	13471894	1018140
homd_mags/CMC031.A0201.SG1.kraken2.homd_mags_ci15.output.tsv	10038545	768211
homd_mags/CMC031.B0201.SG1.kraken2.homd_mags_ci15.output.tsv	14536894	829335
homd_mags/CMC032.A0101.SG1.kraken2.homd_mags_ci15.output.tsv	3254761	188734
homd_mags/CMC032.B0101.SG1.kraken2.homd_mags_ci15.output.tsv	609	23
homd_mags/CMC033.A0201.SG1.kraken2.homd_mags_ci15.output.tsv	13781355	855252
homd_mags/CMC033.B0201.SG1.kraken2.homd_mags_ci15.output.tsv	11691640	1414932
homd_mags/CMC034.A0101.SG1.kraken2.homd_mags_ci15.output.tsv	8805519	780267
homd_mags/CMC034.B0101.SG1.kraken2.homd_mags_ci15.output.tsv	12956716	975354
homd_mags/CMC035.A0201.SG1.kraken2.homd_mags_ci15.output.tsv	14052762	936208
homd_mags/CMC035.B0201.SG1.kraken2.homd_mags_ci15.output.tsv	15294077	859048
homd_mags/CMC036.A0101.SG1.kraken2.homd_mags_ci15.output.tsv	12265138	1149203
homd_mags/CMC036.B0101.SG1.kraken2.homd_mags_ci15.output.tsv	14356619	976832
homd_mags/CMC037.A0201.SG1.kraken2.homd_mags_ci15.output.tsv	9879587	890925
homd_mags/CMC037.B0201.SG1.kraken2.homd_mags_ci15.output.tsv	14483817	1615686
homd_mags/CMC038.A0101.SG1.kraken2.homd_mags_ci15.output.tsv	11719109	1601136
homd_mags/CMC038.B0101.SG1.kraken2.homd_mags_ci15.output.tsv	10960906	1362552
homd_mags/CMC039.B0201.SG1.kraken2.homd_mags_ci15.output.tsv	13613753	1048553
homd_mags/CMC040.B0101.SG1.kraken2.homd_mags_ci15.output.tsv	17041264	1593085
homd_mags/CMC041.A0201.SG1.kraken2.homd_mags_ci15.output.tsv	12077193	1229870
homd_mags/CMC042.A0201.SG1.kraken2.homd_mags_ci15.output.tsv	12994806	680898
homd_mags/CMC042.B0101.SG1.kraken2.homd_mags_ci15.output.tsv	13797934	1230104
homd_mags/CMC043.A0101.SG1.kraken2.homd_mags_ci15.output.tsv	14422898	817873
homd_mags/CMC043.B0101.SG1.kraken2.homd_mags_ci15.output.tsv	14291553	791402
homd_mags/CMC044.A0201.SG1.kraken2.homd_mags_ci15.output.tsv	9661466	987519
homd_mags/CMC045.A0201.SG1.kraken2.homd_mags_ci15.output.tsv	10198201	669832
homd_mags/CMC045.B0201.SG1.kraken2.homd_mags_ci15.output.tsv	13016151	1278831
homd_mags/CMC046.B0201.SG1.kraken2.homd_mags_ci15.output.tsv	11055605	961822
homd_mags/CMC047.A0201.SG1.kraken2.homd_mags_ci15.output.tsv	12562996	1123228
homd_mags/CS01.kraken2.homd_mags_ci15.output.tsv	6928577	2339943
homd_mags/CS02.kraken2.homd_mags_ci15.output.tsv	9661870	3037580
homd_mags/CS03.kraken2.homd_mags_ci15.output.tsv	9060586	2607132
homd_mags/CS04.kraken2.homd_mags_ci15.output.tsv	7888220	2093871
homd_mags/CS07.kraken2.homd_mags_ci15.output.tsv	7452391	1923446
homd_mags/CS08.kraken2.homd_mags_ci15.output.tsv	6736521	1940193
homd_mags/CS09.kraken2.homd_mags_ci15.output.tsv	10491239	3406783
homd_mags/CS10.kraken2.homd_mags_ci15.output.tsv	14019727	2864276
homd_mags/CS11.kraken2.homd_mags_ci15.output.tsv	14982027	3083394
homd_mags/CS12.kraken2.homd_mags_ci15.output.tsv	4868075	1623024
homd_mags/CS13.kraken2.homd_mags_ci15.output.tsv	11563718	2259614
homd_mags/CS14.kraken2.homd_mags_ci15.output.tsv	1095311	488055
homd_mags/CS15.kraken2.homd_mags_ci15.output.tsv	10337900	2129254
homd_mags/CS16.kraken2.homd_mags_ci15.output.tsv	9112978	1205955
homd_mags/CS17.kraken2.homd_mags_ci15.output.tsv	10849209	2124568
homd_mags/CS18.kraken2.homd_mags_ci15.output.tsv	4405883	1061137
homd_mags/CS19.kraken2.homd_mags_ci15.output.tsv	5906770	749317
homd_mags/CS20.kraken2.homd_mags_ci15.output.tsv	14655003	3215390
homd_mags/CS21.kraken2.homd_mags_ci15.output.tsv	13080169	2716344
homd_mags/CS22.kraken2.homd_mags_ci15.output.tsv	14025153	2691498
homd_mags/CS23.kraken2.homd_mags_ci15.output.tsv	11473939	10347990
homd_mags/CS24.kraken2.homd_mags_ci15.output.tsv	3989419	2689568
homd_mags/CS26.kraken2.homd_mags_ci15.output.tsv	3861106	874334
homd_mags/CS27.kraken2.homd_mags_ci15.output.tsv	414227	90335
homd_mags/CS28.kraken2.homd_mags_ci15.output.tsv	9603611	2832631
homd_mags/CS29.kraken2.homd_mags_ci15.output.tsv	17679822	2890296
homd_mags/CS30.kraken2.homd_mags_ci15.output.tsv	4162027	1148376
homd_mags/CS31.kraken2.homd_mags_ci15.output.tsv	15904500	5507000
homd_mags/CS32.kraken2.homd_mags_ci15.output.tsv	21041489	7150334
homd_mags/CS33.kraken2.homd_mags_ci15.output.tsv	8424502	2610006
homd_mags/CS34.kraken2.homd_mags_ci15.output.tsv	7268004	1538326
homd_mags/CS35.kraken2.homd_mags_ci15.output.tsv	22064182	5562540
homd_mags/CS36.kraken2.homd_mags_ci15.output.tsv	5368816	1746037
homd_mags/CS37.kraken2.homd_mags_ci15.output.tsv	17735836	4586532
homd_mags/CS38.kraken2.homd_mags_ci15.output.tsv	11520012	2698179
homd_mags/CS39.kraken2.homd_mags_ci15.output.tsv	7179559	2096554
homd_mags/CS40.kraken2.homd_mags_ci15.output.tsv	3633616	1134740
homd_mags/CS42.kraken2.homd_mags_ci15.output.tsv	3894096	1517412
homd_mags/CS43.kraken2.homd_mags_ci15.output.tsv	6893566	1731852
homd_mags/CS44.kraken2.homd_mags_ci15.output.tsv	6461447	2911905
homd_mags/CS45.kraken2.homd_mags_ci15.output.tsv	3527951	782789
homd_mags/CS46.kraken2.homd_mags_ci15.output.tsv	7591066	1967398
homd_mags/CS47.kraken2.homd_mags_ci15.output.tsv	25746227	4261345
homd_mags/CS48.kraken2.homd_mags_ci15.output.tsv	446196	85765
homd_mags/DLV001.A0101.kraken2.homd_mags_ci15.output.tsv	211953	591008
homd_mags/DLV002.A0101.kraken2.homd_mags_ci15.output.tsv	2571	78406
homd_mags/DRT001.kraken2.homd_mags_ci15.output.tsv	12275873	4419934
homd_mags/ECO002.B0101.kraken2.homd_mags_ci15.output.tsv	4403160	8400729
homd_mags/ECO002.C0101.kraken2.homd_mags_ci15.output.tsv	4501074	7236114
homd_mags/ECO004.B0101.kraken2.homd_mags_ci15.output.tsv	2827899	7797837
homd_mags/ECO004.C0101.kraken2.homd_mags_ci15.output.tsv	2881656	6766447
homd_mags/ECO006.B0101.kraken2.homd_mags_ci15.output.tsv	475890	9952187
homd_mags/ECO010.B0101.kraken2.homd_mags_ci15.output.tsv	4762523	7414456
homd_mags/EFE002.B0101.kraken2.homd_mags_ci15.output.tsv	7485553	3755669
homd_mags/EFE003.B0101.kraken2.homd_mags_ci15.output.tsv	7818445	3149639
homd_mags/EFE004.B0101.kraken2.homd_mags_ci15.output.tsv	9089675	2755349
homd_mags/EFE005.B0101.kraken2.homd_mags_ci15.output.tsv	8543442	2860358
homd_mags/EFE006.B0101.kraken2.homd_mags_ci15.output.tsv	8253724	2640399
homd_mags/ELR003.A0101.kraken2.homd_mags_ci15.output.tsv	7021407	1765944
homd_mags/ELR004.A0101.kraken2.homd_mags_ci15.output.tsv	3847737	1245512
homd_mags/ELR006.A0101.kraken2.homd_mags_ci15.output.tsv	12053393	2815160
homd_mags/ELR008.A0101.kraken2.homd_mags_ci15.output.tsv	12769036	3567193
homd_mags/ELR010.A0101.kraken2.homd_mags_ci15.output.tsv	6005401	6739619
homd_mags/EMN001.A0101.kraken2.homd_mags_ci15.output.tsv	8126518	4403661
homd_mags/ERR10167374.kraken2.homd_mags_ci15.output.tsv	10151310	17744945
homd_mags/ERR10167375.kraken2.homd_mags_ci15.output.tsv	6237735	25304706
homd_mags/ERR10228823.kraken2.homd_mags_ci15.output.tsv	12233833	1638177
homd_mags/ERR10228824.kraken2.homd_mags_ci15.output.tsv	28273123	1930560
homd_mags/ERR10228825.kraken2.homd_mags_ci15.output.tsv	26092558	903809
homd_mags/ERR10228826.kraken2.homd_mags_ci15.output.tsv	12794288	3214324
homd_mags/ERR10228827.kraken2.homd_mags_ci15.output.tsv	14523791	1127968
homd_mags/ERR10228828.kraken2.homd_mags_ci15.output.tsv	36681202	2686243
homd_mags/ERR10228829.kraken2.homd_mags_ci15.output.tsv	21602895	1962762
homd_mags/ERR10228830.kraken2.homd_mags_ci15.output.tsv	9115723	1209963
homd_mags/ERR10228831.kraken2.homd_mags_ci15.output.tsv	22806366	3037445
homd_mags/ERR10228832.kraken2.homd_mags_ci15.output.tsv	25041095	2550010
homd_mags/ERR10228833.kraken2.homd_mags_ci15.output.tsv	8884680	1218994
homd_mags/ERR10228834.kraken2.homd_mags_ci15.output.tsv	7528889	1162593
homd_mags/ERR10228835.kraken2.homd_mags_ci15.output.tsv	7839431	657445
homd_mags/ERR10228836.kraken2.homd_mags_ci15.output.tsv	4602003	603960
homd_mags/ERR10228837.kraken2.homd_mags_ci15.output.tsv	18671980	1318728
homd_mags/ERR10228838.kraken2.homd_mags_ci15.output.tsv	3574486	314355
homd_mags/ERR10228839.kraken2.homd_mags_ci15.output.tsv	18245395	2563613
homd_mags/ERR10228840.kraken2.homd_mags_ci15.output.tsv	23287457	1952059
homd_mags/ERR10228841.kraken2.homd_mags_ci15.output.tsv	27732762	2053106
homd_mags/ERR10228842.kraken2.homd_mags_ci15.output.tsv	14002907	970065
homd_mags/ERR10228843.kraken2.homd_mags_ci15.output.tsv	10363425	3376922
homd_mags/ERR10228844.kraken2.homd_mags_ci15.output.tsv	10757222	22992977
homd_mags/ERR10228845.kraken2.homd_mags_ci15.output.tsv	15803322	1484188
homd_mags/ERR10228846.kraken2.homd_mags_ci15.output.tsv	16692903	1621310
homd_mags/ERR10228847.kraken2.homd_mags_ci15.output.tsv	18913776	1155778
homd_mags/ERR10228848.kraken2.homd_mags_ci15.output.tsv	138301477	7467079
homd_mags/ERR10228849.kraken2.homd_mags_ci15.output.tsv	6823547	784467
homd_mags/ERR10228850.kraken2.homd_mags_ci15.output.tsv	6160790	628747
homd_mags/ERR10228851.kraken2.homd_mags_ci15.output.tsv	5908742	911931
homd_mags/ERR10228852.kraken2.homd_mags_ci15.output.tsv	12358251	714745
homd_mags/ERR10228853.kraken2.homd_mags_ci15.output.tsv	16945797	1490050
homd_mags/ERR10228854.kraken2.homd_mags_ci15.output.tsv	29495781	5196069
homd_mags/ERR10228855.kraken2.homd_mags_ci15.output.tsv	103787217	16304546
homd_mags/ERR10228856.kraken2.homd_mags_ci15.output.tsv	37676897	6314750
homd_mags/ERR10228857.kraken2.homd_mags_ci15.output.tsv	81862472	18344705
homd_mags/ERR10228858.kraken2.homd_mags_ci15.output.tsv	6508433	568218
homd_mags/ERR10228859.kraken2.homd_mags_ci15.output.tsv	9035311	2427226
homd_mags/ERR10228860.kraken2.homd_mags_ci15.output.tsv	31679401	4209961
homd_mags/ERR10228861.kraken2.homd_mags_ci15.output.tsv	41168444	5377644
homd_mags/ERR10228862.kraken2.homd_mags_ci15.output.tsv	10179653	2045437
homd_mags/ERR10228863.kraken2.homd_mags_ci15.output.tsv	111586268	13462471
homd_mags/ERR10228864.kraken2.homd_mags_ci15.output.tsv	4380164	702486
homd_mags/ERR10228865.kraken2.homd_mags_ci15.output.tsv	4019842	406219
homd_mags/ERR10228866.kraken2.homd_mags_ci15.output.tsv	26791353	3267349
homd_mags/ERR10228867.kraken2.homd_mags_ci15.output.tsv	17900988	1372237
homd_mags/ERR10228868.kraken2.homd_mags_ci15.output.tsv	12078650	1138346
homd_mags/ERR10228869.kraken2.homd_mags_ci15.output.tsv	24522531	2790682
homd_mags/ERR10228870.kraken2.homd_mags_ci15.output.tsv	16954828	1473966
homd_mags/ERR10228871.kraken2.homd_mags_ci15.output.tsv	32262529	26819062
homd_mags/ERR10228872.kraken2.homd_mags_ci15.output.tsv	13641332	1075246
homd_mags/ERR10228873.kraken2.homd_mags_ci15.output.tsv	31243483	16513015
homd_mags/ERR10228874.kraken2.homd_mags_ci15.output.tsv	19344088	1276085
homd_mags/ERR10228875.kraken2.homd_mags_ci15.output.tsv	12269312	1116839
homd_mags/ERR10228876.kraken2.homd_mags_ci15.output.tsv	45736863	1338467
homd_mags/ERR10228877.kraken2.homd_mags_ci15.output.tsv	3321366	439325
homd_mags/ERR10228878.kraken2.homd_mags_ci15.output.tsv	21030649	1898217
homd_mags/ERR10228879.kraken2.homd_mags_ci15.output.tsv	9400906	614940
homd_mags/ERR10228880.kraken2.homd_mags_ci15.output.tsv	8951944	849410
homd_mags/ERR10228881.kraken2.homd_mags_ci15.output.tsv	26379211	3175908
homd_mags/ERR10228882.kraken2.homd_mags_ci15.output.tsv	15169480	1668586
homd_mags/ERR10228883.kraken2.homd_mags_ci15.output.tsv	41217828	4843095
homd_mags/ERR10228884.kraken2.homd_mags_ci15.output.tsv	15697963	935616
homd_mags/ERR10228885.kraken2.homd_mags_ci15.output.tsv	43614939	3884145
homd_mags/ERR10228886.kraken2.homd_mags_ci15.output.tsv	58662168	4389212
homd_mags/ERR10228887.kraken2.homd_mags_ci15.output.tsv	29175971	2778796
homd_mags/ERR1474564.kraken2.homd_mags_ci15.output.tsv	10231690	784703
homd_mags/ERR1474565.kraken2.homd_mags_ci15.output.tsv	14856021	3480159
homd_mags/ERR1474566.kraken2.homd_mags_ci15.output.tsv	16536530	2084977
homd_mags/ERR1474567.kraken2.homd_mags_ci15.output.tsv	11610782	1209372
homd_mags/ERR1474568.kraken2.homd_mags_ci15.output.tsv	59176315	3596699
homd_mags/ERR1474569.kraken2.homd_mags_ci15.output.tsv	10576336	1924712
homd_mags/ERR1474570.kraken2.homd_mags_ci15.output.tsv	39824295	3354699
homd_mags/ERR1474571.kraken2.homd_mags_ci15.output.tsv	13776151	1697340
homd_mags/ERR1474572.kraken2.homd_mags_ci15.output.tsv	2925304	454772
homd_mags/ERR1474573.kraken2.homd_mags_ci15.output.tsv	2223646	309432
homd_mags/ERR1474574.kraken2.homd_mags_ci15.output.tsv	2404097	372631
homd_mags/ERR1474575.kraken2.homd_mags_ci15.output.tsv	18034889	1173053
homd_mags/ERR1474576.kraken2.homd_mags_ci15.output.tsv	3963607	369038
homd_mags/ERR1474577.kraken2.homd_mags_ci15.output.tsv	9489599	981621
homd_mags/ERR1474578.kraken2.homd_mags_ci15.output.tsv	4784290	505318
homd_mags/ERR1474579.kraken2.homd_mags_ci15.output.tsv	14003627	1283575
homd_mags/ERR1474580.kraken2.homd_mags_ci15.output.tsv	66461691	7284582
homd_mags/ERR1474581.kraken2.homd_mags_ci15.output.tsv	3976455	505228
homd_mags/ERR1474582.kraken2.homd_mags_ci15.output.tsv	11526959	1668631
homd_mags/ERR1474583.kraken2.homd_mags_ci15.output.tsv	12428645	2448280
homd_mags/ERR1474584.kraken2.homd_mags_ci15.output.tsv	12697342	1450696
homd_mags/ERR1474585.kraken2.homd_mags_ci15.output.tsv	53880893	4120015
homd_mags/ERR1474586.kraken2.homd_mags_ci15.output.tsv	57450099	5144063
homd_mags/ERR1474587.kraken2.homd_mags_ci15.output.tsv	39865995	3496266
homd_mags/ERR5729614.kraken2.homd_mags_ci15.output.tsv	21097094	16648615
homd_mags/ERR5729615.kraken2.homd_mags_ci15.output.tsv	23839063	18879204
homd_mags/ERR5729616.kraken2.homd_mags_ci15.output.tsv	26998072	14852114
homd_mags/ERR5729617.kraken2.homd_mags_ci15.output.tsv	20818841	11725018
homd_mags/ERR5729618.kraken2.homd_mags_ci15.output.tsv	13535801	24142656
homd_mags/ERR5729619.kraken2.homd_mags_ci15.output.tsv	18181178	24320591
homd_mags/ERR5729620.kraken2.homd_mags_ci15.output.tsv	21442452	18894957
homd_mags/ERR5729621.kraken2.homd_mags_ci15.output.tsv	25634426	18765401
homd_mags/ERR5729622.kraken2.homd_mags_ci15.output.tsv	18763703	15497818
homd_mags/ERR5729623.kraken2.homd_mags_ci15.output.tsv	17240736	18987428
homd_mags/ERR5729624.kraken2.homd_mags_ci15.output.tsv	4238482	4143965
homd_mags/ERR5729625.kraken2.homd_mags_ci15.output.tsv	19606236	17303693
homd_mags/ERR5729626.kraken2.homd_mags_ci15.output.tsv	26907466	23757274
homd_mags/ERR5729627.kraken2.homd_mags_ci15.output.tsv	25338221	10013965
homd_mags/ERR5729628.kraken2.homd_mags_ci15.output.tsv	18157709	14482034
homd_mags/ERR5729629.kraken2.homd_mags_ci15.output.tsv	18126313	13064244
homd_mags/ERR5729630.kraken2.homd_mags_ci15.output.tsv	8018051	10557703
homd_mags/ERR5729631.kraken2.homd_mags_ci15.output.tsv	17451660	17355299
homd_mags/ERR5729632.kraken2.homd_mags_ci15.output.tsv	30918137	17917718
homd_mags/ERR5729633.kraken2.homd_mags_ci15.output.tsv	22607162	16223709
homd_mags/ERR5729634.kraken2.homd_mags_ci15.output.tsv	26056928	15085542
homd_mags/ERR5729635.kraken2.homd_mags_ci15.output.tsv	9703616	24482372
homd_mags/ERR5729636.kraken2.homd_mags_ci15.output.tsv	16941780	13300156
homd_mags/ERR5729637.kraken2.homd_mags_ci15.output.tsv	16204905	11773882
homd_mags/ERR5729638.kraken2.homd_mags_ci15.output.tsv	16560816	12582996
homd_mags/ERR5729639.kraken2.homd_mags_ci15.output.tsv	15999162	11331798
homd_mags/ERR5729640.kraken2.homd_mags_ci15.output.tsv	19415488	9091948
homd_mags/ERR5729641.kraken2.homd_mags_ci15.output.tsv	22514470	8917636
homd_mags/ERR5729642.kraken2.homd_mags_ci15.output.tsv	16202812	11904074
homd_mags/ERR5729643.kraken2.homd_mags_ci15.output.tsv	16241841	9452975
homd_mags/ERR5729644.kraken2.homd_mags_ci15.output.tsv	18128444	10185332
homd_mags/ERR5729645.kraken2.homd_mags_ci15.output.tsv	13620235	9972466
homd_mags/ERR5729646.kraken2.homd_mags_ci15.output.tsv	15959194	9107034
homd_mags/ERR5729647.kraken2.homd_mags_ci15.output.tsv	14884240	11210040
homd_mags/ERR5729648.kraken2.homd_mags_ci15.output.tsv	13439078	10679140
homd_mags/ERR5729649.kraken2.homd_mags_ci15.output.tsv	13609637	11933453
homd_mags/ERR5729650.kraken2.homd_mags_ci15.output.tsv	13337019	10805979
homd_mags/ERR5729651.kraken2.homd_mags_ci15.output.tsv	11245535	12914493
homd_mags/ERR5729652.kraken2.homd_mags_ci15.output.tsv	15157963	10602872
homd_mags/ERR5729653.kraken2.homd_mags_ci15.output.tsv	15869435	9779357
homd_mags/ERR5729654.kraken2.homd_mags_ci15.output.tsv	17789288	8621593
homd_mags/ERR5729655.kraken2.homd_mags_ci15.output.tsv	16351128	11262779
homd_mags/ERR5729656.kraken2.homd_mags_ci15.output.tsv	15094951	9480109
homd_mags/ERR5729657.kraken2.homd_mags_ci15.output.tsv	16826780	11528963
homd_mags/ERR8050978.kraken2.homd_mags_ci15.output.tsv	195140133	83530318
homd_mags/ESA003.A0101.kraken2.homd_mags_ci15.output.tsv	6773433	3319304
homd_mags/ESA004.A0101.kraken2.homd_mags_ci15.output.tsv	3704809	4092387
homd_mags/ESA006.A0101.kraken2.homd_mags_ci15.output.tsv	5727616	5465970
homd_mags/ESA007.A0101.kraken2.homd_mags_ci15.output.tsv	6020709	3827038
homd_mags/ESA008.A0101.kraken2.homd_mags_ci15.output.tsv	5747104	3334150
homd_mags/FUM001.A0101.kraken2.homd_mags_ci15.output.tsv	3837796	6216735
homd_mags/FUM002.A0101.kraken2.homd_mags_ci15.output.tsv	7739979	9356577
homd_mags/FUM003.A0101.kraken2.homd_mags_ci15.output.tsv	9048276	6520554
homd_mags/FUT018.B0101.kraken2.homd_mags_ci15.output.tsv	122156	8520331
homd_mags/FUT021.B0101.kraken2.homd_mags_ci15.output.tsv	3601478	3761384
homd_mags/FUT024.B0101.kraken2.homd_mags_ci15.output.tsv	3463419	4889624
homd_mags/G12.kraken2.homd_mags_ci15.output.tsv	53606422	5962579
homd_mags/GDN001.A0101.kraken2.homd_mags_ci15.output.tsv	9656511	5375502
homd_mags/GDN001.B0101.kraken2.homd_mags_ci15.output.tsv	6729809	8342951
homd_mags/GOY005.A0103.SG1.kraken2.homd_mags_ci15.output.tsv	810896	2670083
homd_mags/GOY006.A0102.SG1.kraken2.homd_mags_ci15.output.tsv	11829844	26257712
homd_mags/GUE001.A0101.kraken2.homd_mags_ci15.output.tsv	312966	10426899
homd_mags/HCLVMBCX2-3505-01-00-01_S1.kraken2.homd_mags_ci15.output.tsv	1061789	2068779
homd_mags/HCLVMBCX2-3505-02-00-01_S2.kraken2.homd_mags_ci15.output.tsv	1696236	2665575
homd_mags/HCLVMBCX2-3505-03-00-01_S3.kraken2.homd_mags_ci15.output.tsv	2031807	3474080
homd_mags/HCLVMBCX2-3505-04-00-01_S4.kraken2.homd_mags_ci15.output.tsv	651688	4714084
homd_mags/HCLVMBCX2-3505-05-00-01_S5.kraken2.homd_mags_ci15.output.tsv	1269211	4241438
homd_mags/HCLVMBCX2-3505-06-00-01_S6.kraken2.homd_mags_ci15.output.tsv	12730503	11694805
homd_mags/HCLVMBCX2-3505-07-00-01_S7.kraken2.homd_mags_ci15.output.tsv	3137822	4266085
homd_mags/HCLVMBCX2-3505-08-00-01_S8.kraken2.homd_mags_ci15.output.tsv	3516527	7856744
homd_mags/HCLVMBCX2-3505-09-00-01_S9.kraken2.homd_mags_ci15.output.tsv	9045405	8044418
homd_mags/HCLVMBCX2-3505-10-00-01_S10.kraken2.homd_mags_ci15.output.tsv	2377779	1553549
homd_mags/HCLVMBCX2-3505-11-00-01_S11.kraken2.homd_mags_ci15.output.tsv	1561040	2267329
homd_mags/HCLVMBCX2-3505-12-00-01_S12.kraken2.homd_mags_ci15.output.tsv	4819897	3147528
homd_mags/HCLVMBCX2-3505-14-00-01_S14.kraken2.homd_mags_ci15.output.tsv	23263723	13008594
homd_mags/HCLVMBCX2-3505-15-00-01_S15.kraken2.homd_mags_ci15.output.tsv	4536232	6151630
homd_mags/HCLVMBCX2-3505-16-00-01_S16.kraken2.homd_mags_ci15.output.tsv	7789307	8639594
homd_mags/HCLVMBCX2-3505-17-00-01_S17.kraken2.homd_mags_ci15.output.tsv	4001273	7046994
homd_mags/HCLVMBCX2-3505-18-00-01_S18.kraken2.homd_mags_ci15.output.tsv	2295204	5123878
homd_mags/HCLVMBCX2-3505-20-00-01_S20.kraken2.homd_mags_ci15.output.tsv	1036520	4735406
homd_mags/HCLVMBCX2-3505-21-00-01_S21.kraken2.homd_mags_ci15.output.tsv	2176477	4083339
homd_mags/HCLVMBCX2-3505-22-00-01_S22.kraken2.homd_mags_ci15.output.tsv	1527583	4046583
homd_mags/HCLVMBCX2-3505-23-00-01_S23.kraken2.homd_mags_ci15.output.tsv	791320	3921774
homd_mags/HCLVMBCX2-3505-24-00-01_S24.kraken2.homd_mags_ci15.output.tsv	720678	4971253
homd_mags/HCLVMBCX2-3505-25-00-01_S25.kraken2.homd_mags_ci15.output.tsv	627474	4059116
homd_mags/HCLVMBCX2-3505-26-00-01_S26.kraken2.homd_mags_ci15.output.tsv	5041498	2082985
homd_mags/HCLVMBCX2-3505-27-00-01_S27.kraken2.homd_mags_ci15.output.tsv	718970	2908775
homd_mags/HCLVMBCX2-3505-28-00-01_S28.kraken2.homd_mags_ci15.output.tsv	2856209	4203378
homd_mags/HCLVMBCX2-3505-29-00-01_S29.kraken2.homd_mags_ci15.output.tsv	520482	3945496
homd_mags/HCLVMBCX2-3505-31-00-01_S31.kraken2.homd_mags_ci15.output.tsv	485308	3470787
homd_mags/HCLVMBCX2-3505-33-00-01_S33.kraken2.homd_mags_ci15.output.tsv	96140	2022167
homd_mags/IVE002.B0101.kraken2.homd_mags_ci15.output.tsv	11091331	2907276
homd_mags/IVE003.A0101.kraken2.homd_mags_ci15.output.tsv	6391775	2318777
homd_mags/IVE005.A0101.kraken2.homd_mags_ci15.output.tsv	6499537	2091060
homd_mags/IVE005.B0101.kraken2.homd_mags_ci15.output.tsv	11852118	3502728
homd_mags/IVE007.B0101.kraken2.homd_mags_ci15.output.tsv	11477032	3190027
homd_mags/JAE006.A0101.kraken2.homd_mags_ci15.output.tsv	81814384	5870761
homd_mags/JAE007.A0101.kraken2.homd_mags_ci15.output.tsv	62478784	3796473
homd_mags/JAE008.A0101.kraken2.homd_mags_ci15.output.tsv	59851850	5226942
homd_mags/JAE009.A0101.kraken2.homd_mags_ci15.output.tsv	60167940	5749947
homd_mags/JAE010.A0101.kraken2.homd_mags_ci15.output.tsv	54495341	5399705
homd_mags/JAE012.A0101.kraken2.homd_mags_ci15.output.tsv	58757202	3818011
homd_mags/JAE013.A0101.kraken2.homd_mags_ci15.output.tsv	36414526	2444456
homd_mags/JAE014.A0101.kraken2.homd_mags_ci15.output.tsv	61492711	6950160
homd_mags/JAE015.A0101.kraken2.homd_mags_ci15.output.tsv	50593273	6765735
homd_mags/JAE016.A0101.kraken2.homd_mags_ci15.output.tsv	84056973	10312174
homd_mags/KT01calc.kraken2.homd_mags_ci15.output.tsv	7944927	2606380
homd_mags/KT02calc.kraken2.homd_mags_ci15.output.tsv	2692809	1219201
homd_mags/KT03calc.kraken2.homd_mags_ci15.output.tsv	2921390	1003112
homd_mags/KT04calc.kraken2.homd_mags_ci15.output.tsv	3251730	1229957
homd_mags/KT05calc.kraken2.homd_mags_ci15.output.tsv	2623988	1820043
homd_mags/KT06calc.kraken2.homd_mags_ci15.output.tsv	4241689	1555771
homd_mags/KT07calc.kraken2.homd_mags_ci15.output.tsv	3572818	1638185
homd_mags/KT08calc.kraken2.homd_mags_ci15.output.tsv	3505511	1041801
homd_mags/KT09calc.kraken2.homd_mags_ci15.output.tsv	3257647	1372140
homd_mags/KT10calc.kraken2.homd_mags_ci15.output.tsv	3203058	1527755
homd_mags/KT11calc.kraken2.homd_mags_ci15.output.tsv	2935063	1450987
homd_mags/KT12calc.kraken2.homd_mags_ci15.output.tsv	2509413	1203918
homd_mags/KT13calc.kraken2.homd_mags_ci15.output.tsv	2722623	1364009
homd_mags/KT14calc.kraken2.homd_mags_ci15.output.tsv	3284386	1442509
homd_mags/KT15calc.kraken2.homd_mags_ci15.output.tsv	5284189	2187446
homd_mags/KT16calc.kraken2.homd_mags_ci15.output.tsv	2559247	1324243
homd_mags/KT17calc.kraken2.homd_mags_ci15.output.tsv	2509933	1075223
homd_mags/KT18calc.kraken2.homd_mags_ci15.output.tsv	3887942	1754062
homd_mags/KT19calc.kraken2.homd_mags_ci15.output.tsv	4854133	2088292
homd_mags/KT20calc.kraken2.homd_mags_ci15.output.tsv	5124889	2143525
homd_mags/KT21calc.kraken2.homd_mags_ci15.output.tsv	2494806	1359604
homd_mags/KT22calc.kraken2.homd_mags_ci15.output.tsv	3031136	1460720
homd_mags/KT23calc.kraken2.homd_mags_ci15.output.tsv	4692839	1919634
homd_mags/KT24calc.kraken2.homd_mags_ci15.output.tsv	4529652	1835381
homd_mags/KT25calc.kraken2.homd_mags_ci15.output.tsv	3869677	1539568
homd_mags/KT26calc.kraken2.homd_mags_ci15.output.tsv	4140038	1582313
homd_mags/KT27calc.kraken2.homd_mags_ci15.output.tsv	2774014	1347934
homd_mags/KT28calc.kraken2.homd_mags_ci15.output.tsv	3736180	1420987
homd_mags/KT29calc.kraken2.homd_mags_ci15.output.tsv	4381794	1634860
homd_mags/KT30calc.kraken2.homd_mags_ci15.output.tsv	3584162	1275106
homd_mags/KT31calc.kraken2.homd_mags_ci15.output.tsv	6972674	2305450
homd_mags/KT32calc.kraken2.homd_mags_ci15.output.tsv	3802473	1537325
homd_mags/KT33calc.kraken2.homd_mags_ci15.output.tsv	4767954	1839893
homd_mags/KT34calc.kraken2.homd_mags_ci15.output.tsv	3804777	2043641
homd_mags/KT35calc.kraken2.homd_mags_ci15.output.tsv	3039015	1223113
homd_mags/KT36calc.kraken2.homd_mags_ci15.output.tsv	3943767	1426050
homd_mags/LIS001.A0101.kraken2.homd_mags_ci15.output.tsv	7159371	3428047
homd_mags/LIS002.A0101.SG1.kraken2.homd_mags_ci15.output.tsv	5885960	5627806
homd_mags/LIS003.A0101.kraken2.homd_mags_ci15.output.tsv	6258318	4109957
homd_mags/MAWB10.kraken2.homd_mags_ci15.output.tsv	36127004	12080224
homd_mags/MAWB11.kraken2.homd_mags_ci15.output.tsv	7943960	3169460
homd_mags/MAWB12.kraken2.homd_mags_ci15.output.tsv	6247120	1999170
homd_mags/MAWB15.kraken2.homd_mags_ci15.output.tsv	25963507	7838827
homd_mags/MAWB3.kraken2.homd_mags_ci15.output.tsv	1230865	1384014
homd_mags/MAWB5.kraken2.homd_mags_ci15.output.tsv	4882044	3755114
homd_mags/MAWB6.kraken2.homd_mags_ci15.output.tsv	20391676	9789176
homd_mags/MID022.A0101.kraken2.homd_mags_ci15.output.tsv	8549104	2411993
homd_mags/MID023.A0101.kraken2.homd_mags_ci15.output.tsv	6726013	1400010
homd_mags/MID024.A0101.kraken2.homd_mags_ci15.output.tsv	7552135	2160527
homd_mags/MID025.A0101.kraken2.homd_mags_ci15.output.tsv	7366505	2065641
homd_mags/MID026.A0101.kraken2.homd_mags_ci15.output.tsv	6180549	1196782
homd_mags/MID027.A0101.kraken2.homd_mags_ci15.output.tsv	5476737	1231259
homd_mags/MID028.A0101.kraken2.homd_mags_ci15.output.tsv	5045853	1195026
homd_mags/MID029.A0101.kraken2.homd_mags_ci15.output.tsv	6161213	1308557
homd_mags/MID030.A0101.kraken2.homd_mags_ci15.output.tsv	7889955	2202954
homd_mags/MID031.A0101.kraken2.homd_mags_ci15.output.tsv	4748992	1398821
homd_mags/MID032.A0101.kraken2.homd_mags_ci15.output.tsv	8178779	2384934
homd_mags/MID033.A0101.kraken2.homd_mags_ci15.output.tsv	5791793	1608284
homd_mags/MID034.A0101.kraken2.homd_mags_ci15.output.tsv	7953071	2738221
homd_mags/MID035.A0101.kraken2.homd_mags_ci15.output.tsv	5165602	1736335
homd_mags/MID036.A0101.kraken2.homd_mags_ci15.output.tsv	7166460	1850318
homd_mags/MID037.A0101.kraken2.homd_mags_ci15.output.tsv	8745702	1967373
homd_mags/MID038.A0101.kraken2.homd_mags_ci15.output.tsv	5856253	1673776
homd_mags/MID039.A0101.kraken2.homd_mags_ci15.output.tsv	5507883	1417870
homd_mags/MID040.A0101.kraken2.homd_mags_ci15.output.tsv	6933294	2116637
homd_mags/MID041.A0101.kraken2.homd_mags_ci15.output.tsv	7253385	2017715
homd_mags/MID042.A0101.kraken2.homd_mags_ci15.output.tsv	6502121	1549538
homd_mags/MID043.A0101.kraken2.homd_mags_ci15.output.tsv	5938191	1626680
homd_mags/MID044.A0101.kraken2.homd_mags_ci15.output.tsv	6667686	1833956
homd_mags/MID045.A0101.kraken2.homd_mags_ci15.output.tsv	7550858	2537264
homd_mags/MID046.A0101.kraken2.homd_mags_ci15.output.tsv	5636306	1910376
homd_mags/MID047.A0101.kraken2.homd_mags_ci15.output.tsv	5527178	1449261
homd_mags/MID048.A0101.kraken2.homd_mags_ci15.output.tsv	6138274	1838908
homd_mags/MID049.A0101.kraken2.homd_mags_ci15.output.tsv	8256103	1862316
homd_mags/MID050.A0101.kraken2.homd_mags_ci15.output.tsv	9713413	2898370
homd_mags/MID051.A0101.kraken2.homd_mags_ci15.output.tsv	6885141	1622857
homd_mags/MID052.A0101.kraken2.homd_mags_ci15.output.tsv	7339182	2497609
homd_mags/MID053.A0101.kraken2.homd_mags_ci15.output.tsv	7863826	2809921
homd_mags/MID054.A0101.kraken2.homd_mags_ci15.output.tsv	10159017	2984422
homd_mags/MID055.A0101.kraken2.homd_mags_ci15.output.tsv	9047866	2651488
homd_mags/MID056.A0101.kraken2.homd_mags_ci15.output.tsv	9268138	2100966
homd_mags/MID057.A0101.kraken2.homd_mags_ci15.output.tsv	10519336	2736057
homd_mags/MID058.A0101.kraken2.homd_mags_ci15.output.tsv	7297699	2023613
homd_mags/MID059.A0101.kraken2.homd_mags_ci15.output.tsv	10376395	2539703
homd_mags/MID060.A0101.kraken2.homd_mags_ci15.output.tsv	6384558	1786769
homd_mags/MID061.A0101.kraken2.homd_mags_ci15.output.tsv	9597792	1413339
homd_mags/MID062.A0101.kraken2.homd_mags_ci15.output.tsv	6027998	1892047
homd_mags/MID063.A0101.kraken2.homd_mags_ci15.output.tsv	7283220	2272298
homd_mags/MID064.A0101.kraken2.homd_mags_ci15.output.tsv	7610550	2229041
homd_mags/MID065.A0101.kraken2.homd_mags_ci15.output.tsv	8281765	1823162
homd_mags/MID066.A0101.kraken2.homd_mags_ci15.output.tsv	7240109	1928884
homd_mags/MID067.A0101.kraken2.homd_mags_ci15.output.tsv	7190638	2237944
homd_mags/MID068.A0101.kraken2.homd_mags_ci15.output.tsv	5291801	1566538
homd_mags/MID068.B0101.kraken2.homd_mags_ci15.output.tsv	3771326	1686870
homd_mags/MID070.A0101.kraken2.homd_mags_ci15.output.tsv	7773324	2312154
homd_mags/MID071.A0101.kraken2.homd_mags_ci15.output.tsv	8079974	2041756
homd_mags/MID072.A0101.kraken2.homd_mags_ci15.output.tsv	8233586	2256261
homd_mags/MID073.A0101.kraken2.homd_mags_ci15.output.tsv	9552735	2438521
homd_mags/MID074.A0101.kraken2.homd_mags_ci15.output.tsv	3006253	902142
homd_mags/MID075.A0101.kraken2.homd_mags_ci15.output.tsv	3539656	1150865
homd_mags/MID076.A0101.kraken2.homd_mags_ci15.output.tsv	6131700	2145621
homd_mags/MID077.A0101.kraken2.homd_mags_ci15.output.tsv	9802292	2537552
homd_mags/MID078.A0101.kraken2.homd_mags_ci15.output.tsv	6108154	1473011
homd_mags/MID079.A0101.kraken2.homd_mags_ci15.output.tsv	8136060	1770827
homd_mags/MID080.A0101.kraken2.homd_mags_ci15.output.tsv	3453356	765726
homd_mags/MID081.A0101.kraken2.homd_mags_ci15.output.tsv	7780185	2187290
homd_mags/MID082.A0101.kraken2.homd_mags_ci15.output.tsv	8457554	2720793
homd_mags/MID083.A0101.kraken2.homd_mags_ci15.output.tsv	8001616	2164973
homd_mags/MID084.A0101.kraken2.homd_mags_ci15.output.tsv	10321992	2843280
homd_mags/MID085.A0101.kraken2.homd_mags_ci15.output.tsv	11061134	2706428
homd_mags/MID086.A0101.kraken2.homd_mags_ci15.output.tsv	3316970	792289
homd_mags/MID087.A0101.kraken2.homd_mags_ci15.output.tsv	6839900	1420779
homd_mags/MID088.A0101.kraken2.homd_mags_ci15.output.tsv	9714297	2301307
homd_mags/MID089.A0101.kraken2.homd_mags_ci15.output.tsv	7153403	2159561
homd_mags/MID090.A0101.kraken2.homd_mags_ci15.output.tsv	3414480	619384
homd_mags/MID091.A0101.kraken2.homd_mags_ci15.output.tsv	10304790	3353175
homd_mags/MID092.A0101.kraken2.homd_mags_ci15.output.tsv	8069009	2705795
homd_mags/MID093.A0101.kraken2.homd_mags_ci15.output.tsv	11295433	2530518
homd_mags/MID094.A0101.kraken2.homd_mags_ci15.output.tsv	9886238	2170529
homd_mags/MID097.A0101.kraken2.homd_mags_ci15.output.tsv	7781296	2758580
homd_mags/MID101.A0101.kraken2.homd_mags_ci15.output.tsv	7656143	2120852
homd_mags/MID102.A0101.kraken2.homd_mags_ci15.output.tsv	7178747	2831876
homd_mags/MOA001.A0101.kraken2.homd_mags_ci15.output.tsv	3534061	3186194
homd_mags/MOA001.A0102.kraken2.homd_mags_ci15.output.tsv	4302082	4129816
homd_mags/NMU115.A0101.kraken2.homd_mags_ci15.output.tsv	7445879	2758702
homd_mags/NMU116.A0101.kraken2.homd_mags_ci15.output.tsv	496964	4979043
homd_mags/NMU117.A0101.kraken2.homd_mags_ci15.output.tsv	8283532	2945099
homd_mags/NMU118.A0101.kraken2.homd_mags_ci15.output.tsv	7759565	3001197
homd_mags/NMU119.A0101.kraken2.homd_mags_ci15.output.tsv	6632292	4309832
homd_mags/NMU120.A0101.kraken2.homd_mags_ci15.output.tsv	9281774	4480981
homd_mags/NMU121.A0101.kraken2.homd_mags_ci15.output.tsv	8469725	2615654
homd_mags/NMU122.A0101.kraken2.homd_mags_ci15.output.tsv	6970223	4934004
homd_mags/NMU123.A0101.kraken2.homd_mags_ci15.output.tsv	3896880	2593530
homd_mags/NMU124.A0101.kraken2.homd_mags_ci15.output.tsv	6778411	4366159
homd_mags/NMU125.A0101.kraken2.homd_mags_ci15.output.tsv	7326170	3283495
homd_mags/NMU126.A0101.kraken2.homd_mags_ci15.output.tsv	7468924	3131114
homd_mags/NMU127.A0101.kraken2.homd_mags_ci15.output.tsv	7519017	2548849
homd_mags/NMU128.A0101.kraken2.homd_mags_ci15.output.tsv	8317672	3014772
homd_mags/NMU129.A0101.kraken2.homd_mags_ci15.output.tsv	5759487	3407413
homd_mags/NMU130.A0101.kraken2.homd_mags_ci15.output.tsv	9191478	3464721
homd_mags/NMU131.A0101.kraken2.homd_mags_ci15.output.tsv	1164727	8137740
homd_mags/OAK001.A0101.kraken2.homd_mags_ci15.output.tsv	1320200	9779924
homd_mags/OAK002.A0101.kraken2.homd_mags_ci15.output.tsv	5023160	8934636
homd_mags/OAK003.A0101.kraken2.homd_mags_ci15.output.tsv	9516816	7621952
homd_mags/OAK004.A0101.kraken2.homd_mags_ci15.output.tsv	5259883	8148428
homd_mags/OAK005.A0101.kraken2.homd_mags_ci15.output.tsv	8722851	8162963
homd_mags/OFN001.A0101.kraken2.homd_mags_ci15.output.tsv	5768662	6585729
homd_mags/PAH001.A0102.kraken2.homd_mags_ci15.output.tsv	4607832	4062536
homd_mags/PAH002.A0101.kraken2.homd_mags_ci15.output.tsv	5982704	5374807
homd_mags/PAH003.A0101.kraken2.homd_mags_ci15.output.tsv	3179786	5612557
homd_mags/PES001.B0101.kraken2.homd_mags_ci15.output.tsv	7800520	4070275
homd_mags/PLV001.A0101.kraken2.homd_mags_ci15.output.tsv	6977502	4404870
homd_mags/PYK001.A0101.kraken2.homd_mags_ci15.output.tsv	5333540	9874968
homd_mags/PYK002.A0101.kraken2.homd_mags_ci15.output.tsv	9740931	7431392
homd_mags/PYK003.A0101.kraken2.homd_mags_ci15.output.tsv	7914053	6781188
homd_mags/PYK004.A0101.kraken2.homd_mags_ci15.output.tsv	11629878	5032926
homd_mags/PYK005.A0101.kraken2.homd_mags_ci15.output.tsv	14746688	6674238
homd_mags/RAP001.A0101.kraken2.homd_mags_ci15.output.tsv	10396260	3404372
homd_mags/RAP002.A0101.kraken2.homd_mags_ci15.output.tsv	7200044	3159070
homd_mags/RIG001.A0101.kraken2.homd_mags_ci15.output.tsv	12837160	13119726
homd_mags/RUV001.kraken2.homd_mags_ci15.output.tsv	3512879	7467367
homd_mags/SA-001.kraken2.homd_mags_ci15.output.tsv	11195541	4505664
homd_mags/SA-002.kraken2.homd_mags_ci15.output.tsv	8442628	3597029
homd_mags/SA-003.kraken2.homd_mags_ci15.output.tsv	7390817	3444211
homd_mags/SA-004.kraken2.homd_mags_ci15.output.tsv	9668987	3400977
homd_mags/SA-005.kraken2.homd_mags_ci15.output.tsv	11449735	3326501
homd_mags/SA-006.kraken2.homd_mags_ci15.output.tsv	8190866	2697617
homd_mags/SA-007.kraken2.homd_mags_ci15.output.tsv	9648013	2933930
homd_mags/SA-008.kraken2.homd_mags_ci15.output.tsv	11621608	3266124
homd_mags/SA-009.kraken2.homd_mags_ci15.output.tsv	9516346	4129391
homd_mags/SA-010.kraken2.homd_mags_ci15.output.tsv	7263023	3011099
homd_mags/SA-011.kraken2.homd_mags_ci15.output.tsv	9497234	4424545
homd_mags/SIG031.A0101.kraken2.homd_mags_ci15.output.tsv	8163286	3204495
homd_mags/SIG032.A0101.kraken2.homd_mags_ci15.output.tsv	8176119	3665037
homd_mags/SIG033.A0101.kraken2.homd_mags_ci15.output.tsv	7605362	3897885
homd_mags/SIG034.A0101.kraken2.homd_mags_ci15.output.tsv	1224959	11774347
homd_mags/SIG035.A0101.kraken2.homd_mags_ci15.output.tsv	4198034	7563851
homd_mags/SIG036.A0101.kraken2.homd_mags_ci15.output.tsv	249016	11409545
homd_mags/SIG037.A0101.kraken2.homd_mags_ci15.output.tsv	1400589	10101876
homd_mags/SIG038.A0101.kraken2.homd_mags_ci15.output.tsv	595387	5779597
homd_mags/SIG039.A0101.kraken2.homd_mags_ci15.output.tsv	960245	9803729
homd_mags/SIG040.A0101.kraken2.homd_mags_ci15.output.tsv	2364251	8059219
homd_mags/SIG040.A0201.kraken2.homd_mags_ci15.output.tsv	3163889	10090314
homd_mags/SIG041.A0101.kraken2.homd_mags_ci15.output.tsv	4824261	11414056
homd_mags/SIG042.A0101.kraken2.homd_mags_ci15.output.tsv	2303515	6218468
homd_mags/SIG043.A0101.kraken2.homd_mags_ci15.output.tsv	5789326	5706285
homd_mags/SIG044.A0101.kraken2.homd_mags_ci15.output.tsv	2735145	7028708
homd_mags/SIG045.A0101.kraken2.homd_mags_ci15.output.tsv	1726684	2363330
homd_mags/SIG046.A0101.kraken2.homd_mags_ci15.output.tsv	8305700	5849028
homd_mags/SIG046.A0201.kraken2.homd_mags_ci15.output.tsv	4829483	8902167
homd_mags/SIG047.A0101.kraken2.homd_mags_ci15.output.tsv	2889235	7695315
homd_mags/SMD017.kraken2.homd_mags_ci15.output.tsv	10753403	3679558
homd_mags/SMD033.kraken2.homd_mags_ci15.output.tsv	8832836	2811045
homd_mags/SMD046.kraken2.homd_mags_ci15.output.tsv	8595940	2447833
homd_mags/SMD047.kraken2.homd_mags_ci15.output.tsv	9507651	2855331
homd_mags/SMD051.kraken2.homd_mags_ci15.output.tsv	10473680	3231176
homd_mags/SPM001.A0101.kraken2.homd_mags_ci15.output.tsv	480324	1818787
homd_mags/SPM002.A0101.kraken2.homd_mags_ci15.output.tsv	407207	940855
homd_mags/SRR11176627.kraken2.homd_mags_ci15.output.tsv	29639364	3911151
homd_mags/SRR11176628.kraken2.homd_mags_ci15.output.tsv	9807513	1511356
homd_mags/SRR11176629.kraken2.homd_mags_ci15.output.tsv	15738861	3112101
homd_mags/SRR11176630.kraken2.homd_mags_ci15.output.tsv	12708396	2830972
homd_mags/SRR11176631.kraken2.homd_mags_ci15.output.tsv	4094861	7439275
homd_mags/SRR11176632.kraken2.homd_mags_ci15.output.tsv	6878750	1582559
homd_mags/SRR11176633.kraken2.homd_mags_ci15.output.tsv	4177868	913129
homd_mags/SRR11176634.kraken2.homd_mags_ci15.output.tsv	8171175	1659687
homd_mags/SRR11176635.kraken2.homd_mags_ci15.output.tsv	14827650	2157559
homd_mags/SRR11176636.kraken2.homd_mags_ci15.output.tsv	13832850	3415529
homd_mags/SRR11176638.kraken2.homd_mags_ci15.output.tsv	4862107	963236
homd_mags/SRR11176639.kraken2.homd_mags_ci15.output.tsv	14671766	2537701
homd_mags/SRR11176640.kraken2.homd_mags_ci15.output.tsv	21973065	2784080
homd_mags/SRR11176641.kraken2.homd_mags_ci15.output.tsv	11086518	1167904
homd_mags/SRR11176642.kraken2.homd_mags_ci15.output.tsv	11450585	2711614
homd_mags/SRR12136712.kraken2.homd_mags_ci15.output.tsv	605274	894501
homd_mags/SRR12136713.kraken2.homd_mags_ci15.output.tsv	3852589	3016829
homd_mags/SRR12557006.kraken2.homd_mags_ci15.output.tsv	2948498	2631723
homd_mags/SRR12557007.kraken2.homd_mags_ci15.output.tsv	5352734	2710763
homd_mags/SRR12557008.kraken2.homd_mags_ci15.output.tsv	940930	918917
homd_mags/SRR13263116.kraken2.homd_mags_ci15.output.tsv	342560	67127
homd_mags/SRR13263117.kraken2.homd_mags_ci15.output.tsv	355645	16750
homd_mags/SRR13263118.kraken2.homd_mags_ci15.output.tsv	2689309	1712849
homd_mags/SRR13263119.kraken2.homd_mags_ci15.output.tsv	142353	66457
homd_mags/SRR13263120.kraken2.homd_mags_ci15.output.tsv	7863657	7277607
homd_mags/SRR13263123.kraken2.homd_mags_ci15.output.tsv	47288010	25369862
homd_mags/SRR13263124.kraken2.homd_mags_ci15.output.tsv	46133475	21424974
homd_mags/SRR13263126.kraken2.homd_mags_ci15.output.tsv	74072	35930
homd_mags/SRR13263127.kraken2.homd_mags_ci15.output.tsv	93924	40625
homd_mags/SRR13263128.kraken2.homd_mags_ci15.output.tsv	203714	84489
homd_mags/SRR13263130.kraken2.homd_mags_ci15.output.tsv	8034150	14729791
homd_mags/SRR13263131.kraken2.homd_mags_ci15.output.tsv	3865385	2184025
homd_mags/SRR13263132.kraken2.homd_mags_ci15.output.tsv	128587	53485
homd_mags/SRR13263133.kraken2.homd_mags_ci15.output.tsv	41985	24736
homd_mags/SRR13263134.kraken2.homd_mags_ci15.output.tsv	128222	80333
homd_mags/SRR13263135.kraken2.homd_mags_ci15.output.tsv	145782	99337
homd_mags/SRR13263136.kraken2.homd_mags_ci15.output.tsv	1037966	559313
homd_mags/SRR13263137.kraken2.homd_mags_ci15.output.tsv	3140585	2437180
homd_mags/SRR13263138.kraken2.homd_mags_ci15.output.tsv	861662	225153
homd_mags/SRR13355784.kraken2.homd_mags_ci15.output.tsv	595584	57011
homd_mags/SRR13355785.kraken2.homd_mags_ci15.output.tsv	408411	75109
homd_mags/SRR13355786.kraken2.homd_mags_ci15.output.tsv	537414	63171
homd_mags/SRR13355787.kraken2.homd_mags_ci15.output.tsv	366472	61784
homd_mags/SRR13355789.kraken2.homd_mags_ci15.output.tsv	438326	68891
homd_mags/SRR13355790.kraken2.homd_mags_ci15.output.tsv	281075	58352
homd_mags/SRR13355791.kraken2.homd_mags_ci15.output.tsv	1128420	320081
homd_mags/SRR13355792.kraken2.homd_mags_ci15.output.tsv	356845	73360
homd_mags/SRR13355794.kraken2.homd_mags_ci15.output.tsv	207856	47217
homd_mags/SRR13355796.kraken2.homd_mags_ci15.output.tsv	3988084	935638
homd_mags/SRR13355797.kraken2.homd_mags_ci15.output.tsv	4714169	1298931
homd_mags/SRR13355798.kraken2.homd_mags_ci15.output.tsv	8565886	1653132
homd_mags/SRR13355799.kraken2.homd_mags_ci15.output.tsv	4138387	794675
homd_mags/SRR13355800.kraken2.homd_mags_ci15.output.tsv	5254642	1005821
homd_mags/SRR13355801.kraken2.homd_mags_ci15.output.tsv	5338993	816435
homd_mags/SRR13355802.kraken2.homd_mags_ci15.output.tsv	511643	109765
homd_mags/SRR13355803.kraken2.homd_mags_ci15.output.tsv	447558	66833
homd_mags/SRR13355804.kraken2.homd_mags_ci15.output.tsv	339531	63260
homd_mags/SRR13355805.kraken2.homd_mags_ci15.output.tsv	315195	52692
homd_mags/SRR13355806.kraken2.homd_mags_ci15.output.tsv	604143	124101
homd_mags/SRR13355807.kraken2.homd_mags_ci15.output.tsv	459623	90949
homd_mags/SRR13355808.kraken2.homd_mags_ci15.output.tsv	558015	98717
homd_mags/SRR13355809.kraken2.homd_mags_ci15.output.tsv	361215	70573
homd_mags/SRR13355810.kraken2.homd_mags_ci15.output.tsv	119855	20494
homd_mags/SRR13355811.kraken2.homd_mags_ci15.output.tsv	416976	90713
homd_mags/SRR13355812.kraken2.homd_mags_ci15.output.tsv	352272	89825
homd_mags/SRR13355813.kraken2.homd_mags_ci15.output.tsv	323231	82307
homd_mags/SRR14894172.kraken2.homd_mags_ci15.output.tsv	9486653	8745592
homd_mags/SRR14894173.kraken2.homd_mags_ci15.output.tsv	7249885	6826889
homd_mags/SRR14894174.kraken2.homd_mags_ci15.output.tsv	8627093	8906875
homd_mags/SRR14894175.kraken2.homd_mags_ci15.output.tsv	12588568	5994462
homd_mags/SRR14894176.kraken2.homd_mags_ci15.output.tsv	8130437	8506963
homd_mags/SRR14894177.kraken2.homd_mags_ci15.output.tsv	13020855	6026883
homd_mags/SRR1646030.kraken2.homd_mags_ci15.output.tsv	895960	335742
homd_mags/SRR1646031.kraken2.homd_mags_ci15.output.tsv	3166156	747512
homd_mags/SRR1646032.kraken2.homd_mags_ci15.output.tsv	123866	36565
homd_mags/SRR1646033.kraken2.homd_mags_ci15.output.tsv	853586	326091
homd_mags/SRR1646038.kraken2.homd_mags_ci15.output.tsv	1504234	332995
homd_mags/SRR1646039.kraken2.homd_mags_ci15.output.tsv	605058	210489
homd_mags/SRR1646040.kraken2.homd_mags_ci15.output.tsv	2345362	812266
homd_mags/SRR1646041.kraken2.homd_mags_ci15.output.tsv	9737	4501
homd_mags/SRR1646042.kraken2.homd_mags_ci15.output.tsv	1053410	304040
homd_mags/SRR1646043.kraken2.homd_mags_ci15.output.tsv	525343	196682
homd_mags/SRR1646044.kraken2.homd_mags_ci15.output.tsv	624590	173708
homd_mags/SRR1646045.kraken2.homd_mags_ci15.output.tsv	114250	32534
homd_mags/SRR1646046.kraken2.homd_mags_ci15.output.tsv	1188792	203210
homd_mags/SRR1646047.kraken2.homd_mags_ci15.output.tsv	420059	117526
homd_mags/SRR17604731.kraken2.homd_mags_ci15.output.tsv	1947868	74651711
homd_mags/SRR17604732.kraken2.homd_mags_ci15.output.tsv	9333250	5635944
homd_mags/SRR17604735.kraken2.homd_mags_ci15.output.tsv	5650052	5940710
homd_mags/SRR17604736.kraken2.homd_mags_ci15.output.tsv	7001928	4664843
homd_mags/SRR17604737.kraken2.homd_mags_ci15.output.tsv	5036973	8150678
homd_mags/SRR17604738.kraken2.homd_mags_ci15.output.tsv	4564774	5414364
homd_mags/SRR17604739.kraken2.homd_mags_ci15.output.tsv	7728943	4850154
homd_mags/SRR17604740.kraken2.homd_mags_ci15.output.tsv	2774284	7782291
homd_mags/SRR17604741.kraken2.homd_mags_ci15.output.tsv	262431	125005
homd_mags/SRR17604742.kraken2.homd_mags_ci15.output.tsv	6037263	4822049
homd_mags/SRR17604743.kraken2.homd_mags_ci15.output.tsv	6719664	3676434
homd_mags/SRR17604744.kraken2.homd_mags_ci15.output.tsv	6578019	4190198
homd_mags/SRR17604745.kraken2.homd_mags_ci15.output.tsv	5719268	8473127
homd_mags/SRR17604746.kraken2.homd_mags_ci15.output.tsv	7721225	5043832
homd_mags/SRR17604747.kraken2.homd_mags_ci15.output.tsv	7808002	4661127
homd_mags/SRR17604748.kraken2.homd_mags_ci15.output.tsv	4955185	4287292
homd_mags/SRR17604749.kraken2.homd_mags_ci15.output.tsv	5063613	4450085
homd_mags/SRR17604750.kraken2.homd_mags_ci15.output.tsv	6082874	7410072
homd_mags/SRR17604751.kraken2.homd_mags_ci15.output.tsv	10876072	5519102
homd_mags/SRR17604752.kraken2.homd_mags_ci15.output.tsv	4858648	4077973
homd_mags/SRR17604753.kraken2.homd_mags_ci15.output.tsv	9815430	5389323
homd_mags/SRR17604754.kraken2.homd_mags_ci15.output.tsv	280706	8858928
homd_mags/SRR17604755.kraken2.homd_mags_ci15.output.tsv	5675414	4641433
homd_mags/SRR17604756.kraken2.homd_mags_ci15.output.tsv	6180385	5628488
homd_mags/SRR17604757.kraken2.homd_mags_ci15.output.tsv	16736222	18176965
homd_mags/SRR17604758.kraken2.homd_mags_ci15.output.tsv	8476159	6322442
homd_mags/SRR17604759.kraken2.homd_mags_ci15.output.tsv	5300230	4439684
homd_mags/SRR17604760.kraken2.homd_mags_ci15.output.tsv	12920475	6668489
homd_mags/SRR17604761.kraken2.homd_mags_ci15.output.tsv	4588120	35164459
homd_mags/SRR17604762.kraken2.homd_mags_ci15.output.tsv	10592938	7322487
homd_mags/SRR17604763.kraken2.homd_mags_ci15.output.tsv	8466068	5418756
homd_mags/SRR17604764.kraken2.homd_mags_ci15.output.tsv	9559669	10503158
homd_mags/SRR17604765.kraken2.homd_mags_ci15.output.tsv	205258	135481
homd_mags/SRR17604766.kraken2.homd_mags_ci15.output.tsv	155635	126478
homd_mags/SRR17604767.kraken2.homd_mags_ci15.output.tsv	227840	138921
homd_mags/SRR17604768.kraken2.homd_mags_ci15.output.tsv	269757	108078
homd_mags/SRR17604769.kraken2.homd_mags_ci15.output.tsv	194218	142673
homd_mags/SRR17604770.kraken2.homd_mags_ci15.output.tsv	163573	163779
homd_mags/SRR17604771.kraken2.homd_mags_ci15.output.tsv	7075881	4796070
homd_mags/SRR17604772.kraken2.homd_mags_ci15.output.tsv	1988709	1228624
homd_mags/SRR17604773.kraken2.homd_mags_ci15.output.tsv	1546856	2291127
homd_mags/SRR17604774.kraken2.homd_mags_ci15.output.tsv	2840696	1624445
homd_mags/SRR17604775.kraken2.homd_mags_ci15.output.tsv	3361487	6631424
homd_mags/SRR17604776.kraken2.homd_mags_ci15.output.tsv	5031458	3357457
homd_mags/SRR17604777.kraken2.homd_mags_ci15.output.tsv	9926521	6391188
homd_mags/SRR17604778.kraken2.homd_mags_ci15.output.tsv	3631224	9061401
homd_mags/SRR17604779.kraken2.homd_mags_ci15.output.tsv	9089241	7824902
homd_mags/SRR17604780.kraken2.homd_mags_ci15.output.tsv	12854402	15081677
homd_mags/SRR17604781.kraken2.homd_mags_ci15.output.tsv	1458028	17508616
homd_mags/SRR17604782.kraken2.homd_mags_ci15.output.tsv	2776277	9916988
homd_mags/SRR17604783.kraken2.homd_mags_ci15.output.tsv	5116920	39504343
homd_mags/SRR17604784.kraken2.homd_mags_ci15.output.tsv	8247321	36366170
homd_mags/SRR17604785.kraken2.homd_mags_ci15.output.tsv	3333539	1714524
homd_mags/SRR17604786.kraken2.homd_mags_ci15.output.tsv	4576502	8759597
homd_mags/SRR17604787.kraken2.homd_mags_ci15.output.tsv	3102648	10281386
homd_mags/SRR17604788.kraken2.homd_mags_ci15.output.tsv	2404111	11108635
homd_mags/SRR17604789.kraken2.homd_mags_ci15.output.tsv	3567506	11388229
homd_mags/SRR17604790.kraken2.homd_mags_ci15.output.tsv	2135245	6011385
homd_mags/SRR17604791.kraken2.homd_mags_ci15.output.tsv	8313452	5161377
homd_mags/SRR17604792.kraken2.homd_mags_ci15.output.tsv	9401147	5451125
homd_mags/SRR17604793.kraken2.homd_mags_ci15.output.tsv	11354029	6243976
homd_mags/SRR17604794.kraken2.homd_mags_ci15.output.tsv	203344	141676
homd_mags/SRR17604795.kraken2.homd_mags_ci15.output.tsv	8001597	3837504
homd_mags/SRR17604796.kraken2.homd_mags_ci15.output.tsv	8021584	3393490
homd_mags/SRR17604797.kraken2.homd_mags_ci15.output.tsv	4540561	5502341
homd_mags/SRR17604798.kraken2.homd_mags_ci15.output.tsv	5651860	3992617
homd_mags/SRR17604799.kraken2.homd_mags_ci15.output.tsv	3280944	3010994
homd_mags/SRR17604800.kraken2.homd_mags_ci15.output.tsv	3053522	5125361
homd_mags/SRR17604801.kraken2.homd_mags_ci15.output.tsv	1031934	14329382
homd_mags/SRR17604802.kraken2.homd_mags_ci15.output.tsv	8275	433921
homd_mags/SRR17604803.kraken2.homd_mags_ci15.output.tsv	188860	183106
homd_mags/SRR17604804.kraken2.homd_mags_ci15.output.tsv	7002647	7366576
homd_mags/SRR17604805.kraken2.homd_mags_ci15.output.tsv	8613492	4699452
homd_mags/SRR17604806.kraken2.homd_mags_ci15.output.tsv	1257027	9188954
homd_mags/SRR17604807.kraken2.homd_mags_ci15.output.tsv	5735651	3991730
homd_mags/SRR17604808.kraken2.homd_mags_ci15.output.tsv	8315544	5500900
homd_mags/SRR5297130.kraken2.homd_mags_ci15.output.tsv	4017053	2867239
homd_mags/SRR5297131.kraken2.homd_mags_ci15.output.tsv	1309622	953572
homd_mags/SRR5297132.kraken2.homd_mags_ci15.output.tsv	1740751	999018
homd_mags/SRR5297133.kraken2.homd_mags_ci15.output.tsv	1970170	1334394
homd_mags/SRR6877282.kraken2.homd_mags_ci15.output.tsv	9602118	1544625
homd_mags/SRR6877284.kraken2.homd_mags_ci15.output.tsv	20094237	4150248
homd_mags/SRR6877286.kraken2.homd_mags_ci15.output.tsv	6987558	1689899
homd_mags/SRR6877288.kraken2.homd_mags_ci15.output.tsv	7736372	3619417
homd_mags/SRR6877290.kraken2.homd_mags_ci15.output.tsv	7703561	1848826
homd_mags/SRR6877292.kraken2.homd_mags_ci15.output.tsv	11585110	3827404
homd_mags/SRR6877310.kraken2.homd_mags_ci15.output.tsv	4773272	1562021
homd_mags/SRR6877312.kraken2.homd_mags_ci15.output.tsv	4545668	1574788
homd_mags/SRR6877323.kraken2.homd_mags_ci15.output.tsv	8478982	3446529
homd_mags/SRR6877324.kraken2.homd_mags_ci15.output.tsv	6486513	2326823
homd_mags/SRR6877326.kraken2.homd_mags_ci15.output.tsv	5521950	1646180
homd_mags/SRR6877393.kraken2.homd_mags_ci15.output.tsv	6152678	1629549
homd_mags/SRS011098.kraken2.homd_mags_ci15.output.tsv	34822511	5004685
homd_mags/SRS011126.kraken2.homd_mags_ci15.output.tsv	62189082	3015980
homd_mags/SRS011152.kraken2.homd_mags_ci15.output.tsv	40413222	1532297
homd_mags/SRS011247.kraken2.homd_mags_ci15.output.tsv	17002728	813406
homd_mags/SRS011255.kraken2.homd_mags_ci15.output.tsv	26946544	1682586
homd_mags/SRS011310.kraken2.homd_mags_ci15.output.tsv	14615136	1210563
homd_mags/SRS011343.kraken2.homd_mags_ci15.output.tsv	30239106	1450262
homd_mags/SRS012285.kraken2.homd_mags_ci15.output.tsv	46702903	1073778
homd_mags/SRS013170.kraken2.homd_mags_ci15.output.tsv	47778479	1795615
homd_mags/SRS013252.kraken2.homd_mags_ci15.output.tsv	58503754	2976999
homd_mags/SRS013506.kraken2.homd_mags_ci15.output.tsv	12069027	515179
homd_mags/SRS013533.kraken2.homd_mags_ci15.output.tsv	36021826	2448368
homd_mags/SRS013723.kraken2.homd_mags_ci15.output.tsv	64498614	2833836
homd_mags/SRS013836.kraken2.homd_mags_ci15.output.tsv	22665270	2030655
homd_mags/SRS013942.kraken2.homd_mags_ci15.output.tsv	4295569	227775
homd_mags/SRS013945.kraken2.homd_mags_ci15.output.tsv	24685694	368317
homd_mags/SRS013949.kraken2.homd_mags_ci15.output.tsv	49206001	1739141
homd_mags/SRS013950.kraken2.homd_mags_ci15.output.tsv	18982139	1777926
homd_mags/SRS014107.kraken2.homd_mags_ci15.output.tsv	6828351	266374
homd_mags/SRS014468.kraken2.homd_mags_ci15.output.tsv	1338055	179427
homd_mags/SRS014476.kraken2.homd_mags_ci15.output.tsv	33407590	1791769
homd_mags/SRS014477.kraken2.homd_mags_ci15.output.tsv	6421962	431154
homd_mags/SRS014578.kraken2.homd_mags_ci15.output.tsv	37144971	1444648
homd_mags/SRS014690.kraken2.homd_mags_ci15.output.tsv	43608806	2433168
homd_mags/SRS014691.kraken2.homd_mags_ci15.output.tsv	20241213	1604083
homd_mags/SRS014692.kraken2.homd_mags_ci15.output.tsv	9392500	851272
homd_mags/SRS014894.kraken2.homd_mags_ci15.output.tsv	25694518	858784
homd_mags/SRS015044.kraken2.homd_mags_ci15.output.tsv	39693703	1883537
homd_mags/SRS015055.kraken2.homd_mags_ci15.output.tsv	4188773	572321
homd_mags/SRS015063.kraken2.homd_mags_ci15.output.tsv	40428922	986105
homd_mags/SRS015064.kraken2.homd_mags_ci15.output.tsv	17596594	1033417
homd_mags/SRS015158.kraken2.homd_mags_ci15.output.tsv	47509884	2225332
homd_mags/SRS015215.kraken2.homd_mags_ci15.output.tsv	39521343	1620695
homd_mags/SRS015278.kraken2.homd_mags_ci15.output.tsv	33984929	1953656
homd_mags/SRS015378.kraken2.homd_mags_ci15.output.tsv	15573664	560900
homd_mags/SRS015436.kraken2.homd_mags_ci15.output.tsv	13850705	734652
homd_mags/SRS015440.kraken2.homd_mags_ci15.output.tsv	48803981	1676260
homd_mags/SRS015470.kraken2.homd_mags_ci15.output.tsv	49717811	2488972
homd_mags/SRS015574.kraken2.homd_mags_ci15.output.tsv	39898257	2011370
homd_mags/SRS015650.kraken2.homd_mags_ci15.output.tsv	20728530	389747
homd_mags/SRS015755.kraken2.homd_mags_ci15.output.tsv	16520336	982765
homd_mags/SRS015799.kraken2.homd_mags_ci15.output.tsv	10049797	377511
homd_mags/SRS015803.kraken2.homd_mags_ci15.output.tsv	43862527	1984742
homd_mags/SRS015899.kraken2.homd_mags_ci15.output.tsv	48577741	2179880
homd_mags/SRS015947.kraken2.homd_mags_ci15.output.tsv	35449603	2103455
homd_mags/SRS015989.kraken2.homd_mags_ci15.output.tsv	43263437	680210
homd_mags/SRS016043.kraken2.homd_mags_ci15.output.tsv	28656977	1347622
homd_mags/SRS016092.kraken2.homd_mags_ci15.output.tsv	34934196	1233470
homd_mags/SRS016200.kraken2.homd_mags_ci15.output.tsv	42544242	1691413
homd_mags/SRS016331.kraken2.homd_mags_ci15.output.tsv	32429454	2217982
homd_mags/SRS016360.kraken2.homd_mags_ci15.output.tsv	47435445	1356470
homd_mags/SRS016541.kraken2.homd_mags_ci15.output.tsv	27961209	4766959
homd_mags/SRS016575.kraken2.homd_mags_ci15.output.tsv	41061515	1122313
homd_mags/SRS016746.kraken2.homd_mags_ci15.output.tsv	48728045	1980851
homd_mags/SRS017025.kraken2.homd_mags_ci15.output.tsv	22483015	670230
homd_mags/SRS017088.kraken2.homd_mags_ci15.output.tsv	10368355	422968
homd_mags/SRS017139.kraken2.homd_mags_ci15.output.tsv	71886160	2788038
homd_mags/SRS017227.kraken2.homd_mags_ci15.output.tsv	70490237	2157348
homd_mags/SRS017304.kraken2.homd_mags_ci15.output.tsv	29124474	1543347
homd_mags/SRS017445.kraken2.homd_mags_ci15.output.tsv	74464228	2703928
homd_mags/SRS017511.kraken2.homd_mags_ci15.output.tsv	45057585	2396026
homd_mags/SRS017691.kraken2.homd_mags_ci15.output.tsv	42279898	2615611
homd_mags/SRS017814.kraken2.homd_mags_ci15.output.tsv	20541271	1587425
homd_mags/SRS018157.kraken2.homd_mags_ci15.output.tsv	58181698	2582845
homd_mags/SRS018337.kraken2.homd_mags_ci15.output.tsv	24023794	1105997
homd_mags/SRS018359.kraken2.homd_mags_ci15.output.tsv	8867090	666399
homd_mags/SRS018394.kraken2.homd_mags_ci15.output.tsv	46686430	2366159
homd_mags/SRS018573.kraken2.homd_mags_ci15.output.tsv	39152108	1598517
homd_mags/SRS018665.kraken2.homd_mags_ci15.output.tsv	52228745	2169644
homd_mags/SRS018778.kraken2.homd_mags_ci15.output.tsv	14540590	534553
homd_mags/SRS018975.kraken2.homd_mags_ci15.output.tsv	34784745	1218453
homd_mags/SRS019028.kraken2.homd_mags_ci15.output.tsv	48323979	3172596
homd_mags/SRS019029.kraken2.homd_mags_ci15.output.tsv	21253520	1798096
homd_mags/SRS019077.kraken2.homd_mags_ci15.output.tsv	37562829	2099684
homd_mags/SRS019120.kraken2.homd_mags_ci15.output.tsv	4856738	258034
homd_mags/SRS019124.kraken2.homd_mags_ci15.output.tsv	15851925	807366
homd_mags/SRS019128.kraken2.homd_mags_ci15.output.tsv	34976904	1467197
homd_mags/SRS019129.kraken2.homd_mags_ci15.output.tsv	13136295	815438
homd_mags/SRS019225.kraken2.homd_mags_ci15.output.tsv	20154150	2010894
homd_mags/SRS019333.kraken2.homd_mags_ci15.output.tsv	15022025	462496
homd_mags/SRS019387.kraken2.homd_mags_ci15.output.tsv	22014696	1819257
homd_mags/SRS019587.kraken2.homd_mags_ci15.output.tsv	14639999	451778
homd_mags/SRS019591.kraken2.homd_mags_ci15.output.tsv	41900976	1432783
homd_mags/SRS019906.kraken2.homd_mags_ci15.output.tsv	31313445	1511336
homd_mags/SRS019980.kraken2.homd_mags_ci15.output.tsv	45467309	1262918
homd_mags/SRS020226.kraken2.homd_mags_ci15.output.tsv	50376407	1753810
homd_mags/SRS020340.kraken2.homd_mags_ci15.output.tsv	53464507	1974253
homd_mags/SRS020862.kraken2.homd_mags_ci15.output.tsv	21073603	482961
homd_mags/SRS021477.kraken2.homd_mags_ci15.output.tsv	45467456	1510231
homd_mags/SRS021960.kraken2.homd_mags_ci15.output.tsv	16234886	921207
homd_mags/SRS022083.kraken2.homd_mags_ci15.output.tsv	20706768	628538
homd_mags/SRS022149.kraken2.homd_mags_ci15.output.tsv	17184464	2436549
homd_mags/SRS022536.kraken2.homd_mags_ci15.output.tsv	79159822	5707142
homd_mags/SRS022602.kraken2.homd_mags_ci15.output.tsv	47085314	3406899
homd_mags/SRS022725.kraken2.homd_mags_ci15.output.tsv	89765391	9149898
homd_mags/SRS023358.kraken2.homd_mags_ci15.output.tsv	18979237	2297524
homd_mags/SRS023538.kraken2.homd_mags_ci15.output.tsv	23920565	3680377
homd_mags/SRS023595.kraken2.homd_mags_ci15.output.tsv	59116661	6183706
homd_mags/SRS023841.kraken2.homd_mags_ci15.output.tsv	17887556	605912
homd_mags/SRS023938.kraken2.homd_mags_ci15.output.tsv	81953072	1870685
homd_mags/SRS023964.kraken2.homd_mags_ci15.output.tsv	30486246	997547
homd_mags/SRS024021.kraken2.homd_mags_ci15.output.tsv	53604642	1525777
homd_mags/SRS024087.kraken2.homd_mags_ci15.output.tsv	48869147	2819553
homd_mags/SRS024144.kraken2.homd_mags_ci15.output.tsv	16669597	538387
homd_mags/SRS024281.kraken2.homd_mags_ci15.output.tsv	27800877	642445
homd_mags/SRS024289.kraken2.homd_mags_ci15.output.tsv	28568350	829528
homd_mags/SRS024355.kraken2.homd_mags_ci15.output.tsv	79672413	4201374
homd_mags/SRS024381.kraken2.homd_mags_ci15.output.tsv	38822099	1511527
homd_mags/SRS024447.kraken2.homd_mags_ci15.output.tsv	44934123	2283796
homd_mags/SRS024561.kraken2.homd_mags_ci15.output.tsv	28431495	840249
homd_mags/SRS024649.kraken2.homd_mags_ci15.output.tsv	30799749	3788199
homd_mags/SRS042984.kraken2.homd_mags_ci15.output.tsv	76233802	5349613
homd_mags/SRS043018.kraken2.homd_mags_ci15.output.tsv	35079521	1566540
homd_mags/SRS043239.kraken2.homd_mags_ci15.output.tsv	10276816	506615
homd_mags/SRS043755.kraken2.homd_mags_ci15.output.tsv	24363073	1054526
homd_mags/SRS043772.kraken2.homd_mags_ci15.output.tsv	21234110	949454
homd_mags/SRS044366.kraken2.homd_mags_ci15.output.tsv	5897466	234110
homd_mags/SRS045197.kraken2.homd_mags_ci15.output.tsv	50786455	2827545
homd_mags/SRS045313.kraken2.homd_mags_ci15.output.tsv	9877529	824986
homd_mags/SRS047100.kraken2.homd_mags_ci15.output.tsv	35969007	1137606
homd_mags/SRS047113.kraken2.homd_mags_ci15.output.tsv	48141690	2099700
homd_mags/SRS047265.kraken2.homd_mags_ci15.output.tsv	9583336	795899
homd_mags/SRS047634.kraken2.homd_mags_ci15.output.tsv	48823896	1886896
homd_mags/SRS049268.kraken2.homd_mags_ci15.output.tsv	38929344	2570225
homd_mags/SRS049318.kraken2.homd_mags_ci15.output.tsv	63997562	5105209
homd_mags/SRS051244.kraken2.homd_mags_ci15.output.tsv	29870968	1650740
homd_mags/SRS051378.kraken2.homd_mags_ci15.output.tsv	14256153	591397
homd_mags/SRS051930.kraken2.homd_mags_ci15.output.tsv	37028631	1048530
homd_mags/SRS051941.kraken2.homd_mags_ci15.output.tsv	46209446	2518424
homd_mags/SRS052604.kraken2.homd_mags_ci15.output.tsv	11344480	360122
homd_mags/SRS052874.kraken2.homd_mags_ci15.output.tsv	13791940	444599
homd_mags/SRS052876.kraken2.homd_mags_ci15.output.tsv	39700319	1246602
homd_mags/SRS053584.kraken2.homd_mags_ci15.output.tsv	27420121	736486
homd_mags/SRS053630.kraken2.homd_mags_ci15.output.tsv	38945047	2234477
homd_mags/SRS053917.kraken2.homd_mags_ci15.output.tsv	103799389	5656169
homd_mags/SRS054430.kraken2.homd_mags_ci15.output.tsv	15827741	921139
homd_mags/SRS054653.kraken2.homd_mags_ci15.output.tsv	24786912	982543
homd_mags/SRS055378.kraken2.homd_mags_ci15.output.tsv	44868902	2269611
homd_mags/SRS055401.kraken2.homd_mags_ci15.output.tsv	23372284	741765
homd_mags/SRS055450.kraken2.homd_mags_ci15.output.tsv	19929783	1737235
homd_mags/SRS056892.kraken2.homd_mags_ci15.output.tsv	15586127	250371
homd_mags/SRS058053.kraken2.homd_mags_ci15.output.tsv	42267063	4879181
homd_mags/SRS058105.kraken2.homd_mags_ci15.output.tsv	14386360	436769
homd_mags/SRS058808.kraken2.homd_mags_ci15.output.tsv	37336933	2474387
homd_mags/SRS063215.kraken2.homd_mags_ci15.output.tsv	16461430	907181
homd_mags/SRS063603.kraken2.homd_mags_ci15.output.tsv	42227550	2062119
homd_mags/SRS063999.kraken2.homd_mags_ci15.output.tsv	50676259	1678119
homd_mags/SRS064219.kraken2.homd_mags_ci15.output.tsv	1398105	118226
homd_mags/SRS064329.kraken2.homd_mags_ci15.output.tsv	42377810	1050397
homd_mags/SRS064449.kraken2.homd_mags_ci15.output.tsv	50488154	2037105
homd_mags/SRS064493.kraken2.homd_mags_ci15.output.tsv	8956335	88332
homd_mags/SRS065099.kraken2.homd_mags_ci15.output.tsv	39591051	2755514
homd_mags/SRS065310.kraken2.homd_mags_ci15.output.tsv	9072079	523224
homd_mags/SRS075410.kraken2.homd_mags_ci15.output.tsv	65196361	2121114
homd_mags/SRS475533.kraken2.homd_mags_ci15.output.tsv	421950	75452
homd_mags/SRS475535.kraken2.homd_mags_ci15.output.tsv	171734	41572
homd_mags/SRS475536.kraken2.homd_mags_ci15.output.tsv	117541	21250
homd_mags/SRS475538.kraken2.homd_mags_ci15.output.tsv	41336	35857
homd_mags/SRS475543.kraken2.homd_mags_ci15.output.tsv	78410	21327
homd_mags/SRS475544.kraken2.homd_mags_ci15.output.tsv	222511	45712
homd_mags/SRS475547.kraken2.homd_mags_ci15.output.tsv	114864	45823
homd_mags/SRS475548.kraken2.homd_mags_ci15.output.tsv	96394	71148
homd_mags/SRS475563.kraken2.homd_mags_ci15.output.tsv	100598	32976
homd_mags/SRS475569.kraken2.homd_mags_ci15.output.tsv	29711	22686
homd_mags/SRS475571.kraken2.homd_mags_ci15.output.tsv	56060	19096
homd_mags/SRS475573.kraken2.homd_mags_ci15.output.tsv	28201	35414
homd_mags/SRS475576.kraken2.homd_mags_ci15.output.tsv	99488	17798
homd_mags/SRS475579.kraken2.homd_mags_ci15.output.tsv	61504	22853
homd_mags/SRS475583.kraken2.homd_mags_ci15.output.tsv	51715	20207
homd_mags/SRS475584.kraken2.homd_mags_ci15.output.tsv	101074	24063
homd_mags/SRS475587.kraken2.homd_mags_ci15.output.tsv	53521	21272
homd_mags/SRS475588.kraken2.homd_mags_ci15.output.tsv	201647	416240
homd_mags/SRS475590.kraken2.homd_mags_ci15.output.tsv	33595	19433
homd_mags/SRS475591.kraken2.homd_mags_ci15.output.tsv	77506	37057
homd_mags/SRS475592.kraken2.homd_mags_ci15.output.tsv	49938	27673
homd_mags/SRS475593.kraken2.homd_mags_ci15.output.tsv	87057	39080
homd_mags/SRS475595.kraken2.homd_mags_ci15.output.tsv	279385	47112
homd_mags/SRS475596.kraken2.homd_mags_ci15.output.tsv	17893	23758
homd_mags/SRS475597.kraken2.homd_mags_ci15.output.tsv	108889	27493
homd_mags/SRS475599.kraken2.homd_mags_ci15.output.tsv	187068	39161
homd_mags/SRS475600.kraken2.homd_mags_ci15.output.tsv	71182	31178
homd_mags/SRS475601.kraken2.homd_mags_ci15.output.tsv	136465	24489
homd_mags/SRS475605.kraken2.homd_mags_ci15.output.tsv	57976	16143
homd_mags/SRS475609.kraken2.homd_mags_ci15.output.tsv	57217	36057
homd_mags/SRS475616.kraken2.homd_mags_ci15.output.tsv	17859	13739
homd_mags/SRS475618.kraken2.homd_mags_ci15.output.tsv	166493	31079
homd_mags/SRS475619.kraken2.homd_mags_ci15.output.tsv	1674633	148072
homd_mags/SRS475622.kraken2.homd_mags_ci15.output.tsv	34599	20820
homd_mags/SRS475628.kraken2.homd_mags_ci15.output.tsv	30601	19244
homd_mags/SRS475635.kraken2.homd_mags_ci15.output.tsv	69465	40123
homd_mags/SRS475646.kraken2.homd_mags_ci15.output.tsv	76170	42824
homd_mags/SRS475649.kraken2.homd_mags_ci15.output.tsv	537796	58422
homd_mags/SRS475650.kraken2.homd_mags_ci15.output.tsv	33375	17398
homd_mags/SRS475653.kraken2.homd_mags_ci15.output.tsv	88209	35886
homd_mags/SRS475654.kraken2.homd_mags_ci15.output.tsv	20500	18648
homd_mags/SRS475655.kraken2.homd_mags_ci15.output.tsv	70779	33705
homd_mags/SRS475660.kraken2.homd_mags_ci15.output.tsv	1093197	95546
homd_mags/SRS475663.kraken2.homd_mags_ci15.output.tsv	78769	23184
homd_mags/SRS475665.kraken2.homd_mags_ci15.output.tsv	144322	26618
homd_mags/SRS475668.kraken2.homd_mags_ci15.output.tsv	144857	46285
homd_mags/SRS475669.kraken2.homd_mags_ci15.output.tsv	264905	48389
homd_mags/SRS475670.kraken2.homd_mags_ci15.output.tsv	173852	52729
homd_mags/SRS475672.kraken2.homd_mags_ci15.output.tsv	136927	44838
homd_mags/SRS475676.kraken2.homd_mags_ci15.output.tsv	528396	72395
homd_mags/SRS475677.kraken2.homd_mags_ci15.output.tsv	167853	30162
homd_mags/SRS475678.kraken2.homd_mags_ci15.output.tsv	50127	24950
homd_mags/SRS475679.kraken2.homd_mags_ci15.output.tsv	188268	24929
homd_mags/SRS475683.kraken2.homd_mags_ci15.output.tsv	60136	30681
homd_mags/SRS475685.kraken2.homd_mags_ci15.output.tsv	150452	26232
homd_mags/SRS475686.kraken2.homd_mags_ci15.output.tsv	86280	24803
homd_mags/SRS475687.kraken2.homd_mags_ci15.output.tsv	171177	29356
homd_mags/SRS475691.kraken2.homd_mags_ci15.output.tsv	97483	26062
homd_mags/SRS475696.kraken2.homd_mags_ci15.output.tsv	65061	36674
homd_mags/SRS475697.kraken2.homd_mags_ci15.output.tsv	216955	50899
homd_mags/SRS475699.kraken2.homd_mags_ci15.output.tsv	318917	73560
homd_mags/SRS475700.kraken2.homd_mags_ci15.output.tsv	211002	33921
homd_mags/SRS475704.kraken2.homd_mags_ci15.output.tsv	76498	22776
homd_mags/SRS475706.kraken2.homd_mags_ci15.output.tsv	287764	54730
homd_mags/SRS475707.kraken2.homd_mags_ci15.output.tsv	158718	47949
homd_mags/SRS475708.kraken2.homd_mags_ci15.output.tsv	439484	76401
homd_mags/SRS475710.kraken2.homd_mags_ci15.output.tsv	80573	37307
homd_mags/SRS475711.kraken2.homd_mags_ci15.output.tsv	171791	57661
homd_mags/SRS475718.kraken2.homd_mags_ci15.output.tsv	71434	22168
homd_mags/SRS475719.kraken2.homd_mags_ci15.output.tsv	185413	56282
homd_mags/SRS475720.kraken2.homd_mags_ci15.output.tsv	228924	50067
homd_mags/SRS475724.kraken2.homd_mags_ci15.output.tsv	139492	27464
homd_mags/SRS475725.kraken2.homd_mags_ci15.output.tsv	212175	53213
homd_mags/SRS475916.kraken2.homd_mags_ci15.output.tsv	69789	19404
homd_mags/SRS475917.kraken2.homd_mags_ci15.output.tsv	91237	14637
homd_mags/SRS475918.kraken2.homd_mags_ci15.output.tsv	70473	30431
homd_mags/SRS475919.kraken2.homd_mags_ci15.output.tsv	31937	19580
homd_mags/SRS475922.kraken2.homd_mags_ci15.output.tsv	40723	32190
homd_mags/SRS475923.kraken2.homd_mags_ci15.output.tsv	308080	51038
homd_mags/SRS475926.kraken2.homd_mags_ci15.output.tsv	98583	30435
homd_mags/SRS475927.kraken2.homd_mags_ci15.output.tsv	58452	31165
homd_mags/SRS475930.kraken2.homd_mags_ci15.output.tsv	53880	27319
homd_mags/SRS475932.kraken2.homd_mags_ci15.output.tsv	181858	31740
homd_mags/SRS475934.kraken2.homd_mags_ci15.output.tsv	153153	56321
homd_mags/SRS475935.kraken2.homd_mags_ci15.output.tsv	138725	46109
homd_mags/SRS475937.kraken2.homd_mags_ci15.output.tsv	54328	24339
homd_mags/SRS475939.kraken2.homd_mags_ci15.output.tsv	92618	36803
homd_mags/SRS475940.kraken2.homd_mags_ci15.output.tsv	88368	42134
homd_mags/SRS475943.kraken2.homd_mags_ci15.output.tsv	293265	40445
homd_mags/SRS475950.kraken2.homd_mags_ci15.output.tsv	175510	49308
homd_mags/SRS475951.kraken2.homd_mags_ci15.output.tsv	583710	78234
homd_mags/SRS475952.kraken2.homd_mags_ci15.output.tsv	42867	24271
homd_mags/SRS475954.kraken2.homd_mags_ci15.output.tsv	540232	99336
homd_mags/SRS475955.kraken2.homd_mags_ci15.output.tsv	349476	61987
homd_mags/SRS475956.kraken2.homd_mags_ci15.output.tsv	374034	42978
homd_mags/SRS475957.kraken2.homd_mags_ci15.output.tsv	28032	31477
homd_mags/SRS475960.kraken2.homd_mags_ci15.output.tsv	393932	57609
homd_mags/SRS475961.kraken2.homd_mags_ci15.output.tsv	30347	19582
homd_mags/SRS475963.kraken2.homd_mags_ci15.output.tsv	235626	47937
homd_mags/SRS475964.kraken2.homd_mags_ci15.output.tsv	547315	116904
homd_mags/SRS475965.kraken2.homd_mags_ci15.output.tsv	81065	38032
homd_mags/SRS475966.kraken2.homd_mags_ci15.output.tsv	524369	49945
homd_mags/SRS475969.kraken2.homd_mags_ci15.output.tsv	444674	79543
homd_mags/SRS475970.kraken2.homd_mags_ci15.output.tsv	69993	39219
homd_mags/SRS475971.kraken2.homd_mags_ci15.output.tsv	89421	34073
homd_mags/SRS475972.kraken2.homd_mags_ci15.output.tsv	84620	24716
homd_mags/SRS475973.kraken2.homd_mags_ci15.output.tsv	235264	55876
homd_mags/SRS475975.kraken2.homd_mags_ci15.output.tsv	129864	32118
homd_mags/SRS475976.kraken2.homd_mags_ci15.output.tsv	708849	124943
homd_mags/SRS475977.kraken2.homd_mags_ci15.output.tsv	234706	74229
homd_mags/SRS475982.kraken2.homd_mags_ci15.output.tsv	110013	36375
homd_mags/SRS475983.kraken2.homd_mags_ci15.output.tsv	68800	30014
homd_mags/SRS475985.kraken2.homd_mags_ci15.output.tsv	34540	26336
homd_mags/SRS475992.kraken2.homd_mags_ci15.output.tsv	106210	41322
homd_mags/SRS475996.kraken2.homd_mags_ci15.output.tsv	428218	69515
homd_mags/SRS475999.kraken2.homd_mags_ci15.output.tsv	425090	42388
homd_mags/SRS476000.kraken2.homd_mags_ci15.output.tsv	100628	49156
homd_mags/SRS476002.kraken2.homd_mags_ci15.output.tsv	3243124	249035
homd_mags/SRS476004.kraken2.homd_mags_ci15.output.tsv	102542	32155
homd_mags/SRS476005.kraken2.homd_mags_ci15.output.tsv	71870	113723
homd_mags/SRS476006.kraken2.homd_mags_ci15.output.tsv	183976	50304
homd_mags/SRS476007.kraken2.homd_mags_ci15.output.tsv	77092	59625
homd_mags/SRS476008.kraken2.homd_mags_ci15.output.tsv	68871	25307
homd_mags/SRS476009.kraken2.homd_mags_ci15.output.tsv	258308	70647
homd_mags/SRS476011.kraken2.homd_mags_ci15.output.tsv	51489	24899
homd_mags/SRS476012.kraken2.homd_mags_ci15.output.tsv	610428	71687
homd_mags/SRS476016.kraken2.homd_mags_ci15.output.tsv	153733	47655
homd_mags/SRS476017.kraken2.homd_mags_ci15.output.tsv	44624	18910
homd_mags/SRS476018.kraken2.homd_mags_ci15.output.tsv	33548	27428
homd_mags/SRS476025.kraken2.homd_mags_ci15.output.tsv	150851	44200
homd_mags/SRS476026.kraken2.homd_mags_ci15.output.tsv	92447	49565
homd_mags/SRS476027.kraken2.homd_mags_ci15.output.tsv	285195	46716
homd_mags/SRS476036.kraken2.homd_mags_ci15.output.tsv	69356	30578
homd_mags/SRS476038.kraken2.homd_mags_ci15.output.tsv	107830	44854
homd_mags/SRS476045.kraken2.homd_mags_ci15.output.tsv	56837	38522
homd_mags/SRS476046.kraken2.homd_mags_ci15.output.tsv	408474	68989
homd_mags/SRS476048.kraken2.homd_mags_ci15.output.tsv	215011	63215
homd_mags/SRS476049.kraken2.homd_mags_ci15.output.tsv	112792	23290
homd_mags/SRS476052.kraken2.homd_mags_ci15.output.tsv	141885	66334
homd_mags/SRS476053.kraken2.homd_mags_ci15.output.tsv	94939	27031
homd_mags/SRS476054.kraken2.homd_mags_ci15.output.tsv	64535	58708
homd_mags/SRS476055.kraken2.homd_mags_ci15.output.tsv	120588	44039
homd_mags/SRS476056.kraken2.homd_mags_ci15.output.tsv	53833	20517
homd_mags/SRS476057.kraken2.homd_mags_ci15.output.tsv	198193	58893
homd_mags/SRS476059.kraken2.homd_mags_ci15.output.tsv	103339	34516
homd_mags/SRS476071.kraken2.homd_mags_ci15.output.tsv	149465	59648
homd_mags/SRS476072.kraken2.homd_mags_ci15.output.tsv	39514	29457
homd_mags/SRS476073.kraken2.homd_mags_ci15.output.tsv	72064	37732
homd_mags/SRS476075.kraken2.homd_mags_ci15.output.tsv	440127	87828
homd_mags/SRS476079.kraken2.homd_mags_ci15.output.tsv	714612	71046
homd_mags/SRS476080.kraken2.homd_mags_ci15.output.tsv	31960	19451
homd_mags/SRS476081.kraken2.homd_mags_ci15.output.tsv	58889	21276
homd_mags/SRS476082.kraken2.homd_mags_ci15.output.tsv	85646	16747
homd_mags/SRS476086.kraken2.homd_mags_ci15.output.tsv	62647	25697
homd_mags/SRS476087.kraken2.homd_mags_ci15.output.tsv	53680	21914
homd_mags/SRS476088.kraken2.homd_mags_ci15.output.tsv	129218	39058
homd_mags/SRS476089.kraken2.homd_mags_ci15.output.tsv	77788	30200
homd_mags/SRS476091.kraken2.homd_mags_ci15.output.tsv	456836	76979
homd_mags/SRS476102.kraken2.homd_mags_ci15.output.tsv	392561	72103
homd_mags/SRS476105.kraken2.homd_mags_ci15.output.tsv	285509	83648
homd_mags/SRS476107.kraken2.homd_mags_ci15.output.tsv	33926	29226
homd_mags/SRS476109.kraken2.homd_mags_ci15.output.tsv	23408	15845
homd_mags/SRS476110.kraken2.homd_mags_ci15.output.tsv	147077	52835
homd_mags/SRS476111.kraken2.homd_mags_ci15.output.tsv	279629	64781
homd_mags/SRS476112.kraken2.homd_mags_ci15.output.tsv	186253	71180
homd_mags/SRS476113.kraken2.homd_mags_ci15.output.tsv	27256	20965
homd_mags/SRS476115.kraken2.homd_mags_ci15.output.tsv	371498	76973
homd_mags/SRS476116.kraken2.homd_mags_ci15.output.tsv	334984	39586
homd_mags/SRS476122.kraken2.homd_mags_ci15.output.tsv	109131	32299
homd_mags/SRS476123.kraken2.homd_mags_ci15.output.tsv	73791	27528
homd_mags/SRS476124.kraken2.homd_mags_ci15.output.tsv	79176	32070
homd_mags/SRS476127.kraken2.homd_mags_ci15.output.tsv	231320	55365
homd_mags/SRS476137.kraken2.homd_mags_ci15.output.tsv	135377	43801
homd_mags/SRS476138.kraken2.homd_mags_ci15.output.tsv	48734	39990
homd_mags/SRS476140.kraken2.homd_mags_ci15.output.tsv	156694	56746
homd_mags/SRS476146.kraken2.homd_mags_ci15.output.tsv	86276	57278
homd_mags/SRS476150.kraken2.homd_mags_ci15.output.tsv	79056	24581
homd_mags/SRS476151.kraken2.homd_mags_ci15.output.tsv	284545	40281
homd_mags/SRS476157.kraken2.homd_mags_ci15.output.tsv	276784	57323
homd_mags/SRS476161.kraken2.homd_mags_ci15.output.tsv	726624	93645
homd_mags/SRS476162.kraken2.homd_mags_ci15.output.tsv	135791	42777
homd_mags/SRS476165.kraken2.homd_mags_ci15.output.tsv	347407	77976
homd_mags/SRS476168.kraken2.homd_mags_ci15.output.tsv	510076	82804
homd_mags/SRS476170.kraken2.homd_mags_ci15.output.tsv	267809	60444
homd_mags/SRS476171.kraken2.homd_mags_ci15.output.tsv	156557	56540
homd_mags/SRS476172.kraken2.homd_mags_ci15.output.tsv	128422	46857
homd_mags/SRS476174.kraken2.homd_mags_ci15.output.tsv	285118	61146
homd_mags/SRS476175.kraken2.homd_mags_ci15.output.tsv	31443	24307
homd_mags/SRS476177.kraken2.homd_mags_ci15.output.tsv	50124	20163
homd_mags/SRS476178.kraken2.homd_mags_ci15.output.tsv	136998	39225
homd_mags/SRS476180.kraken2.homd_mags_ci15.output.tsv	81684	23871
homd_mags/SRS476181.kraken2.homd_mags_ci15.output.tsv	119462	33852
homd_mags/SRS476186.kraken2.homd_mags_ci15.output.tsv	47495	17596
homd_mags/SRS476190.kraken2.homd_mags_ci15.output.tsv	74159	37924
homd_mags/SRS476197.kraken2.homd_mags_ci15.output.tsv	417054	71165
homd_mags/SRS476200.kraken2.homd_mags_ci15.output.tsv	261452	62234
homd_mags/SRS476201.kraken2.homd_mags_ci15.output.tsv	475182	70005
homd_mags/SRS476202.kraken2.homd_mags_ci15.output.tsv	452382	90322
homd_mags/SRS476204.kraken2.homd_mags_ci15.output.tsv	455797	79578
homd_mags/SRS476206.kraken2.homd_mags_ci15.output.tsv	114994	24715
homd_mags/SRS476207.kraken2.homd_mags_ci15.output.tsv	142059	27971
homd_mags/SRS476208.kraken2.homd_mags_ci15.output.tsv	317266	78395
homd_mags/SRS476210.kraken2.homd_mags_ci15.output.tsv	76752	33970
homd_mags/SRS476214.kraken2.homd_mags_ci15.output.tsv	130190	25021
homd_mags/SRS476260.kraken2.homd_mags_ci15.output.tsv	509741	38114
homd_mags/SRS476261.kraken2.homd_mags_ci15.output.tsv	182989	36691
homd_mags/SRS476263.kraken2.homd_mags_ci15.output.tsv	161658	59043
homd_mags/SRS476265.kraken2.homd_mags_ci15.output.tsv	194540	44922
homd_mags/SRS476266.kraken2.homd_mags_ci15.output.tsv	246316	61184
homd_mags/SRS476268.kraken2.homd_mags_ci15.output.tsv	91420	28189
homd_mags/SRS476272.kraken2.homd_mags_ci15.output.tsv	335801	50021
homd_mags/SRS476275.kraken2.homd_mags_ci15.output.tsv	35148	20416
homd_mags/SRS476279.kraken2.homd_mags_ci15.output.tsv	147601	54248
homd_mags/SRS476281.kraken2.homd_mags_ci15.output.tsv	52573	29763
homd_mags/SRS476282.kraken2.homd_mags_ci15.output.tsv	186713	61852
homd_mags/SRS476283.kraken2.homd_mags_ci15.output.tsv	84430	48146
homd_mags/SRS476284.kraken2.homd_mags_ci15.output.tsv	268836	29462
homd_mags/SRS476285.kraken2.homd_mags_ci15.output.tsv	1846234	748893
homd_mags/SRS476286.kraken2.homd_mags_ci15.output.tsv	92375	47341
homd_mags/SRS476294.kraken2.homd_mags_ci15.output.tsv	39596	22270
homd_mags/SRS476297.kraken2.homd_mags_ci15.output.tsv	190585	56110
homd_mags/SRS476299.kraken2.homd_mags_ci15.output.tsv	69171	45203
homd_mags/SRS476301.kraken2.homd_mags_ci15.output.tsv	754161	98824
homd_mags/SRS476304.kraken2.homd_mags_ci15.output.tsv	58725	22747
homd_mags/SRS476305.kraken2.homd_mags_ci15.output.tsv	65521	19343
homd_mags/SRS476310.kraken2.homd_mags_ci15.output.tsv	304193	56031
homd_mags/SRS476311.kraken2.homd_mags_ci15.output.tsv	108508	35207
homd_mags/SRS476330.kraken2.homd_mags_ci15.output.tsv	5400184	1229023
homd_mags/SRS476336.kraken2.homd_mags_ci15.output.tsv	146566	57756
homd_mags/SRS476340.kraken2.homd_mags_ci15.output.tsv	317591	74360
homd_mags/SRS476353.kraken2.homd_mags_ci15.output.tsv	133388	51189
homd_mags/SRS476355.kraken2.homd_mags_ci15.output.tsv	115052	103218
homd_mags/SRS476399.kraken2.homd_mags_ci15.output.tsv	66739	31383
homd_mags/SRS476610.kraken2.homd_mags_ci15.output.tsv	1288339	538799
homd_mags/SRS476701.kraken2.homd_mags_ci15.output.tsv	116407	31356
homd_mags/SRS476757.kraken2.homd_mags_ci15.output.tsv	174855	49353
homd_mags/SRS476787.kraken2.homd_mags_ci15.output.tsv	268820	74196
homd_mags/SRS476790.kraken2.homd_mags_ci15.output.tsv	345208	85044
homd_mags/SRS476827.kraken2.homd_mags_ci15.output.tsv	212167	89550
homd_mags/SRS476852.kraken2.homd_mags_ci15.output.tsv	7309115	2380924
homd_mags/SRS476865.kraken2.homd_mags_ci15.output.tsv	140110	51520
homd_mags/SRS476866.kraken2.homd_mags_ci15.output.tsv	653887	626716
homd_mags/TAF008.B0101.kraken2.homd_mags_ci15.output.tsv	5812933	5637593
homd_mags/TAF016.B0101.kraken2.homd_mags_ci15.output.tsv	302172	3355413
homd_mags/TAF017.A0101.kraken2.homd_mags_ci15.output.tsv	850080	2831632
homd_mags/TAF017.C0101.kraken2.homd_mags_ci15.output.tsv	2239574	3220312
homd_mags/TAF017.E0101.kraken2.homd_mags_ci15.output.tsv	14402	51173
homd_mags/TAF018.A0101.kraken2.homd_mags_ci15.output.tsv	2761108	4917037
homd_mags/TAF018.B0101.kraken2.homd_mags_ci15.output.tsv	3374069	3166213
homd_mags/TAP001.B0101.kraken2.homd_mags_ci15.output.tsv	8314068	3202508
homd_mags/TAP003.B0101.kraken2.homd_mags_ci15.output.tsv	8044298	2691553
homd_mags/TON001.C0101.kraken2.homd_mags_ci15.output.tsv	3010211	6054313
homd_mags/TON003.B0101.kraken2.homd_mags_ci15.output.tsv	3757749	5168402
homd_mags/TON004.B0101.kraken2.homd_mags_ci15.output.tsv	5531448	6239331
homd_mags/TON005.B0101.kraken2.homd_mags_ci15.output.tsv	5219242	9271425
homd_mags/TON006.B0101.kraken2.homd_mags_ci15.output.tsv	4269256	5262205
homd_mags/TON007.B0101.kraken2.homd_mags_ci15.output.tsv	4396308	3796253
homd_mags/VLC001.A0101.kraken2.homd_mags_ci15.output.tsv	31448900	2500713
homd_mags/VLC002.A0101.kraken2.homd_mags_ci15.output.tsv	13831408	1861204
homd_mags/VLC003.A0101.kraken2.homd_mags_ci15.output.tsv	24324355	1684718
homd_mags/VLC004.A0101.kraken2.homd_mags_ci15.output.tsv	38889039	4282297
homd_mags/VLC005.A0101.kraken2.homd_mags_ci15.output.tsv	38715304	5269563
homd_mags/VLC008.A0101.kraken2.homd_mags_ci15.output.tsv	33209924	2447231
homd_mags/VLC009.A0101.kraken2.homd_mags_ci15.output.tsv	31440636	2111007
homd_mags/VLC010.A0101.kraken2.homd_mags_ci15.output.tsv	17189244	1846795
homd_mags/VLD001.A0101.kraken2.homd_mags_ci15.output.tsv	4535248	4364337
homd_mags/WAMP02.kraken2.homd_mags_ci15.output.tsv	14569758	5017801
homd_mags/WAMP03.kraken2.homd_mags_ci15.output.tsv	49734118	15151375
homd_mags/WAMP04.kraken2.homd_mags_ci15.output.tsv	5020760	2208175
homd_mags/WAMP05.kraken2.homd_mags_ci15.output.tsv	30508890	10205129
homd_mags/WAMP06.kraken2.homd_mags_ci15.output.tsv	5013338	1961620
homd_mags/WAMP07.kraken2.homd_mags_ci15.output.tsv	29129283	8776493
homd_mags/WAMP09.kraken2.homd_mags_ci15.output.tsv	2612910	1465155
homd_mags/WAMP10.kraken2.homd_mags_ci15.output.tsv	2984354	2260945
homd_mags/WAMP11.kraken2.homd_mags_ci15.output.tsv	6434938	3031136
homd_mags/WAMP12.kraken2.homd_mags_ci15.output.tsv	31427787	5895817
homd_mags/WAMP13.kraken2.homd_mags_ci15.output.tsv	19620332	4128071
homd_mags/WAMP14.kraken2.homd_mags_ci15.output.tsv	21198806	5432127
homd_mags/WAMP15.kraken2.homd_mags_ci15.output.tsv	12744494	4191374
homd_mags/WAMP18.kraken2.homd_mags_ci15.output.tsv	13834953	8861116
homd_mags/WAMP19.kraken2.homd_mags_ci15.output.tsv	20200259	5507274
homd_mags/WAMP20.kraken2.homd_mags_ci15.output.tsv	14882325	4304674
homd_mags/WAMP21.kraken2.homd_mags_ci15.output.tsv	20234345	5654554
homd_mags/WAMP22.kraken2.homd_mags_ci15.output.tsv	38948618	14848398
homd_mags/WAMP23.kraken2.homd_mags_ci15.output.tsv	21445244	5869711
homd_mags/WAMP24.kraken2.homd_mags_ci15.output.tsv	10186477	2687641
homd_mags/WAMP25.kraken2.homd_mags_ci15.output.tsv	1760153	19724215
homd_mags/WAMP26.kraken2.homd_mags_ci15.output.tsv	25167481	7893252
homd_mags/WAMP27.kraken2.homd_mags_ci15.output.tsv	52844705	14607138
homd_mags/WAMP29.kraken2.homd_mags_ci15.output.tsv	36476049	13691563
homd_mags/WAMP33.kraken2.homd_mags_ci15.output.tsv	24468466	8661970
homd_mags/WAMP34.kraken2.homd_mags_ci15.output.tsv	3559857	23691410
homd_mags/WIG001.kraken2.homd_mags_ci15.output.tsv	12896594	3156714
homd_mags/ZAF001.A0101.kraken2.homd_mags_ci15.output.tsv	720382	7684022
