homd/2081.kraken2.homd_ci15.output.tsv	2731925	8147920
homd/2082.kraken2.homd_ci15.output.tsv	5620708	12266285
homd/2083.kraken2.homd_ci15.output.tsv	3487527	8803055
homd/2084.kraken2.homd_ci15.output.tsv	2786175	12664326
homd/2086.kraken2.homd_ci15.output.tsv	2907511	10623809
homd/2087.kraken2.homd_ci15.output.tsv	2741731	4094833
homd/2089.kraken2.homd_ci15.output.tsv	3747159	7982624
homd/2090.kraken2.homd_ci15.output.tsv	2166221	13227847
homd/2091.kraken2.homd_ci15.output.tsv	1197124	10871831
homd/2092.kraken2.homd_ci15.output.tsv	5705838	12199598
homd/2093.kraken2.homd_ci15.output.tsv	5276081	7889459
homd/2094.kraken2.homd_ci15.output.tsv	4635666	15866852
homd/2095.kraken2.homd_ci15.output.tsv	7169703	14777150
homd/2096.kraken2.homd_ci15.output.tsv	6089748	15125024
homd/2097.kraken2.homd_ci15.output.tsv	7335410	15598931
homd/2099.kraken2.homd_ci15.output.tsv	3798657	15234385
homd/2100.kraken2.homd_ci15.output.tsv	211234	575171
homd/2102.kraken2.homd_ci15.output.tsv	1306338	8460173
homd/2103.kraken2.homd_ci15.output.tsv	1231493	11310448
homd/2104.kraken2.homd_ci15.output.tsv	10071931	17994693
homd/Abusir1504c.kraken2.homd_ci15.output.tsv	23044	3916574
homd/Abusir1511c.kraken2.homd_ci15.output.tsv	23938	3601412
homd/Abusir1519c.kraken2.homd_ci15.output.tsv	20927088	506741976
homd/Abusir1574c.kraken2.homd_ci15.output.tsv	20213	3522219
homd/Abusir1594c.kraken2.homd_ci15.output.tsv	2168480	241300344
homd/AHK001.A0101.kraken2.homd_ci15.output.tsv	25243	7383577
homd/AKI001.A0101.kraken2.homd_ci15.output.tsv	1100287	8044726
homd/AKI002.A0101.kraken2.homd_ci15.output.tsv	3624158	7635163
homd/AMH001.A0101.kraken2.homd_ci15.output.tsv	4285935	6496671
homd/AMH002.A0101.kraken2.homd_ci15.output.tsv	2700907	7312968
homd/AMH003.A0101.kraken2.homd_ci15.output.tsv	2084273	6757602
homd/AMH004.A0101.kraken2.homd_ci15.output.tsv	3224268	6880843
homd/ANK001.A0101.kraken2.homd_ci15.output.tsv	55034	10767402
homd/ANN001.A0101.kraken2.homd_ci15.output.tsv	3285277	5706385
homd/ANN002.A0101.kraken2.homd_ci15.output.tsv	3025725	6629874
homd/ANN003.A0101.kraken2.homd_ci15.output.tsv	4422674	6724002
homd/ANN004.A0101.kraken2.homd_ci15.output.tsv	3569007	7370427
homd/AON001.A0101.kraken2.homd_ci15.output.tsv	2649488	8372489
homd/AON002.A0101.kraken2.homd_ci15.output.tsv	2405342	7100838
homd/ATT001.A0101.kraken2.homd_ci15.output.tsv	3879954	9026249
homd/ATT002.A0101.kraken2.homd_ci15.output.tsv	4427629	6654654
homd/B61.kraken2.homd_ci15.output.tsv	3630830	5167063
homd/BAN001.A0101.kraken2.homd_ci15.output.tsv	36214	9995504
homd/BSQ001.A0101.kraken2.homd_ci15.output.tsv	544135	10291832
homd/CDM041.G0101.SG1.kraken2.homd_ci15.output.tsv	2311848	7280179
homd/CDM041.K0101.SG1.kraken2.homd_ci15.output.tsv	1976490	8013745
homd/CDM041.U0101.SG1.kraken2.homd_ci15.output.tsv	1579227	10773533
homd/CDM041.V0101.SG1.kraken2.homd_ci15.output.tsv	1648862	8528985
homd/CDM041.Y0101.SG1.kraken2.homd_ci15.output.tsv	2522845	7260219
homd/CDM042.C0101.SG1.kraken2.homd_ci15.output.tsv	3973782	6929824
homd/CDM042.E0101.SG1.kraken2.homd_ci15.output.tsv	5101042	5031213
homd/CDM042.G0101.SG1.kraken2.homd_ci15.output.tsv	2979892	7380110
homd/CDM042.H0101.SG1.kraken2.homd_ci15.output.tsv	3777686	7422743
homd/CDM042.M0101.SG1.kraken2.homd_ci15.output.tsv	3658340	6435954
homd/CDM042.P0101.SG1.kraken2.homd_ci15.output.tsv	3332843	6770592
homd/CDM042.Q0101.SG1.kraken2.homd_ci15.output.tsv	3316274	6227043
homd/CDM042.U0101.SG1.kraken2.homd_ci15.output.tsv	3211287	7695951
homd/CDM042.W0101.SG1.kraken2.homd_ci15.output.tsv	4446016	6365924
homd/CDM043.L0101.SG1.kraken2.homd_ci15.output.tsv	2727945	5794445
homd/CDM043.P0101.SG1.kraken2.homd_ci15.output.tsv	1792791	5017677
homd/CDM043.T0101.SG1.kraken2.homd_ci15.output.tsv	2790077	6118415
homd/CDM043.U0101.SG1.kraken2.homd_ci15.output.tsv	3022184	5806625
homd/CDM043.X0101.SG1.kraken2.homd_ci15.output.tsv	3134446	7314932
homd/CDM043.Y0101.SG1.kraken2.homd_ci15.output.tsv	4042492	6309585
homd/CDM045.F0101.SG1.kraken2.homd_ci15.output.tsv	2907955	6229099
homd/CDM045.G0101.SG1.kraken2.homd_ci15.output.tsv	3297623	6087446
homd/CDM045.H0101.SG1.kraken2.homd_ci15.output.tsv	3677600	7246587
homd/CDM045.I0101.SG1.kraken2.homd_ci15.output.tsv	3724824	6872482
homd/CDM045.L0101.SG1.kraken2.homd_ci15.output.tsv	3590527	7356343
homd/CDM045.M0101.SG1.kraken2.homd_ci15.output.tsv	3462246	7736934
homd/CDM045.Q0101.SG1.kraken2.homd_ci15.output.tsv	2519770	6716080
homd/CDM045.R0101.SG1.kraken2.homd_ci15.output.tsv	3632056	6099232
homd/CDM045.S0101.SG1.kraken2.homd_ci15.output.tsv	2260719	10212952
homd/CDM046.A0101.SG1.kraken2.homd_ci15.output.tsv	2687900	7930104
homd/CDM046.B0101.SG1.kraken2.homd_ci15.output.tsv	2003573	5960472
homd/CDM046.F0101.SG1.kraken2.homd_ci15.output.tsv	2266064	8571935
homd/CDM046.G0101.SG1.kraken2.homd_ci15.output.tsv	2935083	7596299
homd/CDM046.H0101.SG1.kraken2.homd_ci15.output.tsv	2498620	7711673
homd/CDM046.N0101.SG1.kraken2.homd_ci15.output.tsv	2876772	5493252
homd/CDM046.Q0101.SG1.kraken2.homd_ci15.output.tsv	3662493	7569005
homd/CDM046.V0101.SG1.kraken2.homd_ci15.output.tsv	2945797	7045940
homd/CDM046.Y0101.SG1.kraken2.homd_ci15.output.tsv	3017634	5330809
homd/CDM047.B0101.SG1.kraken2.homd_ci15.output.tsv	4030667	7495969
homd/CDM047.E0101.SG1.kraken2.homd_ci15.output.tsv	2726158	6738233
homd/CDM047.H0101.SG1.kraken2.homd_ci15.output.tsv	5200566	9389958
homd/CDM047.S0101.SG1.kraken2.homd_ci15.output.tsv	2245525	5682585
homd/CDM047.V0101.SG1.kraken2.homd_ci15.output.tsv	2732742	5226500
homd/CDM048.A0101.SG1.kraken2.homd_ci15.output.tsv	2946506	8445045
homd/CDM048.D0101.SG1.kraken2.homd_ci15.output.tsv	2521199	8795042
homd/CDM048.E0101.SG1.kraken2.homd_ci15.output.tsv	2335301	6205734
homd/CDM048.F0101.SG1.kraken2.homd_ci15.output.tsv	4993930	6605210
homd/CDM048.I0101.SG1.kraken2.homd_ci15.output.tsv	1741238	8746621
homd/CDM048.K0101.SG1.kraken2.homd_ci15.output.tsv	3526032	7277576
homd/CDM048.N0101.SG1.kraken2.homd_ci15.output.tsv	2583227	6576869
homd/CDM048.O0101.SG1.kraken2.homd_ci15.output.tsv	2235316	6616868
homd/CDM048.P0101.SG1.kraken2.homd_ci15.output.tsv	3325763	6071834
homd/CDM048.Q0101.SG1.kraken2.homd_ci15.output.tsv	2470904	7090772
homd/CDM048.S0101.SG1.kraken2.homd_ci15.output.tsv	1355030	5171866
homd/CDM048.V0101.SG1.kraken2.homd_ci15.output.tsv	3620488	6575572
homd/CDM048.W0101.SG1.kraken2.homd_ci15.output.tsv	2684766	7279268
homd/CDM048.Z0101.SG1.kraken2.homd_ci15.output.tsv	2740326	7148102
homd/CDM049.A0101.SG1.kraken2.homd_ci15.output.tsv	2861524	7005303
homd/CDM049.D0101.SG1.kraken2.homd_ci15.output.tsv	2220583	8061966
homd/CDM049.E0101.SG1.kraken2.homd_ci15.output.tsv	2224587	5898315
homd/CDM049.F0101.SG1.kraken2.homd_ci15.output.tsv	3483206	6544951
homd/CDM049.I0101.SG1.kraken2.homd_ci15.output.tsv	2824823	5264151
homd/CDM049.K0101.SG1.kraken2.homd_ci15.output.tsv	4033335	6429921
homd/CDM049.M0101.SG1.kraken2.homd_ci15.output.tsv	2616545	6205234
homd/CDM049.P0101.SG1.kraken2.homd_ci15.output.tsv	3039766	6562289
homd/CDM049.S0101.SG1.kraken2.homd_ci15.output.tsv	2904071	7229731
homd/CDM049.W0101.SG1.kraken2.homd_ci15.output.tsv	1498943	8450198
homd/CDM050.L0101.SG1.kraken2.homd_ci15.output.tsv	2303658	5665081
homd/CDM050.V0101.SG1.kraken2.homd_ci15.output.tsv	3663660	9087121
homd/CDM050.X0101.SG1.kraken2.homd_ci15.output.tsv	4039342	10957158
homd/CDM050.Z0101.SG1.kraken2.homd_ci15.output.tsv	4173115	6215371
homd/CDM051.A0101.SG1.kraken2.homd_ci15.output.tsv	3563049	6337975
homd/CDM051.D0101.SG1.kraken2.homd_ci15.output.tsv	3644585	5940274
homd/CDM051.G0101.SG1.kraken2.homd_ci15.output.tsv	3490018	6809944
homd/CDM051.I0101.SG1.kraken2.homd_ci15.output.tsv	2825221	6780122
homd/CDM051.M0101.SG1.kraken2.homd_ci15.output.tsv	3847158	6105049
homd/CDM051.R0101.SG1.kraken2.homd_ci15.output.tsv	2920162	9067504
homd/CDM051.S0101.SG1.kraken2.homd_ci15.output.tsv	3297114	8104855
homd/CDM051.U0101.SG1.kraken2.homd_ci15.output.tsv	2582347	7220639
homd/CDM051.V0101.SG1.kraken2.homd_ci15.output.tsv	3765609	5385402
homd/CDM051.Z0101.SG1.kraken2.homd_ci15.output.tsv	2600517	7692054
homd/CDM052.F0101.SG1.kraken2.homd_ci15.output.tsv	3228742	7517874
homd/CDM052.I0101.SG1.kraken2.homd_ci15.output.tsv	3247220	6565822
homd/CDM052.J0101.SG1.kraken2.homd_ci15.output.tsv	2333886	8695561
homd/CDM052.K0101.SG1.kraken2.homd_ci15.output.tsv	2062196	7864767
homd/CDM052.M0101.SG1.kraken2.homd_ci15.output.tsv	3565979	6670704
homd/CDM052.N0101.SG1.kraken2.homd_ci15.output.tsv	3972757	6936696
homd/CMB001.A0101.kraken2.homd_ci15.output.tsv	2234932	4381259
homd/CMB002.A0101.kraken2.homd_ci15.output.tsv	2792482	5185452
homd/CMB003.A0101.kraken2.homd_ci15.output.tsv	2123008	6039474
homd/CMB004.A0101.kraken2.homd_ci15.output.tsv	1712493	5525516
homd/CMB005.A0101.kraken2.homd_ci15.output.tsv	3349082	4215988
homd/CMB006.A0101.kraken2.homd_ci15.output.tsv	3398512	4729913
homd/CMB007.A0101.kraken2.homd_ci15.output.tsv	1988329	4871876
homd/CMB008.A0101.kraken2.homd_ci15.output.tsv	2263282	5534448
homd/CMC001.A0101.SG1.kraken2.homd_ci15.output.tsv	6398205	5104774
homd/CMC001.A0201.SG1.kraken2.homd_ci15.output.tsv	8053967	6346617
homd/CMC001.B0201.SG1.kraken2.homd_ci15.output.tsv	9943517	3715749
homd/CMC002.A0201.SG1.kraken2.homd_ci15.output.tsv	7306184	4287596
homd/CMC002.B0201.SG1.kraken2.homd_ci15.output.tsv	5350787	1428085
homd/CMC003.A0201.SG1.kraken2.homd_ci15.output.tsv	7483464	3621785
homd/CMC003.B0101.SG1.kraken2.homd_ci15.output.tsv	12044071	3965238
homd/CMC004.A0101.SG1.kraken2.homd_ci15.output.tsv	7470466	7028302
homd/CMC004.B0201.SG1.kraken2.homd_ci15.output.tsv	9533075	5227381
homd/CMC005.A0202.SG1.kraken2.homd_ci15.output.tsv	9047117	3828444
homd/CMC005.B0101.SG1.kraken2.homd_ci15.output.tsv	11182054	3415753
homd/CMC006.A0101.SG1.kraken2.homd_ci15.output.tsv	13231964	3079717
homd/CMC006.B0201.SG1.kraken2.homd_ci15.output.tsv	9823643	3139134
homd/CMC007.B0101.SG1.kraken2.homd_ci15.output.tsv	8354496	3205742
homd/CMC008.A0101.SG1.kraken2.homd_ci15.output.tsv	7267226	3504971
homd/CMC008.B0201.SG1.kraken2.homd_ci15.output.tsv	9397380	3462045
homd/CMC009.A0202.SG1.kraken2.homd_ci15.output.tsv	9268318	2279197
homd/CMC009.B0101.SG1.kraken2.homd_ci15.output.tsv	10440254	3514015
homd/CMC010.A0101.SG1.kraken2.homd_ci15.output.tsv	8866145	4617733
homd/CMC010.B0201.SG1.kraken2.homd_ci15.output.tsv	10696017	2975990
homd/CMC011.A0201.SG1.kraken2.homd_ci15.output.tsv	8543555	5405371
homd/CMC011.B0101.SG1.kraken2.homd_ci15.output.tsv	9603040	5652701
homd/CMC012.A0201.SG1.kraken2.homd_ci15.output.tsv	7687319	3846170
homd/CMC012.B0201.SG1.kraken2.homd_ci15.output.tsv	7336604	3207017
homd/CMC013.A0201.SG1.kraken2.homd_ci15.output.tsv	11717314	4438274
homd/CMC013.B0101.SG1.kraken2.homd_ci15.output.tsv	13119090	3699892
homd/CMC014.A0101.SG1.kraken2.homd_ci15.output.tsv	9995460	3287328
homd/CMC015.A0201.SG1.kraken2.homd_ci15.output.tsv	8233638	3799828
homd/CMC015.B0201.SG1.kraken2.homd_ci15.output.tsv	11559260	4202572
homd/CMC016.A0101.SG1.kraken2.homd_ci15.output.tsv	3568598	1448676
homd/CMC016.B0101.SG1.kraken2.homd_ci15.output.tsv	10193104	4865423
homd/CMC017.A0201.SG1.kraken2.homd_ci15.output.tsv	4933747	3443971
homd/CMC017.B0201.SG1.kraken2.homd_ci15.output.tsv	9006067	4797430
homd/CMC018.A0101.SG1.kraken2.homd_ci15.output.tsv	8097707	3734430
homd/CMC018.B0101.SG1.kraken2.homd_ci15.output.tsv	8336252	6356300
homd/CMC020.A0101.SG1.kraken2.homd_ci15.output.tsv	8563316	4139634
homd/CMC020.B0101.SG1.kraken2.homd_ci15.output.tsv	11163805	4366684
homd/CMC021.A0201.SG1.kraken2.homd_ci15.output.tsv	7135985	3692059
homd/CMC021.B0201.SG1.kraken2.homd_ci15.output.tsv	8902032	3544858
homd/CMC022.A0101.SG1.kraken2.homd_ci15.output.tsv	14281477	6590305
homd/CMC022.B0101.SG1.kraken2.homd_ci15.output.tsv	9079893	7516961
homd/CMC023.A0301.SG1.kraken2.homd_ci15.output.tsv	7684150	5082259
homd/CMC023.B0201.SG1.kraken2.homd_ci15.output.tsv	11160015	4165448
homd/CMC024.A0101.SG1.kraken2.homd_ci15.output.tsv	8000383	5565792
homd/CMC024.B0101.SG1.kraken2.homd_ci15.output.tsv	8928203	5189616
homd/CMC025.A0201.SG1.kraken2.homd_ci15.output.tsv	7547638	5190017
homd/CMC025.B0201.SG1.kraken2.homd_ci15.output.tsv	13052237	5482369
homd/CMC026.A0101.SG1.kraken2.homd_ci15.output.tsv	9155453	4122154
homd/CMC026.B0101.SG1.kraken2.homd_ci15.output.tsv	9866911	6343204
homd/CMC027.A0201.SG1.kraken2.homd_ci15.output.tsv	4383557	4676980
homd/CMC027.B0201.SG1.kraken2.homd_ci15.output.tsv	10808078	4912831
homd/CMC028.A0101.SG1.kraken2.homd_ci15.output.tsv	7998788	5738564
homd/CMC028.B0101.SG1.kraken2.homd_ci15.output.tsv	10484683	5518852
homd/CMC029.A0201.SG1.kraken2.homd_ci15.output.tsv	4750792	3524634
homd/CMC029.B0201.SG1.kraken2.homd_ci15.output.tsv	11904449	3554291
homd/CMC030.A0101.SG1.kraken2.homd_ci15.output.tsv	9366963	4793086
homd/CMC030.B0101.SG1.kraken2.homd_ci15.output.tsv	9914058	4575976
homd/CMC031.A0201.SG1.kraken2.homd_ci15.output.tsv	8106212	2700544
homd/CMC031.B0201.SG1.kraken2.homd_ci15.output.tsv	12667025	2699204
homd/CMC032.A0101.SG1.kraken2.homd_ci15.output.tsv	2555823	887672
homd/CMC032.B0101.SG1.kraken2.homd_ci15.output.tsv	549	83
homd/CMC033.A0201.SG1.kraken2.homd_ci15.output.tsv	10868428	3768179
homd/CMC033.B0201.SG1.kraken2.homd_ci15.output.tsv	9055477	4051095
homd/CMC034.A0101.SG1.kraken2.homd_ci15.output.tsv	6645572	2940214
homd/CMC034.B0101.SG1.kraken2.homd_ci15.output.tsv	10551368	3380702
homd/CMC035.A0201.SG1.kraken2.homd_ci15.output.tsv	10620710	4368260
homd/CMC035.B0201.SG1.kraken2.homd_ci15.output.tsv	11419856	4733269
homd/CMC036.A0101.SG1.kraken2.homd_ci15.output.tsv	9026250	4388091
homd/CMC036.B0101.SG1.kraken2.homd_ci15.output.tsv	12030900	3302551
homd/CMC037.A0201.SG1.kraken2.homd_ci15.output.tsv	7079234	3691278
homd/CMC037.B0201.SG1.kraken2.homd_ci15.output.tsv	13655050	2444453
homd/CMC038.A0101.SG1.kraken2.homd_ci15.output.tsv	7470940	5849305
homd/CMC038.B0101.SG1.kraken2.homd_ci15.output.tsv	6294020	6029438
homd/CMC039.B0201.SG1.kraken2.homd_ci15.output.tsv	11426854	3235452
homd/CMC040.B0101.SG1.kraken2.homd_ci15.output.tsv	12578673	6055676
homd/CMC041.A0201.SG1.kraken2.homd_ci15.output.tsv	8396747	4910316
homd/CMC042.A0201.SG1.kraken2.homd_ci15.output.tsv	10800568	2875136
homd/CMC042.B0101.SG1.kraken2.homd_ci15.output.tsv	11081559	3946479
homd/CMC043.A0101.SG1.kraken2.homd_ci15.output.tsv	12691975	2548796
homd/CMC043.B0101.SG1.kraken2.homd_ci15.output.tsv	12586190	2496765
homd/CMC044.A0201.SG1.kraken2.homd_ci15.output.tsv	7553839	3095146
homd/CMC045.A0201.SG1.kraken2.homd_ci15.output.tsv	6581799	4286234
homd/CMC045.B0201.SG1.kraken2.homd_ci15.output.tsv	9778454	4516528
homd/CMC046.B0201.SG1.kraken2.homd_ci15.output.tsv	8375506	3641921
homd/CMC047.A0201.SG1.kraken2.homd_ci15.output.tsv	11924266	1761958
homd/CS01.kraken2.homd_ci15.output.tsv	3672565	5595955
homd/CS02.kraken2.homd_ci15.output.tsv	3388037	9311413
homd/CS03.kraken2.homd_ci15.output.tsv	3227361	8440357
homd/CS04.kraken2.homd_ci15.output.tsv	3879268	6102823
homd/CS07.kraken2.homd_ci15.output.tsv	3285290	6090547
homd/CS08.kraken2.homd_ci15.output.tsv	3881216	4795498
homd/CS09.kraken2.homd_ci15.output.tsv	4084958	9813064
homd/CS10.kraken2.homd_ci15.output.tsv	8104211	8779792
homd/CS11.kraken2.homd_ci15.output.tsv	7862431	10202990
homd/CS12.kraken2.homd_ci15.output.tsv	2263735	4227364
homd/CS13.kraken2.homd_ci15.output.tsv	7576362	6246970
homd/CS14.kraken2.homd_ci15.output.tsv	590435	992931
homd/CS15.kraken2.homd_ci15.output.tsv	6341387	6125767
homd/CS16.kraken2.homd_ci15.output.tsv	6489764	3829169
homd/CS17.kraken2.homd_ci15.output.tsv	4976937	7996840
homd/CS18.kraken2.homd_ci15.output.tsv	3188018	2279002
homd/CS19.kraken2.homd_ci15.output.tsv	4188864	2467223
homd/CS20.kraken2.homd_ci15.output.tsv	6708026	11162367
homd/CS21.kraken2.homd_ci15.output.tsv	4634664	11161849
homd/CS22.kraken2.homd_ci15.output.tsv	8708068	8008583
homd/CS23.kraken2.homd_ci15.output.tsv	6294842	15527087
homd/CS24.kraken2.homd_ci15.output.tsv	1870128	4808859
homd/CS26.kraken2.homd_ci15.output.tsv	1344990	3390450
homd/CS27.kraken2.homd_ci15.output.tsv	209473	295089
homd/CS28.kraken2.homd_ci15.output.tsv	2410040	10026202
homd/CS29.kraken2.homd_ci15.output.tsv	12981562	7588556
homd/CS30.kraken2.homd_ci15.output.tsv	2178196	3132207
homd/CS31.kraken2.homd_ci15.output.tsv	7774760	13636740
homd/CS32.kraken2.homd_ci15.output.tsv	9119856	19071967
homd/CS33.kraken2.homd_ci15.output.tsv	4070256	6964252
homd/CS34.kraken2.homd_ci15.output.tsv	4726237	4080093
homd/CS35.kraken2.homd_ci15.output.tsv	8730691	18896031
homd/CS36.kraken2.homd_ci15.output.tsv	2391666	4723187
homd/CS37.kraken2.homd_ci15.output.tsv	5423684	16898684
homd/CS38.kraken2.homd_ci15.output.tsv	3831874	10386317
homd/CS39.kraken2.homd_ci15.output.tsv	3220539	6055574
homd/CS40.kraken2.homd_ci15.output.tsv	1927054	2841302
homd/CS42.kraken2.homd_ci15.output.tsv	1970708	3440800
homd/CS43.kraken2.homd_ci15.output.tsv	2712517	5912901
homd/CS44.kraken2.homd_ci15.output.tsv	3371440	6001912
homd/CS45.kraken2.homd_ci15.output.tsv	2450051	1860689
homd/CS46.kraken2.homd_ci15.output.tsv	3891439	5667025
homd/CS47.kraken2.homd_ci15.output.tsv	10919702	19087870
homd/CS48.kraken2.homd_ci15.output.tsv	185167	346794
homd/DLV001.A0101.kraken2.homd_ci15.output.tsv	163888	639073
homd/DLV002.A0101.kraken2.homd_ci15.output.tsv	414	80563
homd/DRT001.kraken2.homd_ci15.output.tsv	4072398	12623409
homd/ECO002.B0101.kraken2.homd_ci15.output.tsv	1616871	11187018
homd/ECO002.C0101.kraken2.homd_ci15.output.tsv	1318655	10418533
homd/ECO004.B0101.kraken2.homd_ci15.output.tsv	1073052	9552684
homd/ECO004.C0101.kraken2.homd_ci15.output.tsv	928653	8719450
homd/ECO006.B0101.kraken2.homd_ci15.output.tsv	117369	10310708
homd/ECO010.B0101.kraken2.homd_ci15.output.tsv	921255	11255724
homd/EFE002.B0101.kraken2.homd_ci15.output.tsv	2500499	8740723
homd/EFE003.B0101.kraken2.homd_ci15.output.tsv	3358461	7609623
homd/EFE004.B0101.kraken2.homd_ci15.output.tsv	3528428	8316596
homd/EFE005.B0101.kraken2.homd_ci15.output.tsv	3553032	7850768
homd/EFE006.B0101.kraken2.homd_ci15.output.tsv	3274025	7620098
homd/ELR003.A0101.kraken2.homd_ci15.output.tsv	1949949	6837402
homd/ELR004.A0101.kraken2.homd_ci15.output.tsv	2141394	2951855
homd/ELR006.A0101.kraken2.homd_ci15.output.tsv	5703812	9164741
homd/ELR008.A0101.kraken2.homd_ci15.output.tsv	5356618	10979611
homd/ELR010.A0101.kraken2.homd_ci15.output.tsv	101166	12643854
homd/EMN001.A0101.kraken2.homd_ci15.output.tsv	2604918	9925261
homd/ERR10167374.kraken2.homd_ci15.output.tsv	1183098	26713157
homd/ERR10167375.kraken2.homd_ci15.output.tsv	1167236	30375205
homd/ERR10228823.kraken2.homd_ci15.output.tsv	9606108	4265902
homd/ERR10228824.kraken2.homd_ci15.output.tsv	23927891	6275792
homd/ERR10228825.kraken2.homd_ci15.output.tsv	22164124	4832243
homd/ERR10228826.kraken2.homd_ci15.output.tsv	10965469	5043143
homd/ERR10228827.kraken2.homd_ci15.output.tsv	12145578	3506181
homd/ERR10228828.kraken2.homd_ci15.output.tsv	28452498	10914947
homd/ERR10228829.kraken2.homd_ci15.output.tsv	16884669	6680988
homd/ERR10228830.kraken2.homd_ci15.output.tsv	7132589	3193097
homd/ERR10228831.kraken2.homd_ci15.output.tsv	18792285	7051526
homd/ERR10228832.kraken2.homd_ci15.output.tsv	19742846	7848259
homd/ERR10228833.kraken2.homd_ci15.output.tsv	6903296	3200378
homd/ERR10228834.kraken2.homd_ci15.output.tsv	5635211	3056271
homd/ERR10228835.kraken2.homd_ci15.output.tsv	6281366	2215510
homd/ERR10228836.kraken2.homd_ci15.output.tsv	3903070	1302893
homd/ERR10228837.kraken2.homd_ci15.output.tsv	15512509	4478199
homd/ERR10228838.kraken2.homd_ci15.output.tsv	2874258	1014583
homd/ERR10228839.kraken2.homd_ci15.output.tsv	15299397	5509611
homd/ERR10228840.kraken2.homd_ci15.output.tsv	20349964	4889552
homd/ERR10228841.kraken2.homd_ci15.output.tsv	22644468	7141400
homd/ERR10228842.kraken2.homd_ci15.output.tsv	11217993	3754979
homd/ERR10228843.kraken2.homd_ci15.output.tsv	6251972	7488375
homd/ERR10228844.kraken2.homd_ci15.output.tsv	8392472	25357727
homd/ERR10228845.kraken2.homd_ci15.output.tsv	11916424	5371086
homd/ERR10228846.kraken2.homd_ci15.output.tsv	12834751	5479462
homd/ERR10228847.kraken2.homd_ci15.output.tsv	15601515	4468039
homd/ERR10228848.kraken2.homd_ci15.output.tsv	121086038	24682518
homd/ERR10228849.kraken2.homd_ci15.output.tsv	5885193	1722821
homd/ERR10228850.kraken2.homd_ci15.output.tsv	5278107	1511430
homd/ERR10228851.kraken2.homd_ci15.output.tsv	4932314	1888359
homd/ERR10228852.kraken2.homd_ci15.output.tsv	10201748	2871248
homd/ERR10228853.kraken2.homd_ci15.output.tsv	13391072	5044775
homd/ERR10228854.kraken2.homd_ci15.output.tsv	24735655	9956195
homd/ERR10228855.kraken2.homd_ci15.output.tsv	78842694	41249069
homd/ERR10228856.kraken2.homd_ci15.output.tsv	30286516	13705131
homd/ERR10228857.kraken2.homd_ci15.output.tsv	66978815	33228362
homd/ERR10228858.kraken2.homd_ci15.output.tsv	5764063	1312588
homd/ERR10228859.kraken2.homd_ci15.output.tsv	7439235	4023302
homd/ERR10228860.kraken2.homd_ci15.output.tsv	20422528	15466834
homd/ERR10228861.kraken2.homd_ci15.output.tsv	31117239	15428849
homd/ERR10228862.kraken2.homd_ci15.output.tsv	6720245	5504845
homd/ERR10228863.kraken2.homd_ci15.output.tsv	70534733	54514006
homd/ERR10228864.kraken2.homd_ci15.output.tsv	3472502	1610148
homd/ERR10228865.kraken2.homd_ci15.output.tsv	3011132	1414929
homd/ERR10228866.kraken2.homd_ci15.output.tsv	21040824	9017878
homd/ERR10228867.kraken2.homd_ci15.output.tsv	13800285	5472940
homd/ERR10228868.kraken2.homd_ci15.output.tsv	9297971	3919025
homd/ERR10228869.kraken2.homd_ci15.output.tsv	20376293	6936920
homd/ERR10228870.kraken2.homd_ci15.output.tsv	14075597	4353197
homd/ERR10228871.kraken2.homd_ci15.output.tsv	21240891	37840700
homd/ERR10228872.kraken2.homd_ci15.output.tsv	11249174	3467404
homd/ERR10228873.kraken2.homd_ci15.output.tsv	21909988	25846510
homd/ERR10228874.kraken2.homd_ci15.output.tsv	15468296	5151877
homd/ERR10228875.kraken2.homd_ci15.output.tsv	10650143	2736008
homd/ERR10228876.kraken2.homd_ci15.output.tsv	35897626	11177704
homd/ERR10228877.kraken2.homd_ci15.output.tsv	2571165	1189526
homd/ERR10228878.kraken2.homd_ci15.output.tsv	17862119	5066747
homd/ERR10228879.kraken2.homd_ci15.output.tsv	7871921	2143925
homd/ERR10228880.kraken2.homd_ci15.output.tsv	7775567	2025787
homd/ERR10228881.kraken2.homd_ci15.output.tsv	21990537	7564582
homd/ERR10228882.kraken2.homd_ci15.output.tsv	12908072	3929994
homd/ERR10228883.kraken2.homd_ci15.output.tsv	32252623	13808300
homd/ERR10228884.kraken2.homd_ci15.output.tsv	13232696	3400883
homd/ERR10228885.kraken2.homd_ci15.output.tsv	31733750	15765334
homd/ERR10228886.kraken2.homd_ci15.output.tsv	47420740	15630640
homd/ERR10228887.kraken2.homd_ci15.output.tsv	25360768	6593999
homd/ERR1474564.kraken2.homd_ci15.output.tsv	8797795	2218598
homd/ERR1474565.kraken2.homd_ci15.output.tsv	11954219	6381961
homd/ERR1474566.kraken2.homd_ci15.output.tsv	12179110	6442397
homd/ERR1474567.kraken2.homd_ci15.output.tsv	8952501	3867653
homd/ERR1474568.kraken2.homd_ci15.output.tsv	51958010	10815004
homd/ERR1474569.kraken2.homd_ci15.output.tsv	8073505	4427543
homd/ERR1474570.kraken2.homd_ci15.output.tsv	34222331	8956663
homd/ERR1474571.kraken2.homd_ci15.output.tsv	9900088	5573403
homd/ERR1474572.kraken2.homd_ci15.output.tsv	2282526	1097550
homd/ERR1474573.kraken2.homd_ci15.output.tsv	1829292	703786
homd/ERR1474574.kraken2.homd_ci15.output.tsv	1934950	841778
homd/ERR1474575.kraken2.homd_ci15.output.tsv	14978899	4229043
homd/ERR1474576.kraken2.homd_ci15.output.tsv	3196686	1135959
homd/ERR1474577.kraken2.homd_ci15.output.tsv	7876500	2594720
homd/ERR1474578.kraken2.homd_ci15.output.tsv	3935252	1354356
homd/ERR1474579.kraken2.homd_ci15.output.tsv	11399941	3887261
homd/ERR1474580.kraken2.homd_ci15.output.tsv	45770718	27975555
homd/ERR1474581.kraken2.homd_ci15.output.tsv	3094811	1386872
homd/ERR1474582.kraken2.homd_ci15.output.tsv	8667093	4528497
homd/ERR1474583.kraken2.homd_ci15.output.tsv	9040601	5836324
homd/ERR1474584.kraken2.homd_ci15.output.tsv	10060541	4087497
homd/ERR1474585.kraken2.homd_ci15.output.tsv	47621892	10379016
homd/ERR1474586.kraken2.homd_ci15.output.tsv	49572503	13021659
homd/ERR1474587.kraken2.homd_ci15.output.tsv	32664646	10697615
homd/ERR5729614.kraken2.homd_ci15.output.tsv	8026969	29718740
homd/ERR5729615.kraken2.homd_ci15.output.tsv	4731121	37987146
homd/ERR5729616.kraken2.homd_ci15.output.tsv	9166189	32683997
homd/ERR5729617.kraken2.homd_ci15.output.tsv	8838322	23705537
homd/ERR5729618.kraken2.homd_ci15.output.tsv	4606462	33071995
homd/ERR5729619.kraken2.homd_ci15.output.tsv	7734169	34767600
homd/ERR5729620.kraken2.homd_ci15.output.tsv	5141726	35195683
homd/ERR5729621.kraken2.homd_ci15.output.tsv	5992034	38407793
homd/ERR5729622.kraken2.homd_ci15.output.tsv	5549493	28712028
homd/ERR5729623.kraken2.homd_ci15.output.tsv	6153140	30075024
homd/ERR5729624.kraken2.homd_ci15.output.tsv	2113569	6268878
homd/ERR5729625.kraken2.homd_ci15.output.tsv	8094488	28815441
homd/ERR5729626.kraken2.homd_ci15.output.tsv	10171547	40493193
homd/ERR5729627.kraken2.homd_ci15.output.tsv	5523128	29829058
homd/ERR5729628.kraken2.homd_ci15.output.tsv	7099113	25540630
homd/ERR5729629.kraken2.homd_ci15.output.tsv	6126613	25063944
homd/ERR5729630.kraken2.homd_ci15.output.tsv	1818367	16757387
homd/ERR5729631.kraken2.homd_ci15.output.tsv	6407668	28399291
homd/ERR5729632.kraken2.homd_ci15.output.tsv	9238392	39597463
homd/ERR5729633.kraken2.homd_ci15.output.tsv	9880475	28950396
homd/ERR5729634.kraken2.homd_ci15.output.tsv	7762103	33380367
homd/ERR5729635.kraken2.homd_ci15.output.tsv	57216	34128772
homd/ERR5729636.kraken2.homd_ci15.output.tsv	6168727	24073209
homd/ERR5729637.kraken2.homd_ci15.output.tsv	6311649	21667138
homd/ERR5729638.kraken2.homd_ci15.output.tsv	7175040	21968772
homd/ERR5729639.kraken2.homd_ci15.output.tsv	5191887	22139073
homd/ERR5729640.kraken2.homd_ci15.output.tsv	8018549	20488887
homd/ERR5729641.kraken2.homd_ci15.output.tsv	8943238	22488868
homd/ERR5729642.kraken2.homd_ci15.output.tsv	7888929	20217957
homd/ERR5729643.kraken2.homd_ci15.output.tsv	6020571	19674245
homd/ERR5729644.kraken2.homd_ci15.output.tsv	5793547	22520229
homd/ERR5729645.kraken2.homd_ci15.output.tsv	5663428	17929273
homd/ERR5729646.kraken2.homd_ci15.output.tsv	3271394	21794834
homd/ERR5729647.kraken2.homd_ci15.output.tsv	6316001	19778279
homd/ERR5729648.kraken2.homd_ci15.output.tsv	7028144	17090074
homd/ERR5729649.kraken2.homd_ci15.output.tsv	7340373	18202717
homd/ERR5729650.kraken2.homd_ci15.output.tsv	6235817	17907181
homd/ERR5729651.kraken2.homd_ci15.output.tsv	6928175	17231853
homd/ERR5729652.kraken2.homd_ci15.output.tsv	7219690	18541145
homd/ERR5729653.kraken2.homd_ci15.output.tsv	8162691	17486101
homd/ERR5729654.kraken2.homd_ci15.output.tsv	6293074	20117807
homd/ERR5729655.kraken2.homd_ci15.output.tsv	6303089	21310818
homd/ERR5729656.kraken2.homd_ci15.output.tsv	5861440	18713620
homd/ERR5729657.kraken2.homd_ci15.output.tsv	9633949	18721794
homd/ERR8050978.kraken2.homd_ci15.output.tsv	31374428	247296023
homd/ESA003.A0101.kraken2.homd_ci15.output.tsv	3606936	6485801
homd/ESA004.A0101.kraken2.homd_ci15.output.tsv	1727672	6069524
homd/ESA006.A0101.kraken2.homd_ci15.output.tsv	2659582	8534004
homd/ESA007.A0101.kraken2.homd_ci15.output.tsv	3054367	6793380
homd/ESA008.A0101.kraken2.homd_ci15.output.tsv	2479741	6601513
homd/FUM001.A0101.kraken2.homd_ci15.output.tsv	1520082	8534449
homd/FUM002.A0101.kraken2.homd_ci15.output.tsv	2927932	14168624
homd/FUM003.A0101.kraken2.homd_ci15.output.tsv	887365	14681465
homd/FUT018.B0101.kraken2.homd_ci15.output.tsv	18624	8623863
homd/FUT021.B0101.kraken2.homd_ci15.output.tsv	1854893	5507969
homd/FUT024.B0101.kraken2.homd_ci15.output.tsv	1643775	6709268
homd/G12.kraken2.homd_ci15.output.tsv	29395587	30173414
homd/GDN001.A0101.kraken2.homd_ci15.output.tsv	2368013	12664000
homd/GDN001.B0101.kraken2.homd_ci15.output.tsv	1782225	13290535
homd/GOY005.A0103.SG1.kraken2.homd_ci15.output.tsv	294154	3186825
homd/GOY006.A0102.SG1.kraken2.homd_ci15.output.tsv	3210642	34876914
homd/GUE001.A0101.kraken2.homd_ci15.output.tsv	43106	10696759
homd/HCLVMBCX2-3505-01-00-01_S1.kraken2.homd_ci15.output.tsv	460133	2670435
homd/HCLVMBCX2-3505-02-00-01_S2.kraken2.homd_ci15.output.tsv	944519	3417292
homd/HCLVMBCX2-3505-03-00-01_S3.kraken2.homd_ci15.output.tsv	845120	4660767
homd/HCLVMBCX2-3505-04-00-01_S4.kraken2.homd_ci15.output.tsv	148284	5217488
homd/HCLVMBCX2-3505-05-00-01_S5.kraken2.homd_ci15.output.tsv	579649	4931000
homd/HCLVMBCX2-3505-06-00-01_S6.kraken2.homd_ci15.output.tsv	4000448	20424860
homd/HCLVMBCX2-3505-07-00-01_S7.kraken2.homd_ci15.output.tsv	1652001	5751906
homd/HCLVMBCX2-3505-08-00-01_S8.kraken2.homd_ci15.output.tsv	1837387	9535884
homd/HCLVMBCX2-3505-09-00-01_S9.kraken2.homd_ci15.output.tsv	2360643	14729180
homd/HCLVMBCX2-3505-10-00-01_S10.kraken2.homd_ci15.output.tsv	705513	3225815
homd/HCLVMBCX2-3505-11-00-01_S11.kraken2.homd_ci15.output.tsv	927073	2901296
homd/HCLVMBCX2-3505-12-00-01_S12.kraken2.homd_ci15.output.tsv	2206824	5760601
homd/HCLVMBCX2-3505-14-00-01_S14.kraken2.homd_ci15.output.tsv	15916615	20355702
homd/HCLVMBCX2-3505-15-00-01_S15.kraken2.homd_ci15.output.tsv	2309109	8378753
homd/HCLVMBCX2-3505-16-00-01_S16.kraken2.homd_ci15.output.tsv	2866296	13562605
homd/HCLVMBCX2-3505-17-00-01_S17.kraken2.homd_ci15.output.tsv	1662379	9385888
homd/HCLVMBCX2-3505-18-00-01_S18.kraken2.homd_ci15.output.tsv	955022	6464060
homd/HCLVMBCX2-3505-20-00-01_S20.kraken2.homd_ci15.output.tsv	345786	5426140
homd/HCLVMBCX2-3505-21-00-01_S21.kraken2.homd_ci15.output.tsv	1134986	5124830
homd/HCLVMBCX2-3505-22-00-01_S22.kraken2.homd_ci15.output.tsv	168145	5406021
homd/HCLVMBCX2-3505-23-00-01_S23.kraken2.homd_ci15.output.tsv	115981	4597113
homd/HCLVMBCX2-3505-24-00-01_S24.kraken2.homd_ci15.output.tsv	97336	5594595
homd/HCLVMBCX2-3505-25-00-01_S25.kraken2.homd_ci15.output.tsv	73803	4612787
homd/HCLVMBCX2-3505-26-00-01_S26.kraken2.homd_ci15.output.tsv	2089532	5034951
homd/HCLVMBCX2-3505-27-00-01_S27.kraken2.homd_ci15.output.tsv	217725	3410020
homd/HCLVMBCX2-3505-28-00-01_S28.kraken2.homd_ci15.output.tsv	1326349	5733238
homd/HCLVMBCX2-3505-29-00-01_S29.kraken2.homd_ci15.output.tsv	73778	4392200
homd/HCLVMBCX2-3505-31-00-01_S31.kraken2.homd_ci15.output.tsv	51065	3905030
homd/HCLVMBCX2-3505-33-00-01_S33.kraken2.homd_ci15.output.tsv	16869	2101438
homd/IVE002.B0101.kraken2.homd_ci15.output.tsv	6697444	7301163
homd/IVE003.A0101.kraken2.homd_ci15.output.tsv	3023630	5686922
homd/IVE005.A0101.kraken2.homd_ci15.output.tsv	3501738	5088859
homd/IVE005.B0101.kraken2.homd_ci15.output.tsv	7524522	7830324
homd/IVE007.B0101.kraken2.homd_ci15.output.tsv	5407352	9259707
homd/JAE006.A0101.kraken2.homd_ci15.output.tsv	69230395	18454750
homd/JAE007.A0101.kraken2.homd_ci15.output.tsv	54560373	11714884
homd/JAE008.A0101.kraken2.homd_ci15.output.tsv	43176530	21902262
homd/JAE009.A0101.kraken2.homd_ci15.output.tsv	42441110	23476777
homd/JAE010.A0101.kraken2.homd_ci15.output.tsv	44951452	14943594
homd/JAE012.A0101.kraken2.homd_ci15.output.tsv	46298154	16277059
homd/JAE013.A0101.kraken2.homd_ci15.output.tsv	30444394	8414588
homd/JAE014.A0101.kraken2.homd_ci15.output.tsv	37463896	30978975
homd/JAE015.A0101.kraken2.homd_ci15.output.tsv	31959030	25399978
homd/JAE016.A0101.kraken2.homd_ci15.output.tsv	52752962	41616185
homd/KT01calc.kraken2.homd_ci15.output.tsv	4219969	6331338
homd/KT02calc.kraken2.homd_ci15.output.tsv	1111783	2800227
homd/KT03calc.kraken2.homd_ci15.output.tsv	1569300	2355202
homd/KT04calc.kraken2.homd_ci15.output.tsv	1354692	3126995
homd/KT05calc.kraken2.homd_ci15.output.tsv	1233204	3210827
homd/KT06calc.kraken2.homd_ci15.output.tsv	1195554	4601906
homd/KT07calc.kraken2.homd_ci15.output.tsv	1517545	3693458
homd/KT08calc.kraken2.homd_ci15.output.tsv	2558553	1988759
homd/KT09calc.kraken2.homd_ci15.output.tsv	845371	3784416
homd/KT10calc.kraken2.homd_ci15.output.tsv	995348	3735465
homd/KT11calc.kraken2.homd_ci15.output.tsv	1397338	2988712
homd/KT12calc.kraken2.homd_ci15.output.tsv	1030914	2682417
homd/KT13calc.kraken2.homd_ci15.output.tsv	1048681	3037951
homd/KT14calc.kraken2.homd_ci15.output.tsv	1929384	2797511
homd/KT15calc.kraken2.homd_ci15.output.tsv	1922476	5549159
homd/KT16calc.kraken2.homd_ci15.output.tsv	1126076	2757414
homd/KT17calc.kraken2.homd_ci15.output.tsv	936704	2648452
homd/KT18calc.kraken2.homd_ci15.output.tsv	1242924	4399080
homd/KT19calc.kraken2.homd_ci15.output.tsv	2976430	3965995
homd/KT20calc.kraken2.homd_ci15.output.tsv	1919165	5349249
homd/KT21calc.kraken2.homd_ci15.output.tsv	1031056	2823354
homd/KT22calc.kraken2.homd_ci15.output.tsv	1735659	2756197
homd/KT23calc.kraken2.homd_ci15.output.tsv	2322890	4289583
homd/KT24calc.kraken2.homd_ci15.output.tsv	1626480	4738553
homd/KT25calc.kraken2.homd_ci15.output.tsv	1264641	4144604
homd/KT26calc.kraken2.homd_ci15.output.tsv	1681863	4040488
homd/KT27calc.kraken2.homd_ci15.output.tsv	1070018	3051930
homd/KT28calc.kraken2.homd_ci15.output.tsv	1152013	4005154
homd/KT29calc.kraken2.homd_ci15.output.tsv	2199013	3817641
homd/KT30calc.kraken2.homd_ci15.output.tsv	1318626	3540642
homd/KT31calc.kraken2.homd_ci15.output.tsv	3424916	5853208
homd/KT32calc.kraken2.homd_ci15.output.tsv	1775195	3564603
homd/KT33calc.kraken2.homd_ci15.output.tsv	2280992	4326855
homd/KT34calc.kraken2.homd_ci15.output.tsv	1621400	4227018
homd/KT35calc.kraken2.homd_ci15.output.tsv	1188882	3073246
homd/KT36calc.kraken2.homd_ci15.output.tsv	1383941	3985876
homd/LIS001.A0101.kraken2.homd_ci15.output.tsv	3659553	6927865
homd/LIS002.A0101.SG1.kraken2.homd_ci15.output.tsv	2264860	9248906
homd/LIS003.A0101.kraken2.homd_ci15.output.tsv	3351452	7016823
homd/MAWB10.kraken2.homd_ci15.output.tsv	22998802	25208426
homd/MAWB11.kraken2.homd_ci15.output.tsv	4305335	6808085
homd/MAWB12.kraken2.homd_ci15.output.tsv	3578899	4667391
homd/MAWB15.kraken2.homd_ci15.output.tsv	14525033	19277301
homd/MAWB3.kraken2.homd_ci15.output.tsv	645169	1969710
homd/MAWB5.kraken2.homd_ci15.output.tsv	2548185	6088973
homd/MAWB6.kraken2.homd_ci15.output.tsv	8602795	21578057
homd/MID022.A0101.kraken2.homd_ci15.output.tsv	4159119	6801978
homd/MID023.A0101.kraken2.homd_ci15.output.tsv	4827676	3298347
homd/MID024.A0101.kraken2.homd_ci15.output.tsv	2353519	7359143
homd/MID025.A0101.kraken2.homd_ci15.output.tsv	2794123	6638023
homd/MID026.A0101.kraken2.homd_ci15.output.tsv	3984316	3393015
homd/MID027.A0101.kraken2.homd_ci15.output.tsv	4026697	2681299
homd/MID028.A0101.kraken2.homd_ci15.output.tsv	2903909	3336970
homd/MID029.A0101.kraken2.homd_ci15.output.tsv	3464135	4005635
homd/MID030.A0101.kraken2.homd_ci15.output.tsv	2730616	7362293
homd/MID031.A0101.kraken2.homd_ci15.output.tsv	1923667	4224146
homd/MID032.A0101.kraken2.homd_ci15.output.tsv	3839906	6723807
homd/MID033.A0101.kraken2.homd_ci15.output.tsv	2492065	4908012
homd/MID034.A0101.kraken2.homd_ci15.output.tsv	3779358	6911934
homd/MID035.A0101.kraken2.homd_ci15.output.tsv	2609628	4292309
homd/MID036.A0101.kraken2.homd_ci15.output.tsv	4791592	4225186
homd/MID037.A0101.kraken2.homd_ci15.output.tsv	5063544	5649531
homd/MID038.A0101.kraken2.homd_ci15.output.tsv	3632389	3897640
homd/MID039.A0101.kraken2.homd_ci15.output.tsv	3158839	3766914
homd/MID040.A0101.kraken2.homd_ci15.output.tsv	3245794	5804137
homd/MID041.A0101.kraken2.homd_ci15.output.tsv	3487343	5783757
homd/MID042.A0101.kraken2.homd_ci15.output.tsv	4195291	3856368
homd/MID043.A0101.kraken2.homd_ci15.output.tsv	3797575	3767296
homd/MID044.A0101.kraken2.homd_ci15.output.tsv	3255601	5246041
homd/MID045.A0101.kraken2.homd_ci15.output.tsv	4001961	6086161
homd/MID046.A0101.kraken2.homd_ci15.output.tsv	2384952	5161730
homd/MID047.A0101.kraken2.homd_ci15.output.tsv	2744251	4232188
homd/MID048.A0101.kraken2.homd_ci15.output.tsv	3539548	4437634
homd/MID049.A0101.kraken2.homd_ci15.output.tsv	5073661	5044758
homd/MID050.A0101.kraken2.homd_ci15.output.tsv	4738200	7873583
homd/MID051.A0101.kraken2.homd_ci15.output.tsv	2821787	5686211
homd/MID052.A0101.kraken2.homd_ci15.output.tsv	2656761	7180030
homd/MID053.A0101.kraken2.homd_ci15.output.tsv	3548203	7125544
homd/MID054.A0101.kraken2.homd_ci15.output.tsv	3692500	9450939
homd/MID055.A0101.kraken2.homd_ci15.output.tsv	4349975	7349379
homd/MID056.A0101.kraken2.homd_ci15.output.tsv	5394776	5974328
homd/MID057.A0101.kraken2.homd_ci15.output.tsv	5129973	8125420
homd/MID058.A0101.kraken2.homd_ci15.output.tsv	3213542	6107770
homd/MID059.A0101.kraken2.homd_ci15.output.tsv	4121076	8795022
homd/MID060.A0101.kraken2.homd_ci15.output.tsv	3148155	5023172
homd/MID061.A0101.kraken2.homd_ci15.output.tsv	7317298	3693833
homd/MID062.A0101.kraken2.homd_ci15.output.tsv	3030608	4889437
homd/MID063.A0101.kraken2.homd_ci15.output.tsv	2235576	7319942
homd/MID064.A0101.kraken2.homd_ci15.output.tsv	3642542	6197049
homd/MID065.A0101.kraken2.homd_ci15.output.tsv	5633910	4471017
homd/MID066.A0101.kraken2.homd_ci15.output.tsv	3689936	5479057
homd/MID067.A0101.kraken2.homd_ci15.output.tsv	2836383	6592199
homd/MID068.A0101.kraken2.homd_ci15.output.tsv	2739708	4118631
homd/MID068.B0101.kraken2.homd_ci15.output.tsv	2247346	3210850
homd/MID070.A0101.kraken2.homd_ci15.output.tsv	4062845	6022633
homd/MID071.A0101.kraken2.homd_ci15.output.tsv	4771948	5349782
homd/MID072.A0101.kraken2.homd_ci15.output.tsv	3498562	6991285
homd/MID073.A0101.kraken2.homd_ci15.output.tsv	4861334	7129922
homd/MID074.A0101.kraken2.homd_ci15.output.tsv	1546468	2361927
homd/MID075.A0101.kraken2.homd_ci15.output.tsv	1092580	3597941
homd/MID076.A0101.kraken2.homd_ci15.output.tsv	2300469	5976852
homd/MID077.A0101.kraken2.homd_ci15.output.tsv	5796469	6543375
homd/MID078.A0101.kraken2.homd_ci15.output.tsv	3494079	4087086
homd/MID079.A0101.kraken2.homd_ci15.output.tsv	5858502	4048385
homd/MID080.A0101.kraken2.homd_ci15.output.tsv	2268815	1950267
homd/MID081.A0101.kraken2.homd_ci15.output.tsv	3369409	6598066
homd/MID082.A0101.kraken2.homd_ci15.output.tsv	3288289	7890058
homd/MID083.A0101.kraken2.homd_ci15.output.tsv	4246241	5920348
homd/MID084.A0101.kraken2.homd_ci15.output.tsv	4784841	8380431
homd/MID085.A0101.kraken2.homd_ci15.output.tsv	5145462	8622100
homd/MID086.A0101.kraken2.homd_ci15.output.tsv	1648931	2460328
homd/MID087.A0101.kraken2.homd_ci15.output.tsv	4360474	3900205
homd/MID088.A0101.kraken2.homd_ci15.output.tsv	4975006	7040598
homd/MID089.A0101.kraken2.homd_ci15.output.tsv	3305772	6007192
homd/MID090.A0101.kraken2.homd_ci15.output.tsv	2468642	1565222
homd/MID091.A0101.kraken2.homd_ci15.output.tsv	5376805	8281160
homd/MID092.A0101.kraken2.homd_ci15.output.tsv	2123469	8651335
homd/MID093.A0101.kraken2.homd_ci15.output.tsv	5549607	8276344
homd/MID094.A0101.kraken2.homd_ci15.output.tsv	5985189	6071578
homd/MID097.A0101.kraken2.homd_ci15.output.tsv	3491082	7048794
homd/MID101.A0101.kraken2.homd_ci15.output.tsv	4910605	4866390
homd/MID102.A0101.kraken2.homd_ci15.output.tsv	3822903	6187720
homd/MOA001.A0101.kraken2.homd_ci15.output.tsv	1847329	4872926
homd/MOA001.A0102.kraken2.homd_ci15.output.tsv	2244530	6187368
homd/NMU115.A0101.kraken2.homd_ci15.output.tsv	3614024	6590557
homd/NMU116.A0101.kraken2.homd_ci15.output.tsv	204393	5271614
homd/NMU117.A0101.kraken2.homd_ci15.output.tsv	3749325	7479306
homd/NMU118.A0101.kraken2.homd_ci15.output.tsv	3307622	7453140
homd/NMU119.A0101.kraken2.homd_ci15.output.tsv	3631248	7310876
homd/NMU120.A0101.kraken2.homd_ci15.output.tsv	4983284	8779471
homd/NMU121.A0101.kraken2.homd_ci15.output.tsv	3104327	7981052
homd/NMU122.A0101.kraken2.homd_ci15.output.tsv	3160841	8743386
homd/NMU123.A0101.kraken2.homd_ci15.output.tsv	1720461	4769949
homd/NMU124.A0101.kraken2.homd_ci15.output.tsv	3133060	8011510
homd/NMU125.A0101.kraken2.homd_ci15.output.tsv	3465926	7143739
homd/NMU126.A0101.kraken2.homd_ci15.output.tsv	2947354	7652684
homd/NMU127.A0101.kraken2.homd_ci15.output.tsv	3425548	6642318
homd/NMU128.A0101.kraken2.homd_ci15.output.tsv	3422698	7909746
homd/NMU129.A0101.kraken2.homd_ci15.output.tsv	2047919	7118981
homd/NMU130.A0101.kraken2.homd_ci15.output.tsv	3922208	8733991
homd/NMU131.A0101.kraken2.homd_ci15.output.tsv	256718	9045749
homd/OAK001.A0101.kraken2.homd_ci15.output.tsv	513437	10586687
homd/OAK002.A0101.kraken2.homd_ci15.output.tsv	2826320	11131476
homd/OAK003.A0101.kraken2.homd_ci15.output.tsv	3273172	13865596
homd/OAK004.A0101.kraken2.homd_ci15.output.tsv	3412963	9995348
homd/OAK005.A0101.kraken2.homd_ci15.output.tsv	4805499	12080315
homd/OFN001.A0101.kraken2.homd_ci15.output.tsv	2751413	9602978
homd/PAH001.A0102.kraken2.homd_ci15.output.tsv	756702	7913666
homd/PAH002.A0101.kraken2.homd_ci15.output.tsv	1574849	9782662
homd/PAH003.A0101.kraken2.homd_ci15.output.tsv	1374097	7418246
homd/PES001.B0101.kraken2.homd_ci15.output.tsv	3199033	8671762
homd/PLV001.A0101.kraken2.homd_ci15.output.tsv	1358126	10024246
homd/PYK001.A0101.kraken2.homd_ci15.output.tsv	1451216	13757292
homd/PYK002.A0101.kraken2.homd_ci15.output.tsv	4603723	12568600
homd/PYK003.A0101.kraken2.homd_ci15.output.tsv	3426751	11268490
homd/PYK004.A0101.kraken2.homd_ci15.output.tsv	6720193	9942611
homd/PYK005.A0101.kraken2.homd_ci15.output.tsv	6628189	14792737
homd/RAP001.A0101.kraken2.homd_ci15.output.tsv	5730052	8070580
homd/RAP002.A0101.kraken2.homd_ci15.output.tsv	1966974	8392140
homd/RIG001.A0101.kraken2.homd_ci15.output.tsv	3395447	22561439
homd/RUV001.kraken2.homd_ci15.output.tsv	146367	10833879
homd/SA-001.kraken2.homd_ci15.output.tsv	6081835	9619370
homd/SA-002.kraken2.homd_ci15.output.tsv	1907680	10131977
homd/SA-003.kraken2.homd_ci15.output.tsv	3789440	7045588
homd/SA-004.kraken2.homd_ci15.output.tsv	3003181	10066783
homd/SA-005.kraken2.homd_ci15.output.tsv	5768309	9007927
homd/SA-006.kraken2.homd_ci15.output.tsv	3334342	7554141
homd/SA-007.kraken2.homd_ci15.output.tsv	3312096	9269847
homd/SA-008.kraken2.homd_ci15.output.tsv	4140945	10746787
homd/SA-009.kraken2.homd_ci15.output.tsv	3469066	10176671
homd/SA-010.kraken2.homd_ci15.output.tsv	2924936	7349186
homd/SA-011.kraken2.homd_ci15.output.tsv	4021179	9900600
homd/SIG031.A0101.kraken2.homd_ci15.output.tsv	3415611	7952170
homd/SIG032.A0101.kraken2.homd_ci15.output.tsv	3381943	8459213
homd/SIG033.A0101.kraken2.homd_ci15.output.tsv	2906460	8596787
homd/SIG034.A0101.kraken2.homd_ci15.output.tsv	72178	12927128
homd/SIG035.A0101.kraken2.homd_ci15.output.tsv	1945210	9816675
homd/SIG036.A0101.kraken2.homd_ci15.output.tsv	34524	11624037
homd/SIG037.A0101.kraken2.homd_ci15.output.tsv	320782	11181683
homd/SIG038.A0101.kraken2.homd_ci15.output.tsv	75568	6299416
homd/SIG039.A0101.kraken2.homd_ci15.output.tsv	63649	10700325
homd/SIG040.A0101.kraken2.homd_ci15.output.tsv	28823	10394647
homd/SIG040.A0201.kraken2.homd_ci15.output.tsv	40147	13214056
homd/SIG041.A0101.kraken2.homd_ci15.output.tsv	75676	16162641
homd/SIG042.A0101.kraken2.homd_ci15.output.tsv	644267	7877716
homd/SIG043.A0101.kraken2.homd_ci15.output.tsv	642609	10853002
homd/SIG044.A0101.kraken2.homd_ci15.output.tsv	531048	9232805
homd/SIG045.A0101.kraken2.homd_ci15.output.tsv	207407	3882607
homd/SIG046.A0101.kraken2.homd_ci15.output.tsv	667672	13487056
homd/SIG046.A0201.kraken2.homd_ci15.output.tsv	106240	13625410
homd/SIG047.A0101.kraken2.homd_ci15.output.tsv	1032599	9551951
homd/SMD017.kraken2.homd_ci15.output.tsv	3833745	10599216
homd/SMD033.kraken2.homd_ci15.output.tsv	3385115	8258766
homd/SMD046.kraken2.homd_ci15.output.tsv	3520644	7523129
homd/SMD047.kraken2.homd_ci15.output.tsv	4061032	8301950
homd/SMD051.kraken2.homd_ci15.output.tsv	5394636	8310220
homd/SPM001.A0101.kraken2.homd_ci15.output.tsv	60342	2238769
homd/SPM002.A0101.kraken2.homd_ci15.output.tsv	118295	1229767
homd/SRR11176627.kraken2.homd_ci15.output.tsv	3251067	30299448
homd/SRR11176628.kraken2.homd_ci15.output.tsv	5920946	5397923
homd/SRR11176629.kraken2.homd_ci15.output.tsv	5187511	13663451
homd/SRR11176630.kraken2.homd_ci15.output.tsv	2658892	12880476
homd/SRR11176631.kraken2.homd_ci15.output.tsv	1249379	10284757
homd/SRR11176632.kraken2.homd_ci15.output.tsv	2331623	6129686
homd/SRR11176633.kraken2.homd_ci15.output.tsv	1335655	3755342
homd/SRR11176634.kraken2.homd_ci15.output.tsv	3192611	6638251
homd/SRR11176635.kraken2.homd_ci15.output.tsv	3634434	13350775
homd/SRR11176636.kraken2.homd_ci15.output.tsv	5454981	11793398
homd/SRR11176638.kraken2.homd_ci15.output.tsv	1377922	4447421
homd/SRR11176639.kraken2.homd_ci15.output.tsv	5745935	11463532
homd/SRR11176640.kraken2.homd_ci15.output.tsv	9479607	15277538
homd/SRR11176641.kraken2.homd_ci15.output.tsv	2346378	9908044
homd/SRR11176642.kraken2.homd_ci15.output.tsv	4182110	9980089
homd/SRR12136712.kraken2.homd_ci15.output.tsv	89428	1410347
homd/SRR12136713.kraken2.homd_ci15.output.tsv	2212377	4657041
homd/SRR12557006.kraken2.homd_ci15.output.tsv	1410488	4169733
homd/SRR12557007.kraken2.homd_ci15.output.tsv	2898588	5164909
homd/SRR12557008.kraken2.homd_ci15.output.tsv	396780	1463067
homd/SRR13263116.kraken2.homd_ci15.output.tsv	141826	267861
homd/SRR13263117.kraken2.homd_ci15.output.tsv	163463	208932
homd/SRR13263118.kraken2.homd_ci15.output.tsv	536606	3865552
homd/SRR13263119.kraken2.homd_ci15.output.tsv	55279	153531
homd/SRR13263120.kraken2.homd_ci15.output.tsv	2051018	13090246
homd/SRR13263123.kraken2.homd_ci15.output.tsv	6300153	66357719
homd/SRR13263124.kraken2.homd_ci15.output.tsv	9078490	58479959
homd/SRR13263126.kraken2.homd_ci15.output.tsv	19023	90979
homd/SRR13263127.kraken2.homd_ci15.output.tsv	24354	110195
homd/SRR13263128.kraken2.homd_ci15.output.tsv	46553	241650
homd/SRR13263130.kraken2.homd_ci15.output.tsv	479627	22284314
homd/SRR13263131.kraken2.homd_ci15.output.tsv	626304	5423106
homd/SRR13263132.kraken2.homd_ci15.output.tsv	30117	151955
homd/SRR13263133.kraken2.homd_ci15.output.tsv	9073	57648
homd/SRR13263134.kraken2.homd_ci15.output.tsv	22726	185829
homd/SRR13263135.kraken2.homd_ci15.output.tsv	36095	209024
homd/SRR13263136.kraken2.homd_ci15.output.tsv	259066	1338213
homd/SRR13263137.kraken2.homd_ci15.output.tsv	619678	4958087
homd/SRR13263138.kraken2.homd_ci15.output.tsv	177806	909009
homd/SRR13355784.kraken2.homd_ci15.output.tsv	361094	291501
homd/SRR13355785.kraken2.homd_ci15.output.tsv	132068	351452
homd/SRR13355786.kraken2.homd_ci15.output.tsv	347397	253188
homd/SRR13355787.kraken2.homd_ci15.output.tsv	157356	270900
homd/SRR13355789.kraken2.homd_ci15.output.tsv	154057	353160
homd/SRR13355790.kraken2.homd_ci15.output.tsv	131141	208286
homd/SRR13355791.kraken2.homd_ci15.output.tsv	543628	904873
homd/SRR13355792.kraken2.homd_ci15.output.tsv	190522	239683
homd/SRR13355794.kraken2.homd_ci15.output.tsv	64157	190916
homd/SRR13355796.kraken2.homd_ci15.output.tsv	1978743	2944979
homd/SRR13355797.kraken2.homd_ci15.output.tsv	1147732	4865368
homd/SRR13355798.kraken2.homd_ci15.output.tsv	3219971	6999047
homd/SRR13355799.kraken2.homd_ci15.output.tsv	1968988	2964074
homd/SRR13355800.kraken2.homd_ci15.output.tsv	3001593	3258870
homd/SRR13355801.kraken2.homd_ci15.output.tsv	2466464	3688964
homd/SRR13355802.kraken2.homd_ci15.output.tsv	248428	372980
homd/SRR13355803.kraken2.homd_ci15.output.tsv	229974	284417
homd/SRR13355804.kraken2.homd_ci15.output.tsv	184665	218126
homd/SRR13355805.kraken2.homd_ci15.output.tsv	119025	248862
homd/SRR13355806.kraken2.homd_ci15.output.tsv	171649	556595
homd/SRR13355807.kraken2.homd_ci15.output.tsv	154639	395933
homd/SRR13355808.kraken2.homd_ci15.output.tsv	64230	592502
homd/SRR13355809.kraken2.homd_ci15.output.tsv	201935	229853
homd/SRR13355810.kraken2.homd_ci15.output.tsv	46339	94010
homd/SRR13355811.kraken2.homd_ci15.output.tsv	154254	353435
homd/SRR13355812.kraken2.homd_ci15.output.tsv	138443	303654
homd/SRR13355813.kraken2.homd_ci15.output.tsv	132706	272832
homd/SRR14894172.kraken2.homd_ci15.output.tsv	4322545	13909700
homd/SRR14894173.kraken2.homd_ci15.output.tsv	3159136	10917638
homd/SRR14894174.kraken2.homd_ci15.output.tsv	2462134	15071834
homd/SRR14894175.kraken2.homd_ci15.output.tsv	2841279	15741751
homd/SRR14894176.kraken2.homd_ci15.output.tsv	3667206	12970194
homd/SRR14894177.kraken2.homd_ci15.output.tsv	5695115	13352623
homd/SRR1646030.kraken2.homd_ci15.output.tsv	543392	688310
homd/SRR1646031.kraken2.homd_ci15.output.tsv	2079856	1833812
homd/SRR1646032.kraken2.homd_ci15.output.tsv	71862	88569
homd/SRR1646033.kraken2.homd_ci15.output.tsv	509515	670162
homd/SRR1646038.kraken2.homd_ci15.output.tsv	1254960	582269
homd/SRR1646039.kraken2.homd_ci15.output.tsv	473247	342300
homd/SRR1646040.kraken2.homd_ci15.output.tsv	1450795	1706833
homd/SRR1646041.kraken2.homd_ci15.output.tsv	5829	8409
homd/SRR1646042.kraken2.homd_ci15.output.tsv	613850	743600
homd/SRR1646043.kraken2.homd_ci15.output.tsv	395249	326776
homd/SRR1646044.kraken2.homd_ci15.output.tsv	420620	377678
homd/SRR1646045.kraken2.homd_ci15.output.tsv	80543	66241
homd/SRR1646046.kraken2.homd_ci15.output.tsv	796134	595868
homd/SRR1646047.kraken2.homd_ci15.output.tsv	304156	233429
homd/SRR17604731.kraken2.homd_ci15.output.tsv	636612	75962967
homd/SRR17604732.kraken2.homd_ci15.output.tsv	4836825	10132369
homd/SRR17604735.kraken2.homd_ci15.output.tsv	2063913	9526849
homd/SRR17604736.kraken2.homd_ci15.output.tsv	3284145	8382626
homd/SRR17604737.kraken2.homd_ci15.output.tsv	2931550	10256101
homd/SRR17604738.kraken2.homd_ci15.output.tsv	2633050	7346088
homd/SRR17604739.kraken2.homd_ci15.output.tsv	4134286	8444811
homd/SRR17604740.kraken2.homd_ci15.output.tsv	887562	9669013
homd/SRR17604741.kraken2.homd_ci15.output.tsv	108452	278984
homd/SRR17604742.kraken2.homd_ci15.output.tsv	3265328	7593984
homd/SRR17604743.kraken2.homd_ci15.output.tsv	3410601	6985497
homd/SRR17604744.kraken2.homd_ci15.output.tsv	3859864	6908353
homd/SRR17604745.kraken2.homd_ci15.output.tsv	2669633	11522762
homd/SRR17604746.kraken2.homd_ci15.output.tsv	3856246	8908811
homd/SRR17604747.kraken2.homd_ci15.output.tsv	2694761	9774368
homd/SRR17604748.kraken2.homd_ci15.output.tsv	2332946	6909531
homd/SRR17604749.kraken2.homd_ci15.output.tsv	2232412	7281286
homd/SRR17604750.kraken2.homd_ci15.output.tsv	2196096	11296850
homd/SRR17604751.kraken2.homd_ci15.output.tsv	3873592	12521582
homd/SRR17604752.kraken2.homd_ci15.output.tsv	2119895	6816726
homd/SRR17604753.kraken2.homd_ci15.output.tsv	2229750	12975003
homd/SRR17604754.kraken2.homd_ci15.output.tsv	15680	9123954
homd/SRR17604755.kraken2.homd_ci15.output.tsv	1253350	9063497
homd/SRR17604756.kraken2.homd_ci15.output.tsv	2351361	9457512
homd/SRR17604757.kraken2.homd_ci15.output.tsv	9695097	25218090
homd/SRR17604758.kraken2.homd_ci15.output.tsv	4680216	10118385
homd/SRR17604759.kraken2.homd_ci15.output.tsv	1635149	8104765
homd/SRR17604760.kraken2.homd_ci15.output.tsv	5057071	14531893
homd/SRR17604761.kraken2.homd_ci15.output.tsv	1138216	38614363
homd/SRR17604762.kraken2.homd_ci15.output.tsv	3914107	14001318
homd/SRR17604763.kraken2.homd_ci15.output.tsv	4619984	9264840
homd/SRR17604764.kraken2.homd_ci15.output.tsv	6085520	13977307
homd/SRR17604765.kraken2.homd_ci15.output.tsv	91301	249438
homd/SRR17604766.kraken2.homd_ci15.output.tsv	61653	220460
homd/SRR17604767.kraken2.homd_ci15.output.tsv	105045	261716
homd/SRR17604768.kraken2.homd_ci15.output.tsv	182053	195782
homd/SRR17604769.kraken2.homd_ci15.output.tsv	90760	246131
homd/SRR17604770.kraken2.homd_ci15.output.tsv	63702	263650
homd/SRR17604771.kraken2.homd_ci15.output.tsv	2539218	9332733
homd/SRR17604772.kraken2.homd_ci15.output.tsv	541970	2675363
homd/SRR17604773.kraken2.homd_ci15.output.tsv	541012	3296971
homd/SRR17604774.kraken2.homd_ci15.output.tsv	445966	4019175
homd/SRR17604775.kraken2.homd_ci15.output.tsv	1239013	8753898
homd/SRR17604776.kraken2.homd_ci15.output.tsv	1253789	7135126
homd/SRR17604777.kraken2.homd_ci15.output.tsv	5157826	11159883
homd/SRR17604778.kraken2.homd_ci15.output.tsv	514202	12178423
homd/SRR17604779.kraken2.homd_ci15.output.tsv	734928	16179215
homd/SRR17604780.kraken2.homd_ci15.output.tsv	3591205	24344874
homd/SRR17604781.kraken2.homd_ci15.output.tsv	111675	18854969
homd/SRR17604782.kraken2.homd_ci15.output.tsv	693391	11999874
homd/SRR17604783.kraken2.homd_ci15.output.tsv	57519	44563744
homd/SRR17604784.kraken2.homd_ci15.output.tsv	1684723	42928768
homd/SRR17604785.kraken2.homd_ci15.output.tsv	1698659	3349404
homd/SRR17604786.kraken2.homd_ci15.output.tsv	1696880	11639219
homd/SRR17604787.kraken2.homd_ci15.output.tsv	938420	12445614
homd/SRR17604788.kraken2.homd_ci15.output.tsv	1019025	12493721
homd/SRR17604789.kraken2.homd_ci15.output.tsv	1342802	13612933
homd/SRR17604790.kraken2.homd_ci15.output.tsv	1172071	6974559
homd/SRR17604791.kraken2.homd_ci15.output.tsv	3418923	10055906
homd/SRR17604792.kraken2.homd_ci15.output.tsv	4705577	10146695
homd/SRR17604793.kraken2.homd_ci15.output.tsv	3125850	14472155
homd/SRR17604794.kraken2.homd_ci15.output.tsv	90625	254395
homd/SRR17604795.kraken2.homd_ci15.output.tsv	3436755	8402346
homd/SRR17604796.kraken2.homd_ci15.output.tsv	2799375	8615699
homd/SRR17604797.kraken2.homd_ci15.output.tsv	2225525	7817377
homd/SRR17604798.kraken2.homd_ci15.output.tsv	1971075	7673402
homd/SRR17604799.kraken2.homd_ci15.output.tsv	1017908	5274030
homd/SRR17604800.kraken2.homd_ci15.output.tsv	1005043	7173840
homd/SRR17604801.kraken2.homd_ci15.output.tsv	212012	15149304
homd/SRR17604802.kraken2.homd_ci15.output.tsv	1233	440963
homd/SRR17604803.kraken2.homd_ci15.output.tsv	93051	278915
homd/SRR17604804.kraken2.homd_ci15.output.tsv	2336071	12033152
homd/SRR17604805.kraken2.homd_ci15.output.tsv	2324785	10988159
homd/SRR17604806.kraken2.homd_ci15.output.tsv	111130	10334851
homd/SRR17604807.kraken2.homd_ci15.output.tsv	2552263	7175118
homd/SRR17604808.kraken2.homd_ci15.output.tsv	3537642	10278802
homd/SRR5297130.kraken2.homd_ci15.output.tsv	1802988	5081304
homd/SRR5297131.kraken2.homd_ci15.output.tsv	386504	1876690
homd/SRR5297132.kraken2.homd_ci15.output.tsv	748814	1990955
homd/SRR5297133.kraken2.homd_ci15.output.tsv	639499	2665065
homd/SRR6877282.kraken2.homd_ci15.output.tsv	5287263	5859480
homd/SRR6877284.kraken2.homd_ci15.output.tsv	6459959	17784526
homd/SRR6877286.kraken2.homd_ci15.output.tsv	2852094	5825363
homd/SRR6877288.kraken2.homd_ci15.output.tsv	3053669	8302120
homd/SRR6877290.kraken2.homd_ci15.output.tsv	4146055	5406332
homd/SRR6877292.kraken2.homd_ci15.output.tsv	3490592	11921922
homd/SRR6877310.kraken2.homd_ci15.output.tsv	1979771	4355522
homd/SRR6877312.kraken2.homd_ci15.output.tsv	1967114	4153342
homd/SRR6877323.kraken2.homd_ci15.output.tsv	2791873	9133638
homd/SRR6877324.kraken2.homd_ci15.output.tsv	3698835	5114501
homd/SRR6877326.kraken2.homd_ci15.output.tsv	2222816	4945314
homd/SRR6877393.kraken2.homd_ci15.output.tsv	3214771	4567456
homd/SRS011098.kraken2.homd_ci15.output.tsv	31696096	8131100
homd/SRS011126.kraken2.homd_ci15.output.tsv	51020627	14184435
homd/SRS011152.kraken2.homd_ci15.output.tsv	35052957	6892562
homd/SRS011247.kraken2.homd_ci15.output.tsv	16039430	1776704
homd/SRS011255.kraken2.homd_ci15.output.tsv	21023083	7606047
homd/SRS011310.kraken2.homd_ci15.output.tsv	13587249	2238450
homd/SRS011343.kraken2.homd_ci15.output.tsv	25226360	6463008
homd/SRS012285.kraken2.homd_ci15.output.tsv	40733559	7043122
homd/SRS013170.kraken2.homd_ci15.output.tsv	38000391	11573703
homd/SRS013252.kraken2.homd_ci15.output.tsv	49792445	11688308
homd/SRS013506.kraken2.homd_ci15.output.tsv	8224429	4359777
homd/SRS013533.kraken2.homd_ci15.output.tsv	27771423	10698771
homd/SRS013723.kraken2.homd_ci15.output.tsv	54215516	13116934
homd/SRS013836.kraken2.homd_ci15.output.tsv	18464904	6231021
homd/SRS013942.kraken2.homd_ci15.output.tsv	3697087	826257
homd/SRS013945.kraken2.homd_ci15.output.tsv	22691821	2362190
homd/SRS013949.kraken2.homd_ci15.output.tsv	41462777	9482365
homd/SRS013950.kraken2.homd_ci15.output.tsv	14726412	6033653
homd/SRS014107.kraken2.homd_ci15.output.tsv	4737893	2356832
homd/SRS014468.kraken2.homd_ci15.output.tsv	1035732	481750
homd/SRS014476.kraken2.homd_ci15.output.tsv	25737303	9462056
homd/SRS014477.kraken2.homd_ci15.output.tsv	4092978	2760138
homd/SRS014578.kraken2.homd_ci15.output.tsv	30505695	8083924
homd/SRS014690.kraken2.homd_ci15.output.tsv	34982255	11059719
homd/SRS014691.kraken2.homd_ci15.output.tsv	15541533	6303763
homd/SRS014692.kraken2.homd_ci15.output.tsv	7270438	2973334
homd/SRS014894.kraken2.homd_ci15.output.tsv	22224062	4329240
homd/SRS015044.kraken2.homd_ci15.output.tsv	33274184	8303056
homd/SRS015055.kraken2.homd_ci15.output.tsv	3265032	1496062
homd/SRS015063.kraken2.homd_ci15.output.tsv	34696787	6718240
homd/SRS015064.kraken2.homd_ci15.output.tsv	15043781	3586230
homd/SRS015158.kraken2.homd_ci15.output.tsv	40858857	8876359
homd/SRS015215.kraken2.homd_ci15.output.tsv	32667210	8474828
homd/SRS015278.kraken2.homd_ci15.output.tsv	30534716	5403869
homd/SRS015378.kraken2.homd_ci15.output.tsv	14721052	1413512
homd/SRS015436.kraken2.homd_ci15.output.tsv	12442211	2143146
homd/SRS015440.kraken2.homd_ci15.output.tsv	37152719	13327522
homd/SRS015470.kraken2.homd_ci15.output.tsv	39095777	13111006
homd/SRS015574.kraken2.homd_ci15.output.tsv	33801607	8108020
homd/SRS015650.kraken2.homd_ci15.output.tsv	18425362	2692915
homd/SRS015755.kraken2.homd_ci15.output.tsv	13559518	3943583
homd/SRS015799.kraken2.homd_ci15.output.tsv	9450297	977011
homd/SRS015803.kraken2.homd_ci15.output.tsv	36853489	8993780
homd/SRS015899.kraken2.homd_ci15.output.tsv	40021493	10736128
homd/SRS015947.kraken2.homd_ci15.output.tsv	33645691	3907367
homd/SRS015989.kraken2.homd_ci15.output.tsv	38335174	5608473
homd/SRS016043.kraken2.homd_ci15.output.tsv	23366202	6638397
homd/SRS016092.kraken2.homd_ci15.output.tsv	32787074	3380592
homd/SRS016200.kraken2.homd_ci15.output.tsv	39213863	5021792
homd/SRS016331.kraken2.homd_ci15.output.tsv	27075093	7572343
homd/SRS016360.kraken2.homd_ci15.output.tsv	41229589	7562326
homd/SRS016541.kraken2.homd_ci15.output.tsv	25180343	7547825
homd/SRS016575.kraken2.homd_ci15.output.tsv	32244433	9939395
homd/SRS016746.kraken2.homd_ci15.output.tsv	42698508	8010388
homd/SRS017025.kraken2.homd_ci15.output.tsv	20581353	2571892
homd/SRS017088.kraken2.homd_ci15.output.tsv	9429265	1362058
homd/SRS017139.kraken2.homd_ci15.output.tsv	62025091	12649107
homd/SRS017227.kraken2.homd_ci15.output.tsv	52193402	20454183
homd/SRS017304.kraken2.homd_ci15.output.tsv	25872149	4795672
homd/SRS017445.kraken2.homd_ci15.output.tsv	65225058	11943098
homd/SRS017511.kraken2.homd_ci15.output.tsv	37106436	10347175
homd/SRS017691.kraken2.homd_ci15.output.tsv	34188597	10706912
homd/SRS017814.kraken2.homd_ci15.output.tsv	18215898	3912798
homd/SRS018157.kraken2.homd_ci15.output.tsv	42271161	18493382
homd/SRS018337.kraken2.homd_ci15.output.tsv	22606013	2523778
homd/SRS018359.kraken2.homd_ci15.output.tsv	8307476	1226013
homd/SRS018394.kraken2.homd_ci15.output.tsv	37893056	11159533
homd/SRS018573.kraken2.homd_ci15.output.tsv	34409631	6340994
homd/SRS018665.kraken2.homd_ci15.output.tsv	41611737	12786652
homd/SRS018778.kraken2.homd_ci15.output.tsv	13421095	1654048
homd/SRS018975.kraken2.homd_ci15.output.tsv	26785403	9217795
homd/SRS019028.kraken2.homd_ci15.output.tsv	38576252	12920323
homd/SRS019029.kraken2.homd_ci15.output.tsv	15279846	7771770
homd/SRS019077.kraken2.homd_ci15.output.tsv	32093532	7568981
homd/SRS019120.kraken2.homd_ci15.output.tsv	3972328	1142444
homd/SRS019124.kraken2.homd_ci15.output.tsv	12788664	3870627
homd/SRS019128.kraken2.homd_ci15.output.tsv	29151055	7293046
homd/SRS019129.kraken2.homd_ci15.output.tsv	9727306	4224427
homd/SRS019225.kraken2.homd_ci15.output.tsv	17205921	4959123
homd/SRS019333.kraken2.homd_ci15.output.tsv	13251904	2232617
homd/SRS019387.kraken2.homd_ci15.output.tsv	19838497	3995456
homd/SRS019587.kraken2.homd_ci15.output.tsv	13931058	1160719
homd/SRS019591.kraken2.homd_ci15.output.tsv	37689152	5644607
homd/SRS019906.kraken2.homd_ci15.output.tsv	23765857	9058924
homd/SRS019980.kraken2.homd_ci15.output.tsv	39970702	6759525
homd/SRS020226.kraken2.homd_ci15.output.tsv	43170428	8959789
homd/SRS020340.kraken2.homd_ci15.output.tsv	49223369	6215391
homd/SRS020862.kraken2.homd_ci15.output.tsv	19335421	2221143
homd/SRS021477.kraken2.homd_ci15.output.tsv	39285281	7692406
homd/SRS021960.kraken2.homd_ci15.output.tsv	13996254	3159839
homd/SRS022083.kraken2.homd_ci15.output.tsv	18616242	2719064
homd/SRS022149.kraken2.homd_ci15.output.tsv	12299853	7321160
homd/SRS022536.kraken2.homd_ci15.output.tsv	66441885	18425079
homd/SRS022602.kraken2.homd_ci15.output.tsv	37283119	13209094
homd/SRS022725.kraken2.homd_ci15.output.tsv	70437349	28477940
homd/SRS023358.kraken2.homd_ci15.output.tsv	16518971	4757790
homd/SRS023538.kraken2.homd_ci15.output.tsv	20504281	7096661
homd/SRS023595.kraken2.homd_ci15.output.tsv	46074606	19225761
homd/SRS023841.kraken2.homd_ci15.output.tsv	13433254	5060214
homd/SRS023938.kraken2.homd_ci15.output.tsv	70551371	13272386
homd/SRS023964.kraken2.homd_ci15.output.tsv	26253600	5230193
homd/SRS024021.kraken2.homd_ci15.output.tsv	50314289	4816130
homd/SRS024087.kraken2.homd_ci15.output.tsv	36337220	15351480
homd/SRS024144.kraken2.homd_ci15.output.tsv	14682323	2525661
homd/SRS024281.kraken2.homd_ci15.output.tsv	27214673	1228649
homd/SRS024289.kraken2.homd_ci15.output.tsv	25479042	3918836
homd/SRS024355.kraken2.homd_ci15.output.tsv	69293713	14580074
homd/SRS024381.kraken2.homd_ci15.output.tsv	32530312	7803314
homd/SRS024447.kraken2.homd_ci15.output.tsv	39879617	7338302
homd/SRS024561.kraken2.homd_ci15.output.tsv	23360536	5911208
homd/SRS024649.kraken2.homd_ci15.output.tsv	26500639	8087309
homd/SRS042984.kraken2.homd_ci15.output.tsv	63277704	18305711
homd/SRS043018.kraken2.homd_ci15.output.tsv	28482742	8163319
homd/SRS043239.kraken2.homd_ci15.output.tsv	8686011	2097420
homd/SRS043755.kraken2.homd_ci15.output.tsv	18142328	7275271
homd/SRS043772.kraken2.homd_ci15.output.tsv	18245017	3938547
homd/SRS044366.kraken2.homd_ci15.output.tsv	5456738	674838
homd/SRS045197.kraken2.homd_ci15.output.tsv	40289458	13324542
homd/SRS045313.kraken2.homd_ci15.output.tsv	8438762	2263753
homd/SRS047100.kraken2.homd_ci15.output.tsv	33319958	3786655
homd/SRS047113.kraken2.homd_ci15.output.tsv	36804437	13436953
homd/SRS047265.kraken2.homd_ci15.output.tsv	8278017	2101218
homd/SRS047634.kraken2.homd_ci15.output.tsv	34838562	15872230
homd/SRS049268.kraken2.homd_ci15.output.tsv	33055824	8443745
homd/SRS049318.kraken2.homd_ci15.output.tsv	50105707	18997064
homd/SRS051244.kraken2.homd_ci15.output.tsv	25061690	6460018
homd/SRS051378.kraken2.homd_ci15.output.tsv	12217303	2630247
homd/SRS051930.kraken2.homd_ci15.output.tsv	30267732	7809429
homd/SRS051941.kraken2.homd_ci15.output.tsv	39679754	9048116
homd/SRS052604.kraken2.homd_ci15.output.tsv	9823649	1880953
homd/SRS052874.kraken2.homd_ci15.output.tsv	12945485	1291054
homd/SRS052876.kraken2.homd_ci15.output.tsv	33724037	7222884
homd/SRS053584.kraken2.homd_ci15.output.tsv	22084663	6071944
homd/SRS053630.kraken2.homd_ci15.output.tsv	36459508	4720016
homd/SRS053917.kraken2.homd_ci15.output.tsv	81987296	27468262
homd/SRS054430.kraken2.homd_ci15.output.tsv	13170436	3578444
homd/SRS054653.kraken2.homd_ci15.output.tsv	19158264	6611191
homd/SRS055378.kraken2.homd_ci15.output.tsv	34106512	13032001
homd/SRS055401.kraken2.homd_ci15.output.tsv	19217728	4896321
homd/SRS055450.kraken2.homd_ci15.output.tsv	16712569	4954449
homd/SRS056892.kraken2.homd_ci15.output.tsv	14761573	1074925
homd/SRS058053.kraken2.homd_ci15.output.tsv	34027223	13119021
homd/SRS058105.kraken2.homd_ci15.output.tsv	13794056	1029073
homd/SRS058808.kraken2.homd_ci15.output.tsv	28311151	11500169
homd/SRS063215.kraken2.homd_ci15.output.tsv	13492348	3876263
homd/SRS063603.kraken2.homd_ci15.output.tsv	31804574	12485095
homd/SRS063999.kraken2.homd_ci15.output.tsv	40682472	11671906
homd/SRS064219.kraken2.homd_ci15.output.tsv	1221932	294399
homd/SRS064329.kraken2.homd_ci15.output.tsv	36045738	7382469
homd/SRS064449.kraken2.homd_ci15.output.tsv	38089825	14435434
homd/SRS064493.kraken2.homd_ci15.output.tsv	7555854	1488813
homd/SRS065099.kraken2.homd_ci15.output.tsv	33104672	9241893
homd/SRS065310.kraken2.homd_ci15.output.tsv	7452383	2142920
homd/SRS075410.kraken2.homd_ci15.output.tsv	52816359	14501116
homd/SRS475533.kraken2.homd_ci15.output.tsv	361819	135583
homd/SRS475535.kraken2.homd_ci15.output.tsv	143181	70125
homd/SRS475536.kraken2.homd_ci15.output.tsv	99110	39681
homd/SRS475538.kraken2.homd_ci15.output.tsv	34139	43054
homd/SRS475543.kraken2.homd_ci15.output.tsv	66797	32940
homd/SRS475544.kraken2.homd_ci15.output.tsv	183544	84679
homd/SRS475547.kraken2.homd_ci15.output.tsv	97990	62697
homd/SRS475548.kraken2.homd_ci15.output.tsv	60219	107323
homd/SRS475563.kraken2.homd_ci15.output.tsv	82969	50605
homd/SRS475569.kraken2.homd_ci15.output.tsv	22076	30321
homd/SRS475571.kraken2.homd_ci15.output.tsv	41313	33843
homd/SRS475573.kraken2.homd_ci15.output.tsv	20413	43202
homd/SRS475576.kraken2.homd_ci15.output.tsv	5283	112003
homd/SRS475579.kraken2.homd_ci15.output.tsv	49569	34788
homd/SRS475583.kraken2.homd_ci15.output.tsv	42277	29645
homd/SRS475584.kraken2.homd_ci15.output.tsv	83721	41416
homd/SRS475587.kraken2.homd_ci15.output.tsv	39724	35069
homd/SRS475588.kraken2.homd_ci15.output.tsv	137816	480071
homd/SRS475590.kraken2.homd_ci15.output.tsv	27200	25828
homd/SRS475591.kraken2.homd_ci15.output.tsv	59139	55424
homd/SRS475592.kraken2.homd_ci15.output.tsv	40779	36832
homd/SRS475593.kraken2.homd_ci15.output.tsv	69529	56608
homd/SRS475595.kraken2.homd_ci15.output.tsv	237007	89490
homd/SRS475596.kraken2.homd_ci15.output.tsv	13574	28077
homd/SRS475597.kraken2.homd_ci15.output.tsv	85982	50400
homd/SRS475599.kraken2.homd_ci15.output.tsv	154090	72139
homd/SRS475600.kraken2.homd_ci15.output.tsv	55387	46973
homd/SRS475601.kraken2.homd_ci15.output.tsv	111398	49556
homd/SRS475605.kraken2.homd_ci15.output.tsv	49184	24935
homd/SRS475609.kraken2.homd_ci15.output.tsv	44730	48544
homd/SRS475616.kraken2.homd_ci15.output.tsv	15153	16445
homd/SRS475618.kraken2.homd_ci15.output.tsv	133459	64113
homd/SRS475619.kraken2.homd_ci15.output.tsv	1305001	517704
homd/SRS475622.kraken2.homd_ci15.output.tsv	29431	25988
homd/SRS475628.kraken2.homd_ci15.output.tsv	23331	26514
homd/SRS475635.kraken2.homd_ci15.output.tsv	52487	57101
homd/SRS475646.kraken2.homd_ci15.output.tsv	59990	59004
homd/SRS475649.kraken2.homd_ci15.output.tsv	415489	180729
homd/SRS475650.kraken2.homd_ci15.output.tsv	27958	22815
homd/SRS475653.kraken2.homd_ci15.output.tsv	70447	53648
homd/SRS475654.kraken2.homd_ci15.output.tsv	15182	23966
homd/SRS475655.kraken2.homd_ci15.output.tsv	58605	45879
homd/SRS475660.kraken2.homd_ci15.output.tsv	965697	223046
homd/SRS475663.kraken2.homd_ci15.output.tsv	60908	41045
homd/SRS475665.kraken2.homd_ci15.output.tsv	120793	50147
homd/SRS475668.kraken2.homd_ci15.output.tsv	115813	75329
homd/SRS475669.kraken2.homd_ci15.output.tsv	213482	99812
homd/SRS475670.kraken2.homd_ci15.output.tsv	93471	133110
homd/SRS475672.kraken2.homd_ci15.output.tsv	112630	69135
homd/SRS475676.kraken2.homd_ci15.output.tsv	429472	171319
homd/SRS475677.kraken2.homd_ci15.output.tsv	144534	53481
homd/SRS475678.kraken2.homd_ci15.output.tsv	42466	32611
homd/SRS475679.kraken2.homd_ci15.output.tsv	160719	52478
homd/SRS475683.kraken2.homd_ci15.output.tsv	49824	40993
homd/SRS475685.kraken2.homd_ci15.output.tsv	126650	50034
homd/SRS475686.kraken2.homd_ci15.output.tsv	76839	34244
homd/SRS475687.kraken2.homd_ci15.output.tsv	139568	60965
homd/SRS475691.kraken2.homd_ci15.output.tsv	84491	39054
homd/SRS475696.kraken2.homd_ci15.output.tsv	50895	50840
homd/SRS475697.kraken2.homd_ci15.output.tsv	176365	91489
homd/SRS475699.kraken2.homd_ci15.output.tsv	267740	124737
homd/SRS475700.kraken2.homd_ci15.output.tsv	167762	77161
homd/SRS475704.kraken2.homd_ci15.output.tsv	58138	41136
homd/SRS475706.kraken2.homd_ci15.output.tsv	243032	99462
homd/SRS475707.kraken2.homd_ci15.output.tsv	136765	69902
homd/SRS475708.kraken2.homd_ci15.output.tsv	375807	140078
homd/SRS475710.kraken2.homd_ci15.output.tsv	64205	53675
homd/SRS475711.kraken2.homd_ci15.output.tsv	136203	93249
homd/SRS475718.kraken2.homd_ci15.output.tsv	51682	41920
homd/SRS475719.kraken2.homd_ci15.output.tsv	154602	87093
homd/SRS475720.kraken2.homd_ci15.output.tsv	168821	110170
homd/SRS475724.kraken2.homd_ci15.output.tsv	112166	54790
homd/SRS475725.kraken2.homd_ci15.output.tsv	170290	95098
homd/SRS475916.kraken2.homd_ci15.output.tsv	59125	30068
homd/SRS475917.kraken2.homd_ci15.output.tsv	1670	104204
homd/SRS475918.kraken2.homd_ci15.output.tsv	56141	44763
homd/SRS475919.kraken2.homd_ci15.output.tsv	25687	25830
homd/SRS475922.kraken2.homd_ci15.output.tsv	32426	40487
homd/SRS475923.kraken2.homd_ci15.output.tsv	261479	97639
homd/SRS475926.kraken2.homd_ci15.output.tsv	76606	52412
homd/SRS475927.kraken2.homd_ci15.output.tsv	43891	45726
homd/SRS475930.kraken2.homd_ci15.output.tsv	45088	36111
homd/SRS475932.kraken2.homd_ci15.output.tsv	157304	56294
homd/SRS475934.kraken2.homd_ci15.output.tsv	118098	91376
homd/SRS475935.kraken2.homd_ci15.output.tsv	118275	66559
homd/SRS475937.kraken2.homd_ci15.output.tsv	45196	33471
homd/SRS475939.kraken2.homd_ci15.output.tsv	77366	52055
homd/SRS475940.kraken2.homd_ci15.output.tsv	73627	56875
homd/SRS475943.kraken2.homd_ci15.output.tsv	235784	97926
homd/SRS475950.kraken2.homd_ci15.output.tsv	151289	73529
homd/SRS475951.kraken2.homd_ci15.output.tsv	501593	160351
homd/SRS475952.kraken2.homd_ci15.output.tsv	35714	31424
homd/SRS475954.kraken2.homd_ci15.output.tsv	447933	191635
homd/SRS475955.kraken2.homd_ci15.output.tsv	310395	101068
homd/SRS475956.kraken2.homd_ci15.output.tsv	295973	121039
homd/SRS475957.kraken2.homd_ci15.output.tsv	23161	36348
homd/SRS475960.kraken2.homd_ci15.output.tsv	322831	128710
homd/SRS475961.kraken2.homd_ci15.output.tsv	24248	25681
homd/SRS475963.kraken2.homd_ci15.output.tsv	208309	75254
homd/SRS475964.kraken2.homd_ci15.output.tsv	439737	224482
homd/SRS475965.kraken2.homd_ci15.output.tsv	64934	54163
homd/SRS475966.kraken2.homd_ci15.output.tsv	430052	144262
homd/SRS475969.kraken2.homd_ci15.output.tsv	347195	177022
homd/SRS475970.kraken2.homd_ci15.output.tsv	56321	52891
homd/SRS475971.kraken2.homd_ci15.output.tsv	73848	49646
homd/SRS475972.kraken2.homd_ci15.output.tsv	71066	38270
homd/SRS475973.kraken2.homd_ci15.output.tsv	117991	173149
homd/SRS475975.kraken2.homd_ci15.output.tsv	111457	50525
homd/SRS475976.kraken2.homd_ci15.output.tsv	564330	269462
homd/SRS475977.kraken2.homd_ci15.output.tsv	187400	121535
homd/SRS475982.kraken2.homd_ci15.output.tsv	93287	53101
homd/SRS475983.kraken2.homd_ci15.output.tsv	56015	42799
homd/SRS475985.kraken2.homd_ci15.output.tsv	25153	35723
homd/SRS475992.kraken2.homd_ci15.output.tsv	85780	61752
homd/SRS475996.kraken2.homd_ci15.output.tsv	353300	144433
homd/SRS475999.kraken2.homd_ci15.output.tsv	369369	98109
homd/SRS476000.kraken2.homd_ci15.output.tsv	80212	69572
homd/SRS476002.kraken2.homd_ci15.output.tsv	2821428	670731
homd/SRS476004.kraken2.homd_ci15.output.tsv	79040	55657
homd/SRS476005.kraken2.homd_ci15.output.tsv	60770	124823
homd/SRS476006.kraken2.homd_ci15.output.tsv	163636	70644
homd/SRS476007.kraken2.homd_ci15.output.tsv	61610	75107
homd/SRS476008.kraken2.homd_ci15.output.tsv	54375	39803
homd/SRS476009.kraken2.homd_ci15.output.tsv	223692	105263
homd/SRS476011.kraken2.homd_ci15.output.tsv	36278	40110
homd/SRS476012.kraken2.homd_ci15.output.tsv	486553	195562
homd/SRS476016.kraken2.homd_ci15.output.tsv	123484	77904
homd/SRS476017.kraken2.homd_ci15.output.tsv	34448	29086
homd/SRS476018.kraken2.homd_ci15.output.tsv	26467	34509
homd/SRS476025.kraken2.homd_ci15.output.tsv	121940	73111
homd/SRS476026.kraken2.homd_ci15.output.tsv	78326	63686
homd/SRS476027.kraken2.homd_ci15.output.tsv	230473	101438
homd/SRS476036.kraken2.homd_ci15.output.tsv	57836	42098
homd/SRS476038.kraken2.homd_ci15.output.tsv	85073	67611
homd/SRS476045.kraken2.homd_ci15.output.tsv	45975	49384
homd/SRS476046.kraken2.homd_ci15.output.tsv	329921	147542
homd/SRS476048.kraken2.homd_ci15.output.tsv	175370	102856
homd/SRS476049.kraken2.homd_ci15.output.tsv	84997	51085
homd/SRS476052.kraken2.homd_ci15.output.tsv	116138	92081
homd/SRS476053.kraken2.homd_ci15.output.tsv	70424	51546
homd/SRS476054.kraken2.homd_ci15.output.tsv	7300	115943
homd/SRS476055.kraken2.homd_ci15.output.tsv	92854	71773
homd/SRS476056.kraken2.homd_ci15.output.tsv	43585	30765
homd/SRS476057.kraken2.homd_ci15.output.tsv	157158	99928
homd/SRS476059.kraken2.homd_ci15.output.tsv	85794	52061
homd/SRS476071.kraken2.homd_ci15.output.tsv	117063	92050
homd/SRS476072.kraken2.homd_ci15.output.tsv	33749	35222
homd/SRS476073.kraken2.homd_ci15.output.tsv	58798	50998
homd/SRS476075.kraken2.homd_ci15.output.tsv	286511	241444
homd/SRS476079.kraken2.homd_ci15.output.tsv	605811	179847
homd/SRS476080.kraken2.homd_ci15.output.tsv	26233	25178
homd/SRS476081.kraken2.homd_ci15.output.tsv	46013	34152
homd/SRS476082.kraken2.homd_ci15.output.tsv	72407	29986
homd/SRS476086.kraken2.homd_ci15.output.tsv	50651	37693
homd/SRS476087.kraken2.homd_ci15.output.tsv	47488	28106
homd/SRS476088.kraken2.homd_ci15.output.tsv	101049	67227
homd/SRS476089.kraken2.homd_ci15.output.tsv	66538	41450
homd/SRS476091.kraken2.homd_ci15.output.tsv	363341	170474
homd/SRS476102.kraken2.homd_ci15.output.tsv	302330	162334
homd/SRS476105.kraken2.homd_ci15.output.tsv	235783	133374
homd/SRS476107.kraken2.homd_ci15.output.tsv	28043	35109
homd/SRS476109.kraken2.homd_ci15.output.tsv	18771	20482
homd/SRS476110.kraken2.homd_ci15.output.tsv	111033	88879
homd/SRS476111.kraken2.homd_ci15.output.tsv	214072	130338
homd/SRS476112.kraken2.homd_ci15.output.tsv	147844	109589
homd/SRS476113.kraken2.homd_ci15.output.tsv	22849	25372
homd/SRS476115.kraken2.homd_ci15.output.tsv	299803	148668
homd/SRS476116.kraken2.homd_ci15.output.tsv	284175	90395
homd/SRS476122.kraken2.homd_ci15.output.tsv	85609	55821
homd/SRS476123.kraken2.homd_ci15.output.tsv	61681	39638
homd/SRS476124.kraken2.homd_ci15.output.tsv	55863	55383
homd/SRS476127.kraken2.homd_ci15.output.tsv	185008	101677
homd/SRS476137.kraken2.homd_ci15.output.tsv	114573	64605
homd/SRS476138.kraken2.homd_ci15.output.tsv	40038	48686
homd/SRS476140.kraken2.homd_ci15.output.tsv	127509	85931
homd/SRS476146.kraken2.homd_ci15.output.tsv	67468	76086
homd/SRS476150.kraken2.homd_ci15.output.tsv	51246	52391
homd/SRS476151.kraken2.homd_ci15.output.tsv	246507	78319
homd/SRS476157.kraken2.homd_ci15.output.tsv	226271	107836
homd/SRS476161.kraken2.homd_ci15.output.tsv	615230	205039
homd/SRS476162.kraken2.homd_ci15.output.tsv	99188	79380
homd/SRS476165.kraken2.homd_ci15.output.tsv	309331	116052
homd/SRS476168.kraken2.homd_ci15.output.tsv	398834	194046
homd/SRS476170.kraken2.homd_ci15.output.tsv	207544	120709
homd/SRS476171.kraken2.homd_ci15.output.tsv	100820	112277
homd/SRS476172.kraken2.homd_ci15.output.tsv	103825	71454
homd/SRS476174.kraken2.homd_ci15.output.tsv	236878	109386
homd/SRS476175.kraken2.homd_ci15.output.tsv	24905	30845
homd/SRS476177.kraken2.homd_ci15.output.tsv	41530	28757
homd/SRS476178.kraken2.homd_ci15.output.tsv	114627	61596
homd/SRS476180.kraken2.homd_ci15.output.tsv	66012	39543
homd/SRS476181.kraken2.homd_ci15.output.tsv	95799	57515
homd/SRS476186.kraken2.homd_ci15.output.tsv	41576	23515
homd/SRS476190.kraken2.homd_ci15.output.tsv	53653	58430
homd/SRS476197.kraken2.homd_ci15.output.tsv	354064	134155
homd/SRS476200.kraken2.homd_ci15.output.tsv	210949	112737
homd/SRS476201.kraken2.homd_ci15.output.tsv	372277	172910
homd/SRS476202.kraken2.homd_ci15.output.tsv	375997	166707
homd/SRS476204.kraken2.homd_ci15.output.tsv	402304	133071
homd/SRS476206.kraken2.homd_ci15.output.tsv	87135	52574
homd/SRS476207.kraken2.homd_ci15.output.tsv	101205	68825
homd/SRS476208.kraken2.homd_ci15.output.tsv	245606	150055
homd/SRS476210.kraken2.homd_ci15.output.tsv	63411	47311
homd/SRS476214.kraken2.homd_ci15.output.tsv	101703	53508
homd/SRS476260.kraken2.homd_ci15.output.tsv	452331	95524
homd/SRS476261.kraken2.homd_ci15.output.tsv	162152	57528
homd/SRS476263.kraken2.homd_ci15.output.tsv	126102	94599
homd/SRS476265.kraken2.homd_ci15.output.tsv	158729	80733
homd/SRS476266.kraken2.homd_ci15.output.tsv	205053	102447
homd/SRS476268.kraken2.homd_ci15.output.tsv	75155	44454
homd/SRS476272.kraken2.homd_ci15.output.tsv	259552	126270
homd/SRS476275.kraken2.homd_ci15.output.tsv	27430	28134
homd/SRS476279.kraken2.homd_ci15.output.tsv	111340	90509
homd/SRS476281.kraken2.homd_ci15.output.tsv	41554	40782
homd/SRS476282.kraken2.homd_ci15.output.tsv	139375	109190
homd/SRS476283.kraken2.homd_ci15.output.tsv	66913	65663
homd/SRS476284.kraken2.homd_ci15.output.tsv	222669	75629
homd/SRS476285.kraken2.homd_ci15.output.tsv	1498516	1096611
homd/SRS476286.kraken2.homd_ci15.output.tsv	67003	72713
homd/SRS476294.kraken2.homd_ci15.output.tsv	31045	30821
homd/SRS476297.kraken2.homd_ci15.output.tsv	162269	84426
homd/SRS476299.kraken2.homd_ci15.output.tsv	55221	59153
homd/SRS476301.kraken2.homd_ci15.output.tsv	596750	256235
homd/SRS476304.kraken2.homd_ci15.output.tsv	46965	34507
homd/SRS476305.kraken2.homd_ci15.output.tsv	52460	32404
homd/SRS476310.kraken2.homd_ci15.output.tsv	235410	124814
homd/SRS476311.kraken2.homd_ci15.output.tsv	85530	58185
homd/SRS476330.kraken2.homd_ci15.output.tsv	4122898	2506309
homd/SRS476336.kraken2.homd_ci15.output.tsv	127895	76427
homd/SRS476340.kraken2.homd_ci15.output.tsv	244842	147109
homd/SRS476353.kraken2.homd_ci15.output.tsv	81957	102620
homd/SRS476355.kraken2.homd_ci15.output.tsv	12935	205335
homd/SRS476399.kraken2.homd_ci15.output.tsv	51681	46441
homd/SRS476610.kraken2.homd_ci15.output.tsv	999724	827414
homd/SRS476701.kraken2.homd_ci15.output.tsv	94840	52923
homd/SRS476757.kraken2.homd_ci15.output.tsv	144132	80076
homd/SRS476787.kraken2.homd_ci15.output.tsv	238529	104487
homd/SRS476790.kraken2.homd_ci15.output.tsv	263288	166964
homd/SRS476827.kraken2.homd_ci15.output.tsv	178743	122974
homd/SRS476852.kraken2.homd_ci15.output.tsv	5012934	4677105
homd/SRS476865.kraken2.homd_ci15.output.tsv	113464	78166
homd/SRS476866.kraken2.homd_ci15.output.tsv	518835	761768
homd/TAF008.B0101.kraken2.homd_ci15.output.tsv	2456568	8993958
homd/TAF016.B0101.kraken2.homd_ci15.output.tsv	12008	3645577
homd/TAF017.A0101.kraken2.homd_ci15.output.tsv	197527	3484185
homd/TAF017.C0101.kraken2.homd_ci15.output.tsv	335900	5123986
homd/TAF017.E0101.kraken2.homd_ci15.output.tsv	3426	62149
homd/TAF018.A0101.kraken2.homd_ci15.output.tsv	516115	7162030
homd/TAF018.B0101.kraken2.homd_ci15.output.tsv	2160354	4379928
homd/TAP001.B0101.kraken2.homd_ci15.output.tsv	4138831	7377745
homd/TAP003.B0101.kraken2.homd_ci15.output.tsv	3759590	6976261
homd/TON001.C0101.kraken2.homd_ci15.output.tsv	1192686	7871838
homd/TON003.B0101.kraken2.homd_ci15.output.tsv	1363853	7562298
homd/TON004.B0101.kraken2.homd_ci15.output.tsv	2237318	9533461
homd/TON005.B0101.kraken2.homd_ci15.output.tsv	2483813	12006854
homd/TON006.B0101.kraken2.homd_ci15.output.tsv	1476725	8054736
homd/TON007.B0101.kraken2.homd_ci15.output.tsv	1628692	6563869
homd/VLC001.A0101.kraken2.homd_ci15.output.tsv	24689328	9260285
homd/VLC002.A0101.kraken2.homd_ci15.output.tsv	9610314	6082298
homd/VLC003.A0101.kraken2.homd_ci15.output.tsv	18955863	7053210
homd/VLC004.A0101.kraken2.homd_ci15.output.tsv	26340298	16831038
homd/VLC005.A0101.kraken2.homd_ci15.output.tsv	27783175	16201692
homd/VLC008.A0101.kraken2.homd_ci15.output.tsv	17639242	18017913
homd/VLC009.A0101.kraken2.homd_ci15.output.tsv	23994735	9556908
homd/VLC010.A0101.kraken2.homd_ci15.output.tsv	12415447	6620592
homd/VLD001.A0101.kraken2.homd_ci15.output.tsv	1031550	7868035
homd/WAMP02.kraken2.homd_ci15.output.tsv	6834103	12753456
homd/WAMP03.kraken2.homd_ci15.output.tsv	25682815	39202678
homd/WAMP04.kraken2.homd_ci15.output.tsv	2613726	4615209
homd/WAMP05.kraken2.homd_ci15.output.tsv	11246248	29467771
homd/WAMP06.kraken2.homd_ci15.output.tsv	2279784	4695174
homd/WAMP07.kraken2.homd_ci15.output.tsv	14594465	23311311
homd/WAMP09.kraken2.homd_ci15.output.tsv	1409647	2668418
homd/WAMP10.kraken2.homd_ci15.output.tsv	941591	4303708
homd/WAMP11.kraken2.homd_ci15.output.tsv	3300182	6165892
homd/WAMP12.kraken2.homd_ci15.output.tsv	13275487	24048117
homd/WAMP13.kraken2.homd_ci15.output.tsv	8995741	14752662
homd/WAMP14.kraken2.homd_ci15.output.tsv	11348778	15282155
homd/WAMP15.kraken2.homd_ci15.output.tsv	6936043	9999825
homd/WAMP18.kraken2.homd_ci15.output.tsv	6657179	16038890
homd/WAMP19.kraken2.homd_ci15.output.tsv	8049110	17658423
homd/WAMP20.kraken2.homd_ci15.output.tsv	6664448	12522551
homd/WAMP21.kraken2.homd_ci15.output.tsv	8415059	17473840
homd/WAMP22.kraken2.homd_ci15.output.tsv	15906046	37890970
homd/WAMP23.kraken2.homd_ci15.output.tsv	11118472	16196483
homd/WAMP24.kraken2.homd_ci15.output.tsv	4951511	7922607
homd/WAMP25.kraken2.homd_ci15.output.tsv	632204	20852164
homd/WAMP26.kraken2.homd_ci15.output.tsv	8237895	24822838
homd/WAMP27.kraken2.homd_ci15.output.tsv	23359300	44092543
homd/WAMP29.kraken2.homd_ci15.output.tsv	12319140	37848472
homd/WAMP33.kraken2.homd_ci15.output.tsv	12550679	20579757
homd/WAMP34.kraken2.homd_ci15.output.tsv	1366039	25885228
homd/WIG001.kraken2.homd_ci15.output.tsv	7859511	8193797
homd/ZAF001.A0101.kraken2.homd_ci15.output.tsv	191642	8212762
