primary_cluster	cluster_type	HOMD
1	Env	no
2	Env	no
3	Env	no
4	Env	no
5	H	no
6	H	no
7	H	no
8	H	no
9	Env	no
10	H	no
11	H	no
12	H	no
13	N	no
14	H	no
15	H	no
16	H	no
17	H	no
18	H	no
19	H	no
20	H	no
21	H	no
22	H	no
23	H	no
24	H	no
25	H	no
26	H	no
27	H	no
28	H	no
29	H	no
30	H	no
31	H	no
32	H	no
33	H	no
34	H	no
35	H	no
36	H	no
37	H	no
38	H	no
39	H	no
40	H	no
41	H	no
42	H	no
43	H	no
44	H-P	no
45	H	no
46	P	no
47	H	no
48	H	no
49	H	no
50	H	no
51	P	no
52	H	no
53	H	no
54	H	no
55	H	no
56	H	no
57	H	no
58	H	no
59	H	no
60	H	no
61	H	no
62	H	no
63	H	no
64	H	no
65	H	no
66	H	no
67	H	no
68	H	no
69	H	no
70	H	no
71	H	no
72	H	no
73	H	no
74	H	no
75	H	no
76	H	no
77	H	no
78	H	no
79	H	no
80	H	no
81	H	no
82	H	no
83	H	no
84	H	no
85	H	no
86	H	no
87	H	no
88	H	no
89	H	no
90	H	no
91	H	no
92	H	no
93	H	no
94	H	no
95	H	no
96	H	no
97	H	no
98	H	no
99	H	no
100	H	no
101	H	no
102	H	no
103	H	no
104	H	no
105	H	no
106	H	no
107	H	no
108	H	no
109	H	no
110	H	no
111	H	no
112	H	no
113	H	no
114	H	no
115	H	no
116	H	no
117	H	no
118	H	no
119	H	no
120	H	no
121	H	no
122	H	no
123	H	no
124	H	no
125	H	no
126	H	no
127	H	no
128	H	no
129	H	no
130	H	no
131	H	no
132	H	no
133	H	HOMD
134	H	no
135	H	no
136	H	no
137	H	no
138	H	no
139	H	no
140	H	no
141	H	no
142	H	no
143	H	no
144	H	no
145	H	no
146	H	no
147	H	no
148	H	no
149	H	no
150	H	no
151	H	no
152	H	no
153	H	no
154	H	no
155	H	no
156	H	no
157	H	no
158	H	no
159	H	no
160	H	no
161	H	no
162	H	no
163	H	no
164	H	no
165	H	no
166	H	no
167	H	no
168	H	no
169	H	no
170	H	no
171	H	no
172	H	no
173	H	no
174	H	no
175	H	no
176	H	no
177	H	no
178	H	no
179	H	no
180	H	no
181	H	no
182	H	no
183	H	no
184	H	no
185	H	no
186	H	no
187	H	no
188	H	no
189	H	no
190	H	no
191	H	no
192	H	no
193	H	no
194	H	no
195	H	no
196	H	no
197	H	no
198	H	no
199	H	no
200	H	no
201	H	no
202	H	no
203	H	no
204	H	no
205	H	no
206	H	no
207	H	no
208	H	no
209	H	no
210	H	no
211	H	no
212	H	no
213	H	no
214	H	no
215	H	no
216	H	no
217	H	HOMD
218	H	no
219	H	no
220	H	no
221	H	no
222	H	no
223	H	no
224	H	no
225	H	no
226	H	no
227	H	no
228	H	no
229	H	no
230	H	no
231	H	no
232	H	no
233	H	no
234	H	no
235	H	no
236	H	no
237	H	no
238	H	no
239	H	no
240	H	no
241	H	no
242	H	no
243	H	no
244	H	no
245	H	no
246	H	no
247	H	no
248	H	no
249	H	no
250	H	no
251	H	no
252	H	no
253	H	no
254	H	no
255	H	no
256	H	no
257	H	no
258	H	no
259	H	no
260	H	no
261	H	no
262	H	no
263	H	no
264	H	no
265	H	no
266	H	no
267	H	no
268	H	no
269	H	no
270	H	no
271	H	no
272	H	no
273	H	no
274	H	no
275	H	no
276	H	no
277	H	HOMD
278	H	no
279	U	no
280	U	no
281	H	no
282	A	no
283	H	HOMD
284	H	no
285	H	no
286	H	no
287	H	HOMD
288	H	no
289	H	no
290	H-A	no
291	H	no
292	H	no
293	H	no
294	H	no
295	H	no
296	H	no
297	H	no
298	H	no
299	H	no
300	H	no
301	H	no
302	H	no
303	H	no
304	H	no
305	H	no
306	H	no
307	H	no
308	H	no
309	H	no
310	H	no
311	H	no
312	H	no
313	H	no
314	H	no
315	H	no
316	H	no
317	H	no
318	H	no
319	H	no
320	H	no
321	H	no
322	H	no
323	N	no
324	H	no
325	H	no
326	H	no
327	H	no
328	H	no
329	H	HOMD
330	H	no
331	H	no
332	H	no
333	H	no
334	H	no
335	H	no
336	H	no
337	H	no
338	H	no
339	H	no
340	H	no
341	H	no
342	H	no
343	H	no
344	H	no
345	H	no
346	H	no
347	H	no
348	H	no
349	H	no
350	H	no
351	H	no
352	H	no
353	H	HOMD
354	H	no
355	H	no
356	H	no
357	H	no
358	H	no
359	H	no
360	H	no
361	H	no
362	H	no
363	H	HOMD
364	H	no
365	H	no
366	H	no
367	H	no
368	H	no
369	H	no
370	H	no
371	H	no
372	H	no
373	H	no
374	H	no
375	H	no
376	H	HOMD
377	H	no
378	H	no
379	H	no
380	H	no
381	H	no
382	H	no
383	H	no
384	H	no
385	H	no
386	H	no
387	H	no
388	H	no
389	H	no
390	H	no
391	H	HOMD
392	H	no
393	H	no
394	H	no
395	H	no
396	H	no
397	H	no
398	H	no
399	H	no
400	H	no
401	H	no
402	H	no
403	H	no
404	H	no
405	H	no
406	H	no
407	H	no
408	H	no
409	H	no
410	H	no
411	H	no
412	H	no
413	H	no
414	H	no
415	H	no
416	H	no
417	H	no
418	H	no
419	H	no
420	H	no
421	H	no
422	H	no
423	H	no
424	H	no
425	H	no
426	H	no
427	H	no
428	H	HOMD
429	H	no
430	H	no
431	G	no
432	P	no
433	H	HOMD
434	H	no
435	H	no
436	H	no
437	H	no
438	H	HOMD
439	H	no
440	H	no
441	H	no
442	H	no
443	H	no
444	H	no
445	H	no
446	H	no
447	H	no
448	H	no
449	H	no
450	H	no
451	H	no
452	H	no
453	H	HOMD
454	H	HOMD
455	H	no
456	H	no
457	H	no
458	H	no
459	H	HOMD
460	H	HOMD
461	H	HOMD
462	H	no
463	H	no
464	H	no
465	H	no
466	H	no
467	H	HOMD
468	H	HOMD
469	H	no
470	H	no
471	H	no
472	G	no
473	P	no
474	H	no
475	H	no
476	H	no
477	H	no
478	H	no
479	H	no
480	H	no
481	H	no
482	H	no
483	H	no
484	H	no
485	H	no
486	H	no
487	H	no
488	H	no
489	H	no
490	H	no
491	H	no
492	H	no
493	H	no
494	H	no
495	H	no
496	H	no
497	H	no
498	H	no
499	H	no
500	H	no
501	H	no
502	H	no
503	H	no
504	H	no
505	H	no
506	H	no
507	H	no
508	H	no
509	H	no
510	H	no
511	H	no
512	H	no
513	H	no
514	H	no
515	H	no
516	H	no
517	H	no
518	H	no
519	H	no
520	H	no
521	H	no
522	H	no
523	H	no
524	H	no
525	H	no
526	H	no
527	H	no
528	H	HOMD
529	H	no
530	H	no
531	H	no
532	H	no
533	H	no
534	H	no
535	H	HOMD
536	H	no
537	U	no
538	U	no
539	H	no
540	H	no
541	H	no
542	H	no
543	H	no
544	H	no
545	H	no
546	H	no
547	H	no
548	H	no
549	H	no
550	H	no
551	U	no
552	H	no
553	H	no
554	H	no
555	H	no
556	H	no
557	H	no
558	H	no
559	H	no
560	H	no
561	H	no
562	H	no
563	H	no
564	H	no
565	H	no
566	H	no
567	H	no
568	H	no
569	H	no
570	H	no
571	H	no
572	H	no
573	H	no
574	H	no
575	H	no
576	H	no
577	Env	no
578	H	no
579	U	no
580	U	no
581	H	no
582	H	no
583	H	HOMD
584	P-G	no
585	H	HOMD
586	H	no
587	H	no
588	H	no
589	H	no
590	H	no
591	H	HOMD
592	H	no
593	H	no
594	H	no
595	H	no
596	H	HOMD
597	H	no
598	H	no
599	H	no
600	H	HOMD
601	H	no
602	H	no
603	H	no
604	H	no
605	H	no
606	H	no
607	H	no
608	H	no
609	H	no
610	H	no
611	H	no
612	H	no
613	H	HOMD
614	H	HOMD
615	H	HOMD
616	H	no
617	A	no
618	H	no
619	N	no
620	A	no
621	H-P	HOMD
622	A	no
623	H	no
624	H	HOMD
625	H	no
626	H	HOMD
627	P	no
628	H	no
629	P	no
630	H	no
631	H	no
632	H	HOMD
633	H	no
634	H	no
635	H	no
636	H	no
637	H	no
638	H	no
639	H	no
640	H	no
641	H	no
642	H	no
643	H	no
644	H	no
645	H	no
646	H	no
647	H	no
648	H	no
649	H	HOMD
650	U	no
651	H	no
652	H	no
653	H	no
654	H	no
655	H	no
656	H	no
657	H	no
658	H	no
659	H	no
660	H	no
661	H	no
662	H	no
663	H	no
664	H	no
665	H	no
666	H	no
667	H	HOMD
668	H	no
669	P	no
670	H	no
671	H	no
672	H	no
673	U	no
674	H	no
675	U	no
676	H	no
677	H	no
678	H	no
679	P-G	no
680	H	no
681	H	no
682	H	no
683	H-P	HOMD
684	H	no
685	H	no
686	H	no
687	H	no
688	H	no
689	H	no
690	H	no
691	H	no
692	H	no
693	H	no
694	H	no
695	H	no
696	H	no
697	H	no
698	H	no
699	Env	no
700	U	no
701	H	no
702	H	HOMD
703	H	no
704	H	no
705	H	no
706	H	no
707	H	no
708	H	no
709	H	HOMD
710	H	no
711	H	no
712	H	no
713	H	no
714	H	no
715	H	no
716	H	no
717	H	no
718	H	no
719	H	no
720	H	no
721	H	no
722	H	no
723	H	no
724	H	no
725	H	no
726	H	no
727	H	no
728	H	HOMD
729	H	HOMD
730	H	no
731	H	no
732	H-G	HOMD
733	P	no
734	H	no
735	H	no
736	A	no
737	H	HOMD
738	H	HOMD
739	H	no
740	H	HOMD
741	H	HOMD
742	H	no
743	H	HOMD
744	H	HOMD
745	H	no
746	H	no
747	H	HOMD
748	H	HOMD
749	H	HOMD
750	H	no
751	H	no
752	H	no
753	H	HOMD
754	H	no
755	P	no
756	H	no
757	H	HOMD
758	H	no
759	H	no
760	H	HOMD
761	H	no
762	H	no
763	H	no
764	H	no
765	H	no
766	H	no
767	H	no
768	H	no
769	H	no
770	H	no
771	H	HOMD
772	H	no
773	H	HOMD
774	H	no
775	H	no
776	H	no
777	H	no
778	H	no
779	H	no
780	H	HOMD
781	H	no
782	H	no
783	H	HOMD
784	H	no
785	H	no
786	H	no
787	H	no
788	H	HOMD
789	H	no
790	H	HOMD
791	H	no
792	H	no
793	H	no
794	H	no
795	H	HOMD
796	H	HOMD
797	H	HOMD
798	H	no
799	H	no
800	H	HOMD
801	H	no
802	H	no
803	H	no
804	H	HOMD
805	H	no
806	H	HOMD
807	H	no
808	H	no
809	H	HOMD
810	H	no
811	H	no
812	H	no
813	H	no
814	H	no
815	H	HOMD
816	H	no
817	H	no
818	H	HOMD
819	H	no
820	H	no
821	H	no
822	H	no
823	H	HOMD
824	H	no
825	H	no
826	H	no
827	H	no
828	H	no
829	H	no
830	H	no
831	H	no
832	H	no
833	H	no
834	H	no
835	H	no
836	H	no
837	H	no
838	H	HOMD
839	H	no
840	H	no
841	H	no
842	H	no
843	H	no
844	H	no
845	H	no
846	H	no
847	H	HOMD
848	H	no
849	H	no
850	H	HOMD
851	H	no
852	H	HOMD
853	H	no
854	H	HOMD
855	H	no
856	H	HOMD
857	H	no
858	H	no
859	H	no
860	H	no
861	H	no
862	H	no
863	H	no
864	H	HOMD
865	H	no
866	H	no
867	H	no
868	H	no
869	H	no
870	H	no
871	H	HOMD
872	H	HOMD
873	H	no
874	H	no
875	H	no
876	H	HOMD
877	H	HOMD
878	H	no
879	H	HOMD
880	H	no
881	H	HOMD
882	H	HOMD
883	H	no
884	G	no
885	H	no
886	G-U	no
887	U	no
888	U	no
889	R	no
890	U	no
891	H	no
892	Env	no
893	Env	no
894	U	no
895	G	no
896	U	no
897	U	no
898	H	no
899	H	no
900	U	no
901	U	no
902	A	no
903	H	no
904	H	no
905	H	no
906	H	no
907	H	no
908	H	no
909	H	no
910	H	no
911	H	no
912	H	no
913	H	no
914	H	no
915	H	no
916	H	no
917	H	no
918	H	no
919	H	no
920	H	no
921	H	no
922	H	no
923	H	no
924	H	no
925	H	no
926	H	no
927	H	no
928	H	no
929	H	no
930	H	no
931	H	no
932	H	no
933	H	no
934	H	no
935	H	no
936	H	no
937	H	no
938	H	no
939	H	no
940	H	no
941	H	no
942	H	no
943	H	no
944	H	no
945	H	no
946	U	no
947	H	no
948	H	no
949	H	HOMD
950	P	no
951	G	no
952	U	no
953	A	no
954	H	HOMD
955	H	HOMD
956	H	no
957	H	no
958	H	HOMD
959	H	no
960	H	HOMD
961	H	no
962	H	no
963	H	no
964	H	HOMD
965	H	no
966	H	no
967	H	no
968	H	no
969	H	no
970	H	no
971	H	no
972	H	no
973	H	HOMD
974	H	no
975	H	HOMD
976	H	no
977	H	no
978	H	no
979	H	no
980	H	no
981	H	no
982	H	no
983	H	HOMD
984	H	no
985	H	no
986	H	no
987	H	no
988	H	no
989	H	no
990	H	no
991	H	no
992	H	no
993	H	no
994	H	no
995	H	no
996	H	no
997	H	HOMD
998	H	no
999	H	HOMD
1000	H	no
1001	H	HOMD
1002	H	no
1003	H	no
1004	H	no
1005	H	no
1006	H	no
1007	H	no
1008	H	no
1009	H	no
1010	H	HOMD
1011	H	no
1012	H	no
1013	H	no
1014	H	no
1015	H	no
1016	H	no
1017	H	no
1018	H	no
1019	H	no
1020	H	no
1021	H	no
1022	H	no
1023	H	no
1024	H	no
1025	H	no
1026	H	no
1027	H	no
1028	H	no
1029	H	no
1030	H	no
1031	H	no
1032	H	no
1033	H	no
1034	H	no
1035	H	no
1036	H	no
1037	H	HOMD
1038	H	no
1039	H	HOMD
1040	H	no
1041	H	HOMD
1042	H	HOMD
1043	H	no
1044	H	HOMD
1045	H	no
1046	H	no
1047	H	HOMD
1048	H	no
1049	H	HOMD
1050	H	no
1051	H	no
1052	H	no
1053	H	no
1054	P	no
1055	H	no
1056	H	no
1057	H	no
1058	H	HOMD
1059	H	no
1060	H	no
1061	H	no
1062	H	no
1063	H	no
1064	H	no
1065	H	no
1066	H	no
1067	H	no
1068	H	no
1069	H	no
1070	H	no
1071	H	no
1072	H	no
1073	H	no
1074	H	no
1075	H	HOMD
1076	H-G	HOMD
1077	H	no
1078	H	no
1079	H	no
1080	H	HOMD
1081	H	no
1082	H	no
1083	H	no
1084	H	no
1085	H	no
1086	H	no
1087	H	no
1088	H	no
1089	H	no
1090	H	no
1091	H	no
1092	H	no
1093	H	no
1094	H	no
1095	H	no
1096	H	no
1097	H	no
1098	H	no
1099	H	no
1100	H	no
1101	H	no
1102	H	no
1103	H	no
1104	H	no
1105	H	no
1106	H	HOMD
1107	H	no
1108	H	HOMD
1109	H	HOMD
1110	H	HOMD
1111	H	no
1112	H	no
1113	H	no
1114	H	no
1115	H	no
1116	H	no
1117	H	no
1118	H	no
1119	H	no
1120	H	no
1121	H	no
1122	H	no
1123	H	no
1124	H	no
1125	H	no
1126	H	no
1127	H	no
1128	H	no
1129	H	no
1130	H	no
1131	G	no
1132	H	no
1133	H	no
1134	H	no
1135	H	no
1136	H	no
1137	H	no
1138	H	no
1139	H	no
1140	H	no
1141	H	no
1142	H	no
1143	H	no
1144	H	no
1145	H	no
1146	H	no
1147	H	no
1148	H	no
1149	H	no
1150	H	no
1151	H	no
1152	H	no
1153	H	no
1154	H	no
1155	H	no
1156	H	no
1157	H	no
1158	H	no
1159	H	no
1160	H	no
1161	U	no
1162	U	no
1163	H	no
1164	H	no
1165	H	HOMD
1166	H	HOMD
1167	H	no
1168	H	no
1169	H	no
1170	H-P	no
1171	H	no
1172	G	no
1173	U	no
1174	H	no
1175	N-U	no
1176	U	no
1177	R	no
1178	G	no
1179	N-U	no
1180	U	no
1181	U	no
1182	G	no
1183	H	no
1184	U	no
1185	U	no
1186	H	HOMD
1187	H-P-Po	no
1188	H-P	HOMD
1189	H-N	no
1190	H-N	no
1191	U	no
1192	U	no
1193	U	no
1194	H	no
1195	H	no
1196	H	no
1197	H	no
1198	H	no
1199	H	no
1200	H	no
1201	U	no
1202	U	no
1203	U	no
1204	H	no
1205	H	no
1206	H	no
1207	H	no
1208	H	no
1209	H	no
1210	H	no
1211	H	no
1212	H-U	no
1213	H	HOMD
1214	G-U	no
1215	G	no
1216	Env	no
1217	U	no
1218	H-P-G	no
1219	Env	no
1220	P	no
1221	H-G	HOMD
1222	H	HOMD
1223	U	no
1224	H	no
1225	Env	no
1226	U	no
1227	H	no
1228	H	no
1229	H	HOMD
1230	H	no
1231	H-G	HOMD
1232	H	no
1233	H	no
1234	H	HOMD
1235	H	no
1236	H	no
1237	H	no
1238	H	no
1239	H	HOMD
1240	P	no
1241	H	no
1242	H	no
1243	P	no
1244	H-G	no
1245	H	no
1246	P	no
1247	P	no
1248	H	no
1249	H	no
1250	H	no
1251	H	no
1252	H	HOMD
1253	H	no
1254	H	no
1255	H	no
1256	H-N-P	HOMD
1257	H	no
1258	P	no
1259	G	no
1260	H-A	HOMD
1261	H	no
1262	P	no
1263	H	HOMD
1264	H	no
1265	H	no
1266	H	HOMD
1267	H	no
1268	H	no
1269	H-U	no
1270	P	no
1271	H	no
1272	U	no
1273	H	no
1274	H	no
1275	H-G	no
1276	G-U	no
1277	H	no
1278	U	no
1279	U	no
1280	U	no
1281	U	no
1282	N	no
1283	H	no
1284	H-P	no
1285	H	no
1286	H-N-P-Po	no
1287	U	no
1288	H	no
1289	H	no
1290	H	no
1291	A	no
1292	H	no
1293	H	no
1294	H	no
1295	H	no
1296	H	no
1297	H	no
1298	H	no
1299	H	no
1300	H	no
1301	H	no
1302	H	no
1303	H	no
1304	H	no
1305	H	no
1306	H	HOMD
1307	H	no
1308	H	no
1309	H	no
1310	H	no
1311	H	no
1312	H	no
1313	H	no
1314	H	no
1315	H	no
1316	H	no
1317	H	no
1318	H	no
1319	H	no
1320	H	no
1321	H	no
1322	H	no
1323	H	no
1324	H	no
1325	H	no
1326	H	no
1327	P	no
1328	H	HOMD
1329	H	no
1330	H	no
1331	A	no
1332	H	no
1333	H	no
1334	H	no
1335	H	no
1336	H	HOMD
1337	H	no
1338	H	no
1339	H	no
1340	H	no
1341	H	no
1342	H	no
1343	H	no
1344	H	no
1345	H	no
1346	H	no
1347	H	no
1348	H	no
1349	H	no
1350	H	no
1351	H	no
1352	H	no
1353	H	no
1354	H	no
1355	H	no
1356	H	no
1357	H	no
1358	H	no
1359	H	no
1360	H	no
1361	H	no
1362	H	no
1363	H	HOMD
1364	H	no
1365	H	no
1366	H	no
1367	H	HOMD
1368	H	no
1369	H	no
1370	H	no
1371	H	no
1372	H	no
1373	H	no
1374	H	no
1375	H	no
1376	H	no
1377	H	no
1378	H	HOMD
1379	H	no
1380	H	no
1381	H	no
1382	H	no
1383	H	no
1384	H	no
1385	H	no
1386	H	no
1387	H	no
1388	H	HOMD
1389	H	no
1390	H	HOMD
1391	H	no
1392	H	no
1393	H	no
1394	H	no
1395	H	no
1396	H	no
1397	H	no
1398	H	no
1399	H	no
1400	P	no
1401	H	no
1402	H	no
1403	H	HOMD
1404	H	no
1405	H	no
1406	H	no
1407	H	HOMD
1408	H	HOMD
1409	H	HOMD
1410	H	no
1411	H	no
1412	H	HOMD
1413	H	HOMD
1414	H	HOMD
1415	H	HOMD
1416	H	no
1417	H	HOMD
1418	H	HOMD
1419	H	no
1420	H	no
1421	H	no
1422	H	no
1423	H	no
1424	H	no
1425	H	no
1426	H	no
1427	H	no
1428	H	no
1429	H	no
1430	H	no
1431	H	no
1432	H	no
1433	H	no
1434	H	no
1435	H	no
1436	H	no
1437	H	no
1438	H	no
1439	H	no
1440	H	no
1441	H	no
1442	H	no
1443	H	no
1444	H	no
1445	H	no
1446	H	no
1447	H	no
1448	H	no
1449	H	no
1450	H	no
1451	H	no
1452	H	no
1453	H	no
1454	H	no
1455	H	no
1456	H	no
1457	H	no
1458	H	no
1459	H	no
1460	H	no
1461	H	no
1462	H	no
1463	H	no
1464	H	no
1465	H	no
1466	H	no
1467	H	no
1468	H	no
1469	H	no
1470	H	no
1471	H	no
1472	H	no
1473	H	no
1474	H	no
1475	H	no
1476	H	no
1477	H	no
1478	H	no
1479	H	no
1480	H	no
1481	H	no
1482	H	no
1483	H	no
1484	H	no
1485	H	HOMD
1486	H	no
1487	H	no
1488	H	no
1489	H	no
1490	H	no
1491	H	no
1492	H	no
1493	H	no
1494	H	no
1495	H	no
1496	H	HOMD
1497	H	no
1498	H	no
1499	H	no
1500	H	no
1501	H	no
1502	H	no
1503	H	no
1504	H	no
1505	H	no
1506	H	no
1507	H	no
1508	H	no
1509	H	no
1510	H	no
1511	H	no
1512	H	no
1513	H	no
1514	H	no
1515	H	no
1516	H	no
1517	H	no
1518	H	no
1519	H	no
1520	H	no
1521	H	no
1522	H	no
1523	H	no
1524	H	no
1525	H	no
1526	H	no
1527	H	no
1528	H	no
1529	H	no
1530	H	no
1531	H	no
1532	H	no
1533	H	no
1534	H	no
1535	H	no
1536	H	no
1537	H	no
1538	H	no
1539	H	no
1540	H	no
1541	H	no
1542	H	no
1543	N	no
1544	U	no
1545	G	no
1546	G-U	no
1547	Env	no
1548	U	no
1549	G-U	no
1550	U	no
1551	U	no
1552	G	no
1553	G-U	no
1554	U	no
1555	G	no
1556	G	no
1557	U	no
1558	H	no
1559	H	no
1560	H	no
1561	U	no
1562	H	no
1563	U	no
1564	U	no
1565	Env	no
1566	G	no
1567	A	no
1568	H	no
1569	A	no
1570	H-P	no
1571	H	no
1572	G	no
1573	U	no
1574	A	no
1575	H	no
1576	H	no
1577	G	no
1578	U	no
1579	H-P	HOMD
1580	H	no
1581	H	no
1582	H	no
1583	P	no
1584	Env	no
1585	H	no
1586	H	no
1587	H	no
1588	H	no
1589	H	no
1590	H	no
1591	H	no
1592	H	no
1593	H	no
1594	H	no
1595	H	no
1596	N	no
1597	H	HOMD
1598	H	no
1599	U	no
1600	H	HOMD
1601	H	HOMD
1602	H	HOMD
1603	U	no
1604	H	no
1605	H	no
1606	H	no
1607	H	no
1608	H	no
1609	H	no
1610	H	no
1611	H	no
1612	H	no
1613	H	no
1614	H	no
1615	H	no
1616	H	no
1617	H	no
1618	H	no
1619	H	no
1620	H	no
1621	H	no
1622	H	no
1623	H	no
1624	H	no
1625	H	no
1626	H	no
1627	H	no
1628	H	no
1629	H	no
1630	U	no
1631	H	no
1632	H	no
1633	H	no
1634	H	no
1635	H	no
1636	H	no
1637	H	no
1638	H	HOMD
1639	H	HOMD
1640	H	no
1641	H	no
1642	H	HOMD
1643	H	no
1644	H	no
1645	H	no
1646	H	HOMD
1647	H	HOMD
1648	H	no
1649	H	no
1650	H	no
1651	Env	no
1652	Env	no
1653	H	no
1654	H	no
1655	U	no
1656	H	no
1657	H	no
1658	H	no
1659	H	no
1660	H	no
1661	H	no
1662	H	no
1663	H	HOMD
1664	H	HOMD
1665	H	no
1666	H	no
1667	H	no
1668	H	no
1669	H	no
1670	H	no
1671	H	no
1672	H	no
1673	H	no
1674	H	no
1675	H	no
1676	H	no
1677	H	no
1678	H	no
1679	H	no
1680	H	no
1681	H	no
1682	H	no
1683	H	no
1684	H	no
1685	H	no
1686	H	no
1687	H	no
1688	H	no
1689	H	no
1690	H	no
1691	H	HOMD
1692	H	HOMD
1693	H	no
1694	H	no
1695	H	no
1696	H	no
1697	H	no
1698	H	no
1699	H	no
1700	H	no
1701	H	no
1702	H	no
1703	H	no
1704	H	no
1705	H	no
1706	H	no
1707	H	no
1708	H	no
1709	H	no
1710	H	no
1711	H	no
1712	H	no
1713	H	no
1714	H	no
1715	H	no
1716	H	no
1717	H	no
1718	U	no
1719	P	no
1720	H	HOMD
1721	H	no
1722	H	no
1723	H	HOMD
1724	H	no
1725	H	no
1726	H	HOMD
1727	H	no
1728	H	no
1729	H	no
1730	H	no
1731	H	no
1732	H	HOMD
1733	H	no
1734	H	no
1735	H	no
1736	H	HOMD
1737	H	no
1738	H	no
1739	H	no
1740	H	no
1741	H	no
1742	H	no
1743	H	no
1744	H	no
1745	H	no
1746	H	no
1747	H	no
1748	A	no
1749	A	no
1750	H	no
1751	H	no
1752	Env	no
1753	H	no
1754	H	HOMD
1755	H	no
1756	H	no
1757	H	no
1758	H	no
1759	H	HOMD
1760	H	HOMD
1761	H	HOMD
1762	H	no
1763	H	HOMD
1764	H	no
1765	H	no
1766	H	no
1767	H	HOMD
1768	H	HOMD
1769	H	HOMD
1770	H	no
1771	H	HOMD
1772	H	HOMD
1773	H	no
1774	H	HOMD
1775	H	no
1776	H	HOMD
1777	H	no
1778	H	no
1779	H	no
1780	H	no
1781	H	no
1782	H	no
1783	H	no
1784	H	no
1785	H	HOMD
1786	H	no
1787	H	no
1788	N	no
1789	H	no
1790	H	no
1791	H	no
1792	H	no
1793	H	no
1794	H	no
1795	H	HOMD
1796	H	no
1797	H	no
1798	H	no
1799	H	no
1800	H	no
1801	H	no
1802	H	no
1803	A	no
1804	H	HOMD
1805	H	no
1806	H	HOMD
1807	H	no
1808	H	HOMD
1809	H	HOMD
1810	G	no
1811	H	no
1812	H	no
1813	H	no
1814	H	no
1815	U	no
1816	H	no
1817	H	no
1818	H	no
1819	H	no
1820	H	no
1821	G	no
1822	H	no
1823	H	no
1824	N	no
1825	H	no
1826	H	no
1827	H	no
1828	H	no
1829	H	HOMD
1830	H	no
1831	H	no
1832	H	no
1833	H	no
1834	H	no
1835	H	no
1836	H	no
1837	H	no
1838	U	no
1839	U	no
1840	H	no
1841	U	no
1842	U	no
1843	H	no
1844	H	no
1845	H	HOMD
1846	H	HOMD
1847	H	no
1848	U	no
1849	Env	no
1850	Env	no
1851	H	no
1852	H	no
1853	H	no
1854	H	no
1855	H	no
1856	H	HOMD
1857	H	no
1858	H	no
1859	H	HOMD
1860	H	no
1861	H	no
1862	H	no
1863	H	no
1864	H	no
1865	H	HOMD
1866	H	HOMD
1867	H	no
1868	H	no
1869	H	HOMD
1870	H	no
1871	H	HOMD
1872	H	no
1873	H	HOMD
1874	U	no
1875	G	no
1876	H	no
1877	H	no
1878	H	no
1879	H	no
1880	H	no
1881	H	no
1882	H	HOMD
1883	H	no
1884	H	no
1885	H	no
1886	H	no
1887	H	no
1888	H	no
1889	H	no
1890	H	no
1891	H	no
1892	H	no
1893	H	no
1894	H	no
1895	H	no
1896	H	no
1897	H	no
1898	H	no
1899	H	no
1900	H	no
1901	H	no
1902	H	no
1903	H	HOMD
1904	H	no
1905	H	no
1906	H	no
1907	H	no
1908	H	no
1909	H	no
1910	H	no
1911	H	no
1912	H	no
1913	H	no
1914	H	no
1915	H	no
1916	H	no
1917	H	no
1918	H	no
1919	H	no
1920	H	HOMD
1921	H	no
1922	H	no
1923	H	no
1924	H	no
1925	H	no
1926	H	no
1927	H	HOMD
1928	H	no
1929	H	no
1930	H	no
1931	H	no
1932	H	no
1933	H	no
1934	H	no
1935	H	no
1936	H	no
1937	H	no
1938	H	no
1939	H	HOMD
1940	H	no
1941	H	no
1942	H	no
1943	H	no
1944	H	no
1945	H	no
1946	H	no
1947	G	no
1948	H	HOMD
1949	H	no
1950	H	no
1951	H	no
1952	H	HOMD
1953	H	HOMD
1954	H	HOMD
1955	U	no
1956	H	HOMD
1957	N	no
1958	H	no
1959	H	HOMD
1960	H	no
1961	H	no
1962	H	no
1963	H	HOMD
1964	H	no
1965	H	no
1966	H	no
1967	H	no
1968	H	no
1969	H	no
1970	H	no
1971	H	no
1972	H	no
1973	H	no
1974	H	no
1975	H	no
1976	H	no
1977	H	no
1978	H	no
1979	H	no
1980	H	HOMD
1981	H	no
1982	H	HOMD
1983	H	no
1984	H	no
1985	H	no
1986	H	no
1987	H	no
1988	H	no
1989	H	no
1990	H	no
1991	H	no
1992	H	HOMD
1993	H	no
1994	H	HOMD
1995	H	no
1996	H	no
1997	H	no
1998	H	no
1999	H	no
2000	H	no
2001	H	no
2002	H	HOMD
2003	H	no
2004	H	no
2005	H	no
2006	H	no
2007	H	no
2008	H	no
2009	H	no
2010	H	no
2011	H	no
2012	H	no
2013	H	HOMD
2014	H	no
2015	H	no
2016	H	no
2017	H	HOMD
2018	H	no
2019	H	no
2020	H	no
2021	H	no
2022	H	no
2023	H	no
2024	H	no
2025	H	no
2026	H	no
2027	H	no
2028	H	no
2029	H	no
2030	H	no
2031	H	no
2032	H	no
2033	H	no
2034	H	no
2035	H	no
2036	H	no
2037	H	no
2038	H	no
2039	H	no
2040	H	no
2041	H	no
2042	H	no
2043	H	no
2044	H	no
2045	H	no
2046	H	no
2047	H	no
2048	H	no
2049	H	no
2050	H	no
2051	H	no
2052	H	no
2053	H	no
2054	H	no
2055	H	no
2056	H	no
2057	H	no
2058	H	no
2059	H	no
2060	H	no
2061	H	no
2062	H	no
2063	H	no
2064	H	no
2065	H	no
2066	H	no
2067	H	no
2068	H	no
2069	H	no
2070	H	no
2071	H	no
2072	H	no
2073	H	no
2074	H	no
2075	H	no
2076	H	no
2077	H	no
2078	H	no
2079	H	no
2080	U	no
2081	H	no
2082	H	no
2083	H	HOMD
2084	H	no
2085	H	no
2086	H	no
2087	H	no
2088	H	no
2089	H	no
2090	H	no
2091	H	no
2092	H	no
2093	H	no
2094	H	no
2095	H	no
2096	H	no
2097	H	no
2098	H	no
2099	H	no
2100	H	no
2101	H	no
2102	H	no
2103	H	no
2104	H	no
2105	H	no
2106	H	no
2107	H	no
2108	H	no
2109	H	no
2110	H	no
2111	H	no
2112	H	no
2113	H	no
2114	H	no
2115	H	no
2116	H	no
2117	H	no
2118	H	no
2119	H	no
2120	H	no
2121	H	no
2122	H	no
2123	H	no
2124	H	no
2125	H	no
2126	H	no
2127	H	no
2128	H	no
2129	H	no
2130	H	no
2131	H	no
2132	H	no
2133	H	no
2134	H	no
2135	H	no
2136	H	no
2137	H	no
2138	H	no
2139	G	no
2140	U	no
2141	U	no
2142	H	no
2143	H	no
2144	H	HOMD
2145	H	HOMD
2146	H	no
2147	H	no
2148	H	no
2149	H	HOMD
2150	H	HOMD
2151	H	no
2152	H	no
2153	H	no
2154	H	HOMD
2155	H	HOMD
2156	H	no
2157	H	no
2158	H	no
2159	H	no
2160	H	no
2161	H	no
2162	H	HOMD
2163	H	no
2164	H	no
2165	H	no
2166	H	HOMD
2167	H	HOMD
2168	H	no
2169	H	no
2170	H	HOMD
2171	H	HOMD
2172	H	no
2173	H	no
2174	H	no
2175	H	no
2176	H	no
2177	H	no
2178	H	no
2179	H	no
2180	H	no
2181	H	no
2182	H	no
2183	H	no
2184	H	no
2185	H	no
2186	H	HOMD
2187	H	no
2188	H	HOMD
2189	H	HOMD
2190	H	HOMD
2191	H	no
2192	H	no
2193	H	no
2194	H	HOMD
2195	H	HOMD
2196	H	no
2197	H	no
2198	H	HOMD
2199	H	HOMD
2200	H	HOMD
2201	H	HOMD
2202	H	no
2203	H	HOMD
2204	H	HOMD
2205	H	HOMD
2206	H	HOMD
2207	H	no
2208	H	HOMD
2209	H	no
2210	H	HOMD
2211	H	no
2212	H	no
2213	H	no
2214	H	HOMD
2215	H	no
2216	H	no
2217	H	no
2218	H	no
2219	H	no
2220	H	no
2221	H	no
2222	H	no
2223	H	HOMD
2224	H	no
2225	H	no
2226	H	HOMD
2227	H	no
2228	H	no
2229	H	HOMD
2230	H	no
2231	H	no
2232	H	HOMD
2233	H	HOMD
2234	H	no
2235	H	no
2236	H	no
2237	H	no
2238	H	no
2239	H	no
2240	H	no
2241	H	no
2242	H	no
2243	H	no
2244	H	no
2245	H	no
2246	H	HOMD
2247	H	no
2248	H	no
2249	H	no
2250	H	no
2251	H	no
2252	H	no
2253	H	no
2254	H	no
2255	H	no
2256	H	no
2257	H	no
2258	H	no
2259	H	no
2260	H	no
2261	H	no
2262	H	no
2263	H	no
2264	H	no
2265	H	no
2266	H	no
2267	H	no
2268	H	no
2269	H	no
2270	H	no
2271	H	no
2272	H	no
2273	H	no
2274	H	no
2275	H	no
2276	H	no
2277	H	no
2278	H	no
2279	H	no
2280	H	no
2281	H	no
2282	H	no
2283	H	no
2284	H	no
2285	H	HOMD
2286	H	no
2287	H	no
2288	H	no
2289	H	no
2290	H	no
2291	H	no
2292	H	no
2293	H	no
2294	H	no
2295	H	no
2296	H	HOMD
2297	H	no
2298	H	no
2299	H	no
2300	H	HOMD
2301	H	no
2302	H	no
2303	H	HOMD
2304	H	no
2305	H	no
2306	H	HOMD
2307	H	no
2308	H	no
2309	H	no
2310	H	no
2311	H	no
2312	H	no
2313	H	no
2314	H	no
2315	H	no
2316	H	HOMD
2317	H	HOMD
2318	H	no
2319	H	HOMD
2320	H	HOMD
2321	H	no
2322	H	no
2323	H	no
2324	H	no
2325	H	HOMD
2326	H	no
2327	H	HOMD
2328	H	no
2329	H	HOMD
2330	H	no
2331	H	no
2332	H	no
2333	H	no
2334	H	no
2335	H	no
2336	H	HOMD
2337	H	HOMD
2338	H	HOMD
2339	H	HOMD
2340	H	no
2341	H	no
2342	H	no
2343	H	no
2344	H	no
2345	H	no
2346	H	HOMD
2347	H	HOMD
2348	H	no
2349	H	no
2350	H	no
2351	H	no
2352	H	HOMD
2353	H	HOMD
2354	H	HOMD
2355	H	no
2356	H	HOMD
2357	H	no
2358	H	HOMD
2359	H	HOMD
2360	H	no
2361	H	no
2362	H	HOMD
2363	H	HOMD
2364	H	HOMD
2365	H	HOMD
2366	H	no
2367	H	no
2368	H	no
2369	H	HOMD
2370	H	HOMD
2371	H	HOMD
2372	H	HOMD
2373	H	HOMD
2374	H	no
2375	H	no
2376	H	HOMD
2377	H	no
2378	H	no
2379	H	no
2380	H	no
2381	H	no
2382	H	no
2383	H	no
2384	H	no
2385	H	no
2386	H	no
2387	H	no
2388	H	no
2389	H	no
2390	H	HOMD
2391	H	no
2392	H	no
2393	H	no
2394	H	no
2395	H	HOMD
2396	H	HOMD
2397	H	HOMD
2398	H	no
2399	H	no
2400	H	no
2401	H	no
2402	H	HOMD
2403	H	HOMD
2404	H	HOMD
2405	H	HOMD
2406	H	HOMD
2407	H	HOMD
2408	H	HOMD
2409	H	no
2410	H	no
2411	H	HOMD
2412	H	HOMD
2413	H	no
2414	H	HOMD
2415	H	HOMD
2416	H	no
2417	H	no
2418	H	HOMD
2419	H	HOMD
2420	H	no
2421	H	no
2422	H	no
2423	H	no
2424	H	no
2425	H	no
2426	H	no
2427	H	HOMD
2428	H	no
2429	H	HOMD
2430	H	HOMD
2431	H	HOMD
2432	H	HOMD
2433	H	HOMD
2434	H	HOMD
2435	H	no
2436	H	HOMD
2437	H	HOMD
2438	H	HOMD
2439	H	HOMD
2440	H	HOMD
2441	H	HOMD
2442	H	HOMD
2443	H	HOMD
2444	H	no
2445	H	no
2446	H	no
2447	H	HOMD
2448	H	no
2449	H	no
2450	H	no
2451	H	no
2452	H	no
2453	H	no
2454	H	no
2455	H	no
2456	H	no
2457	H	no
2458	H	no
2459	H	HOMD
2460	H	no
2461	H	HOMD
2462	H	HOMD
2463	H	HOMD
2464	H	no
2465	H	no
2466	H	no
2467	H	no
2468	H	no
2469	H	no
2470	H	no
2471	H	HOMD
2472	H	no
2473	H	HOMD
2474	H	no
2475	H	no
2476	H	no
2477	H	HOMD
2478	H	no
2479	H	no
2480	H	HOMD
2481	H	no
2482	H	no
2483	H	HOMD
2484	H	no
2485	H	no
2486	G	no
2487	H-N	no
2488	H	HOMD
2489	H	no
2490	H	no
2491	H	HOMD
2492	H	HOMD
2493	H	HOMD
2494	H	no
2495	H	HOMD
2496	H	no
2497	H	no
2498	H	no
2499	H	no
2500	H	no
2501	H	no
2502	H-U	no
2503	H	HOMD
2504	H	HOMD
2505	H	HOMD
2506	H-U	HOMD
2507	U	no
2508	H	HOMD
2509	G	no
2510	R	no
2511	G	no
2512	H	no
2513	A	no
2514	G	no
2515	G	no
2516	H-N-P	no
2517	H	HOMD
2518	H	no
2519	H	no
2520	H	no
2521	H	no
2522	H	no
2523	H	no
2524	H	no
2525	H	no
2526	H	no
2527	H	no
2528	H	no
2529	H	no
2530	H	no
2531	H	no
2532	H	no
2533	H	no
2534	H	no
2535	H	no
2536	H	no
2537	H	no
2538	H	no
2539	H	no
2540	H	no
2541	H	no
2542	H	no
2543	H	no
2544	H	no
2545	H	no
2546	H	no
2547	H	no
2548	H	no
2549	H	no
2550	H	no
2551	H	no
2552	H	no
2553	H	no
2554	H	no
2555	H	HOMD
2556	H	no
2557	H	no
2558	H	no
2559	H	no
2560	H	no
2561	H	no
2562	H	no
2563	H	no
2564	H	HOMD
2565	H	HOMD
2566	H	no
2567	H	no
2568	H	no
2569	H	no
2570	H	HOMD
2571	H	no
2572	H	no
2573	H	no
2574	H	no
2575	H	no
2576	H	no
2577	H	no
2578	H	no
2579	H	no
2580	H	no
2581	H	no
2582	H	no
2583	H	no
2584	H	no
2585	H	HOMD
2586	H	no
2587	H	no
2588	H	no
2589	H	no
2590	H	no
2591	H	no
2592	H	no
2593	H	no
2594	H	no
2595	H	no
2596	H	no
2597	H	no
2598	H	no
2599	H	no
2600	H	no
2601	H	no
2602	H	no
2603	H	no
2604	H	HOMD
2605	H	no
2606	H	no
2607	H	no
2608	H	no
2609	H	no
2610	H	no
2611	P	no
2612	A	no
2613	U	no
2614	H	no
2615	H	no
2616	N	no
2617	H	no
2618	H	no
2619	H	no
2620	H	no
2621	H	no
2622	P	no
2623	U	no
2624	H	no
2625	H	no
2626	H	no
2627	H	no
2628	H	no
2629	H	no
2630	G	no
2631	H	no
2632	P	no
2633	H	no
2634	H-N	HOMD
2635	H	no
2636	G	no
2637	P	no
2638	H	no
2639	H	no
2640	H	no
2641	H	no
2642	H	no
2643	H	no
2644	H	no
2645	H	no
2646	H	no
2647	H	no
2648	H	no
2649	H	no
2650	H	no
2651	H	no
2652	H	no
2653	H	no
2654	H	no
2655	H	no
2656	H	no
2657	H	no
2658	H	no
2659	H	no
2660	H	no
2661	H	no
2662	H	no
2663	H	no
2664	H	no
2665	H	no
2666	H	no
2667	H	no
2668	H	no
2669	H	no
2670	H	HOMD
2671	H	no
2672	H	no
2673	H	no
2674	H	no
2675	H	no
2676	H	no
2677	H	no
2678	H	no
2679	H	no
2680	H	no
2681	H	no
2682	H	no
2683	H	no
2684	H	no
2685	H	no
2686	H	no
2687	H	no
2688	H	no
2689	H	no
2690	H	no
2691	H	no
2692	H	no
2693	H	no
2694	H	no
2695	H	no
2696	H	HOMD
2697	H	no
2698	H	no
2699	H	no
2700	H	no
2701	H	HOMD
2702	H	no
2703	H	no
2704	H	no
2705	H	no
2706	H	no
2707	H	no
2708	H	no
2709	H	no
2710	H	HOMD
2711	P	no
2712	H	HOMD
2713	U	no
2714	H	no
2715	H	no
2716	P	no
2717	H	HOMD
2718	H	no
2719	H	no
2720	H	no
2721	U	no
2722	H	no
2723	Env	no
2724	Env	no
2725	H	no
2726	H	no
2727	H	no
2728	H	no
2729	H	no
2730	H	no
2731	H	no
2732	H	no
2733	H	no
2734	H	no
2735	H	HOMD
2736	H	no
2737	H	no
2738	H	no
2739	H	no
2740	H	no
2741	H	no
2742	H	no
2743	H	no
2744	H	no
2745	H	no
2746	U	no
2747	G	no
2748	H	no
2749	Env	no
2750	U	no
2751	U	no
2752	H	no
2753	H	no
2754	H	no
2755	H	no
2756	H-P	no
2757	H	no
2758	H	no
2759	H	no
2760	H-U	HOMD
2761	H	no
2762	U	no
2763	U	no
2764	U	no
2765	U	no
2766	H	no
2767	H	HOMD
2768	H	no
2769	H	no
2770	H-A	HOMD
2771	H-P	HOMD
2772	H	HOMD
2773	Env	no
2774	Env	no
2775	U	no
2776	Env	no
2777	R	no
2778	U	no
2779	U	no
2780	U	no
2781	G-U	no
2782	U	no
2783	U	no
2784	H	no
2785	H	no
2786	H	no
2787	H	no
2788	H	no
2789	H	no
2790	H	no
2791	H	no
2792	H	no
2793	H	no
2794	U	no
2795	U	no
2796	H	no
2797	H	no
2798	H	HOMD
2799	H	no
2800	H	no
2801	A	no
2802	H	no
2803	H	no
2804	H	no
2805	H	HOMD
2806	H	no
2807	H	no
2808	H	no
2809	H	no
2810	U	no
2811	A	no
2812	H	no
2813	H	no
2814	H	no
2815	H	HOMD
2816	H	no
2817	H	no
2818	H	no
2819	H	HOMD
2820	H	no
2821	H	no
2822	H	no
2823	H	no
2824	H	no
2825	H	no
2826	H	no
2827	H	HOMD
2828	H	no
2829	H	no
2830	A	no
2831	H	no
2832	H	no
2833	H	HOMD
2834	H	no
2835	H	no
2836	H	no
2837	H	no
2838	U	no
2839	H	no
2840	H	no
2841	H	no
2842	H	no
2843	H	no
2844	H	no
2845	H	no
2846	H	no
2847	H	HOMD
2848	H	HOMD
2849	H	no
2850	H	HOMD
2851	H	no
2852	H	HOMD
2853	H	no
2854	H	no
2855	H	no
2856	H	no
2857	H	no
2858	H	no
2859	H	no
2860	H	no
2861	H	no
2862	H	no
2863	H	no
2864	H	no
2865	H	no
2866	H	no
2867	H	no
2868	H	no
2869	H	no
2870	H	HOMD
2871	H	HOMD
2872	H	HOMD
2873	H	no
2874	H	HOMD
2875	H	no
2876	H	HOMD
2877	H	no
2878	H	no
2879	H	no
2880	H	no
2881	H	no
2882	H	no
2883	H	no
2884	H	no
2885	H	no
2886	H	no
2887	H	HOMD
2888	H	HOMD
2889	H	no
2890	H	no
2891	H	no
2892	H	no
2893	H	no
2894	G	no
2895	H	HOMD
2896	H	HOMD
2897	H	no
2898	H	no
2899	H	no
2900	H	HOMD
2901	H	HOMD
2902	A	no
2903	H	HOMD
2904	H	HOMD
2905	H	no
2906	H	no
2907	H	no
2908	U	no
2909	H	HOMD
2910	Env	no
2911	U	no
2912	H	no
2913	H	no
2914	H	no
2915	U	no
2916	G	no
2917	H	HOMD
2918	H	HOMD
2919	H	no
2920	H	HOMD
2921	H	HOMD
2922	H	HOMD
2923	H	no
2924	H	no
2925	H	no
2926	H	no
2927	H	no
2928	H	no
2929	H	no
2930	H	no
2931	H	no
2932	H	no
2933	H	HOMD
2934	H	no
2935	H	no
2936	H	no
2937	H	no
2938	H	no
2939	H	no
2940	H	no
2941	H	no
2942	H	no
2943	H	no
2944	H	no
2945	H	no
2946	H	no
2947	H	no
2948	H	no
2949	H	no
2950	H	no
2951	H	no
2952	H	no
2953	H	no
2954	H	no
2955	H	no
2956	H	no
2957	H	no
2958	H	no
2959	H	no
2960	H	no
2961	H	no
2962	H	no
2963	H-A	HOMD
2964	H	HOMD
2965	G	no
2966	G	no
2967	A	no
2968	H	no
2969	H	no
2970	H	HOMD
2971	H	no
2972	H	no
2973	H	no
2974	H	no
2975	H	no
2976	H	no
2977	H	no
2978	H	no
2979	H	no
2980	H	no
2981	H	no
2982	H	no
2983	H	no
2984	H	no
2985	H	no
2986	H	HOMD
2987	H	no
2988	H	no
2989	H	HOMD
2990	H	no
2991	H	no
2992	H	no
2993	H	no
2994	H	HOMD
2995	H	no
2996	H	no
2997	H	no
2998	H	no
2999	H	HOMD
3000	H	no
3001	H	no
3002	H	no
3003	H	no
3004	H	no
3005	H	no
3006	H	HOMD
3007	H	no
3008	H	no
3009	H	no
3010	H	no
3011	H	no
3012	H	no
3013	H	no
3014	H	no
3015	H	no
3016	H	no
3017	H	no
3018	H	no
3019	H	HOMD
3020	H	no
3021	H	no
3022	H	no
3023	H	no
3024	H	no
3025	H	no
3026	H	no
3027	H	no
3028	H	no
3029	H	no
3030	H	no
3031	H	no
3032	H	no
3033	H	no
3034	H	no
3035	H	no
3036	H	no
3037	H	no
3038	H	no
3039	H	no
3040	H	no
3041	H	no
3042	H	no
3043	H	HOMD
3044	H	HOMD
3045	H	no
3046	H	no
3047	H	no
3048	H	no
3049	H	no
3050	H	no
3051	H	no
3052	H	no
3053	H	no
3054	H	no
3055	H	no
3056	H	HOMD
3057	H	HOMD
3058	H	HOMD
3059	H	HOMD
3060	H	no
3061	H	no
3062	H	no
3063	H	no
3064	H	no
3065	H	no
3066	H	no
3067	H	no
3068	H	no
3069	H	no
3070	H	no
3071	U	no
3072	H	HOMD
3073	H	no
3074	H	no
3075	H	no
3076	H	no
3077	H	HOMD
3078	H	no
3079	H	HOMD
3080	H	HOMD
3081	H	no
3082	G	no
3083	U	no
3084	Env	no
3085	G-U	no
3086	U	no
3087	G-U	no
3088	Env	no
3089	H	no
3090	H	no
3091	H	no
3092	H	no
3093	H-G	no
3094	H	no
3095	H	no
3096	H	no
3097	H	no
3098	H	HOMD
3099	H	no
3100	H	no
3101	H	no
3102	H	no
3103	H	no
3104	H	no
3105	H	no
3106	H	no
3107	H	no
3108	H	HOMD
3109	H	no
3110	H	no
3111	H	no
3112	H	no
3113	H	no
3114	H	no
3115	H	no
3116	H	no
3117	H	no
3118	H	HOMD
3119	H	HOMD
3120	H	no
3121	H	HOMD
3122	H	HOMD
3123	H	no
3124	H	no
3125	H	no
3126	H	no
3127	H	no
3128	H	no
3129	H	no
3130	H	HOMD
3131	H	no
3132	H	no
3133	H	no
3134	H	no
3135	H	HOMD
3136	H	no
3137	H	no
3138	H	HOMD
3139	H	no
3140	H	HOMD
3141	H	no
3142	H	no
3143	H	no
3144	H	HOMD
3145	H	no
3146	H	no
3147	H	no
3148	H	HOMD
3149	H	HOMD
3150	H	no
3151	H	no
3152	H	no
3153	H	no
3154	P	no
3155	H	no
3156	P	no
3157	U	no
3158	H	no
3159	H	no
3160	U	no
3161	H	no
3162	H	no
3163	H	HOMD
3164	H	no
3165	H	no
3166	H	no
3167	H	no
3168	H	no
3169	H	HOMD
3170	H-P	no
3171	H	HOMD
3172	H	no
3173	H	HOMD
3174	H	HOMD
3175	G	no
3176	H	no
3177	H-P-G	no
3178	G	no
3179	H	no
3180	H	no
3181	A	no
3182	H	no
3183	H	HOMD
3184	H-P-G	no
3185	H	no
3186	Po	no
3187	P	no
3188	H	HOMD
3189	H	no
3190	Env	no
3191	Env	no
3192	H	no
3193	H	no
3194	P	no
3195	P	no
3196	Env	no
3197	Env	no
3198	Env	no
3199	Env	no
3200	Env	no
3201	Env	no
3202	A	no
3203	Env	no
3204	H	no
3205	H	no
3206	H	no
3207	Env	no
3208	Env	no
3209	P-G	no
3210	H-Po	HOMD
3211	H-N	no
3212	H	no
3213	G-U	no
3214	H	HOMD
3215	G	no
3216	H	HOMD
3217	H	HOMD
3218	P-G	no
3219	Env	no
3220	Env	no
3221	Env	no
3222	Env	no
3223	Env	no
3224	Env	no
3225	Env	no
3226	Env	no
3227	Env	no
3228	Env	no
3229	Env	no
3230	Env	no
3231	Env	no
3232	Env	no
3233	Env	no
3234	Env	no
3235	Env	no
3236	Env	no
3237	Env	no
3238	Env	no
3239	Env	no
3240	Env	no
3241	Env	no
3242	Env	no
3243	Env	no
3244	Env	no
3245	Env	no
3246	Env	no
3247	Env	no
3248	Env	no
3249	Env	no
3250	Env	no
3251	P	no
3252	Env	no
3253	Env	no
3254	Env	no
3255	Env	no
3256	Env	no
3257	Env	no
3258	Env	no
3259	Env	no
3260	Env	no
3261	Env	no
3262	Env	no
3263	Env	no
3264	H	no
3265	Env	no
3266	Env	no
3267	Env	no
3268	U	no
3269	Env	no
3270	Env	no
3271	Env	no
3272	Env	no
3273	U	no
3274	H	no
3275	H	no
3276	H	no
3277	H	no
3278	Env	no
3279	H	no
3280	Env	no
3281	P-U	no
3282	H	no
3283	H-N	no
3284	P	no
3285	H-N	HOMD
3286	H-P	no
3287	H-N	no
3288	U	no
3289	U	no
3290	U	no
3291	H	no
3292	H	no
3293	G	no
3294	H	no
3295	H	no
3296	H	no
3297	H	no
3298	H	HOMD
3299	H	no
3300	Env	no
3301	U	no
3302	H	HOMD
3303	H	no
3304	H	no
3305	H	no
3306	H	no
3307	H	no
3308	H	no
3309	H	no
3310	H	no
3311	H	no
3312	H	no
3313	H	no
3314	H	no
3315	H	no
3316	H	no
3317	H	no
3318	H	no
3319	H	no
3320	H	no
3321	H	no
3322	H	no
3323	H	no
3324	H	no
3325	H	no
3326	H	no
3327	H	no
3328	H	no
3329	H	no
3330	H	no
3331	H	no
3332	H	no
3333	H	no
3334	H	no
3335	H	no
3336	H	no
3337	H	no
3338	H	no
3339	H	no
3340	H	no
3341	H	no
3342	H	no
3343	H	no
3344	H	no
3345	H	no
3346	H	no
3347	H	no
3348	H	no
3349	H	no
3350	H	no
3351	H	no
3352	H	no
3353	H	no
3354	H	no
3355	H	no
3356	H	no
3357	H	no
3358	H	no
3359	H	no
3360	H	no
3361	H	no
3362	H	no
3363	H	no
3364	H	no
3365	H	no
3366	H	no
3367	H	no
3368	H	no
3369	H	no
3370	H	no
3371	H	no
3372	H	HOMD
3373	H	no
3374	H	no
3375	H	no
3376	H	no
3377	H	no
3378	H	no
3379	H	no
3380	H	no
3381	H	no
3382	H	no
3383	H	no
3384	H	no
3385	H	no
3386	H	no
3387	H	no
3388	H	no
3389	H	no
3390	H	no
3391	H	no
3392	H	no
3393	H	no
3394	H	no
3395	H	no
3396	H	no
3397	H	no
3398	H	no
3399	H	no
3400	H	no
3401	H	no
3402	H	no
3403	H	no
3404	H	no
3405	H	no
3406	H	no
3407	H	no
3408	H	no
3409	H	no
3410	G	no
3411	G	no
3412	P	no
3413	P	no
3414	G	no
3415	H	HOMD
3416	H	HOMD
3417	H	no
3418	H	HOMD
3419	H	HOMD
3420	H	no
3421	H-N	no
3422	H	HOMD
3423	H	HOMD
3424	H	no
3425	H-N	no
3426	P	no
3427	H	no
3428	N	no
3429	U	no
3430	H-P	HOMD
3431	H	no
3432	H	no
3433	H	no
3434	H-N-P-G	HOMD
3435	H	no
3436	H	no
3437	H	HOMD
3438	H	no
3439	H	no
3440	H	no
3441	Env	no
3442	N	no
3443	H	no
3444	Env	no
3445	U	no
3446	G	no
3447	H	no
3448	H	no
3449	H	no
3450	H	HOMD
3451	H	no
3452	H	no
3453	H	no
3454	H	no
3455	N	no
3456	A	no
3457	H	no
3458	H	no
3459	H	no
3460	U	no
3461	U	no
3462	H	no
3463	H	no
3464	H-U	HOMD
3465	H	HOMD
3466	U	no
3467	U	no
3468	U	no
3469	U	no
3470	U	no
3471	H	no
3472	H-P-G-A	no
3473	H	no
3474	G	no
3475	H-A	no
3476	U	no
3477	H	no
3478	H	no
3479	U	no
3480	A	no
3481	H	no
3482	H-A	HOMD
3483	P	no
3484	H-U	HOMD
3485	H-U	HOMD
3486	H	HOMD
3487	H	HOMD
3488	H	HOMD
3489	H-U	HOMD
3490	H	HOMD
3491	H	HOMD
3492	H	HOMD
3493	H	HOMD
3494	H	HOMD
3495	H	HOMD
3496	H	HOMD
3497	G	no
3498	G	no
3499	H	no
3500	U	no
3501	Env	no
3502	Env	no
3503	Env	no
3504	N	no
3505	H	no
3506	Po	no
3507	Env	no
3508	U	no
3509	H	no
3510	U	no
3511	U	no
3512	Env	no
3513	H	no
3514	H	no
3515	G	no
3516	U	no
3517	U	no
3518	H	no
3519	U	no
3520	U	no
3521	H	no
3522	H-U	no
3523	U	no
3524	U	no
3525	U	no
3526	G-U	no
3527	U	no
3528	U	no
3529	U	no
3530	U	no
3531	U	no
3532	U	no
3533	G-U	no
3534	U	no
3535	H	no
3536	Env	no
3537	Env	no
3538	Env	no
3539	Env	no
3540	Env	no
3541	H	no
3542	Env	no
3543	Env	no
3544	Env	no
3545	Env	no
3546	Env	no
3547	Env	no
3548	Env	no
3549	Env	no
3550	Env	no
3551	Env	no
3552	Env	no
3553	Env	no
3554	Env	no
3555	Env	no
3556	Env	no
3557	Env	no
3558	U	no
3559	Env	no
3560	Env	no
3561	H	no
3562	H	no
3563	P	no
3564	H	no
3565	A	no
3566	H	no
3567	H	no
3568	H	no
3569	H	no
3570	H	no
3571	H	no
3572	H	no
3573	H	no
3574	H	no
3575	H	no
3576	H	no
3577	H	no
3578	H	no
3579	H	no
3580	H	no
3581	H	no
3582	H	no
3583	H	no
3584	H	no
3585	H	no
3586	H	no
3587	H	no
3588	H	no
3589	H	no
3590	H	HOMD
3591	H	no
3592	H	HOMD
3593	H	no
3594	H	no
3595	H	no
3596	H	no
3597	H	no
3598	H	no
3599	H	no
3600	H	no
3601	H	no
3602	H	no
3603	H	no
3604	H	HOMD
3605	H	no
3606	H	no
3607	H	no
3608	H	no
3609	H	no
3610	H	no
3611	H	no
3612	H	no
3613	H	no
3614	H	no
3615	H	no
3616	H	no
3617	H	no
3618	H	no
3619	H	HOMD
3620	H	HOMD
3621	H	no
3622	A	no
3623	A	no
3624	H	no
3625	H	HOMD
3626	H	no
3627	G	no
3628	H	HOMD
3629	G	no
3630	G	no
3631	H	no
3632	H	no
3633	H	no
3634	H	no
3635	H	no
3636	H	no
3637	H	no
3638	H	no
3639	H	no
3640	H	no
3641	H	no
3642	H	no
3643	H	no
3644	H	no
3645	H	no
3646	H	no
3647	H	no
3648	H	HOMD
3649	H	no
3650	H	no
3651	H	no
3652	H	no
3653	H	no
3654	H	no
3655	H	no
3656	H	no
3657	H	no
3658	H	no
3659	H	no
3660	H	no
3661	H	no
3662	U	no
3663	H	HOMD
3664	H	HOMD
3665	H	HOMD
3666	H	HOMD
3667	H-N	no
3668	H	no
3669	H	no
3670	H	no
3671	H	no
3672	H	HOMD
3673	H	no
3674	H	no
3675	H	no
3676	H	no
3677	H	no
3678	H	no
3679	H	no
3680	H	no
3681	H	HOMD
3682	H	no
3683	H	no
3684	H	no
3685	H	no
3686	H	HOMD
3687	H	no
3688	H	no
3689	H	no
3690	H	no
3691	H	HOMD
3692	H	no
3693	H	no
3694	H	no
3695	H	no
3696	H	no
3697	H	no
3698	H	no
3699	H	no
3700	H	no
3701	H	no
3702	H	no
3703	H	no
3704	H	no
3705	H	no
3706	H	no
3707	H	no
3708	H	no
3709	H	no
3710	H	no
3711	H	no
3712	H	no
3713	H	no
3714	H	no
3715	H	no
3716	H	no
3717	H	no
3718	H	no
3719	H	no
3720	H	no
3721	H	no
3722	H	no
3723	H	no
3724	H	no
3725	H	no
3726	H	no
3727	H	no
3728	H	no
3729	H	no
3730	H	no
3731	H	no
3732	H	no
3733	H	no
3734	H	no
3735	H	no
3736	H	no
3737	H	no
3738	H	no
3739	H	no
3740	H	no
3741	H	no
3742	H	no
3743	H	no
3744	H	HOMD
3745	H	HOMD
3746	H	no
3747	H	no
3748	H	no
3749	H	no
3750	H	HOMD
3751	H	no
3752	H	no
3753	G	no
3754	P	no
3755	U	no
3756	H	HOMD
3757	H	no
3758	Env	no
3759	H	no
3760	H	no
3761	U-R	no
3762	G	no
3763	H-G	no
3764	H	HOMD
3765	Env	no
3766	Env	no
3767	Env	no
3768	H	HOMD
3769	H	HOMD
3770	U	no
3771	U	no
3772	H	no
3773	H	no
3774	H	no
3775	H	HOMD
3776	H	HOMD
3777	H	no
3778	H	HOMD
3779	H	no
3780	H	no
3781	H	no
3782	H	no
3783	H	no
3784	H	no
3785	H	no
3786	H	no
3787	H	HOMD
3788	H	HOMD
3789	H	no
3790	H	HOMD
3791	H	no
3792	H	no
3793	H	HOMD
3794	H	HOMD
3795	H	HOMD
3796	H	no
3797	H	no
3798	N	no
3799	G	no
3800	H	HOMD
3801	G	no
3802	A	no
3803	H	HOMD
3804	A	no
3805	H	no
3806	H	HOMD
3807	H	no
3808	H	no
3809	H	no
3810	A	no
3811	H-N	no
3812	H	HOMD
3813	H	no
3814	P-G	no
3815	H	HOMD
3816	H	no
3817	H	HOMD
3818	G	no
3819	U	no
3820	H	no
3821	R	no
3822	H-A	HOMD
3823	H	no
3824	H	no
3825	H	HOMD
3826	H	no
3827	G	no
3828	H	no
3829	H	no
3830	H	no
3831	H	HOMD
3832	H	no
3833	H-N	HOMD
3834	H	no
3835	N	no
3836	H	no
3837	G	no
3838	H	no
3839	H-N	no
3840	H	no
3841	P-G	no
3842	H-N	no
3843	H	no
3844	H	no
3845	H	no
3846	Env	no
3847	U	no
3848	H	no
3849	A	no
3850	H	HOMD
3851	H	no
3852	H	no
3853	H	no
3854	H	no
3855	H	no
3856	H	no
3857	H-N	no
3858	H	no
3859	H	no
3860	H	no
3861	H	HOMD
3862	P	no
3863	H	no
3864	U	no
3865	H	no
3866	U	no
3867	U	no
3868	U	no
3869	Env	no
3870	Env	no
3871	H	HOMD
3872	H	no
3873	U	no
3874	U	no
3875	H	no
3876	H	HOMD
3877	P	no
3878	G	no
3879	H	no
3880	H	HOMD
3881	H	HOMD
3882	U	no
3883	Env	no
3884	Env	no
3885	H	no
3886	P	no
3887	H	no
3888	Env	no
3889	Env	no
3890	Env	no
3891	Env	no
3892	U	no
3893	H-N	no
3894	A	no
3895	H	HOMD
3896	H	no
3897	H	no
3898	H	no
3899	U	no
3900	H	no
3901	H	no
3902	H	no
3903	Env	no
3904	Env	no
