CMC001.B.bin.r.31	CMC
CMC001.B.bin.r.34	CMC
CMC001.B.bin.r.41	CMC
CMC001.B.bin.r.62	CMC
CMC001.B.bin.r.70	CMC
CMC001.B.bin.r.75	CMC
CMC001.B.bin.r.78	CMC
CMC003.B.bin.r.27	CMC
CMC003.B.bin.r.3	CMC
CMC003.B.bin.r.41	CMC
CMC003.B.bin.r.9	CMC
CMC004.B.bin.r.1	CMC
CMC004.B.bin.r.103	CMC
CMC004.B.bin.r.13	CMC
CMC004.B.bin.r.20	CMC
CMC004.B.bin.r.55	CMC
CMC004.B.bin.r.85	CMC
CMC004.B.bin.r.93	CMC
CMC004.B.bin.r.94	CMC
CMC006.B.bin.r.1	CMC
CMC006.B.bin.r.34	CMC
CMC006.B.bin.r.36	CMC
CMC006.B.bin.r.49	CMC
CMC006.B.bin.r.50	CMC
CMC006.B.bin.r.53	CMC
CMC006.B.bin.r.55	CMC
CMC007.B.bin.r.40	CMC
CMC007.B.bin.r.72	CMC
CMC007.B.bin.r.77	CMC
CMC007.B.bin.r.79	CMC
CMC008.B.bin.r.19	CMC
CMC008.B.bin.r.70	CMC
CMC009.A.bin.r.32	CMC
CMC009.A.bin.r.45	CMC
CMC009.A.bin.r.46	CMC
CMC009.A.bin.r.55	CMC
CMC009.A.bin.r.63	CMC
CMC009.A.bin.r.69	CMC
CMC009.B.bin.r.31	CMC
CMC009.B.bin.r.40	CMC
CMC009.B.bin.r.48	CMC
CMC009.B.bin.r.51	CMC
CMC009.B.bin.r.53	CMC
CMC009.B.bin.r.6	CMC
CMC010.B.bin.r.23	CMC
CMC010.B.bin.r.64	CMC
CMC010.B.bin.r.68	CMC
CMC010.B.bin.r.7	CMC
CMC010.B.bin.r.86	CMC
CMC010.B.bin.r.89	CMC
CMC011.B.bin.r.106	CMC
CMC011.B.bin.r.18	CMC
CMC011.B.bin.r.2	CMC
CMC011.B.bin.r.46	CMC
CMC011.B.bin.r.47	CMC
CMC011.B.bin.r.49	CMC
CMC011.B.bin.r.56	CMC
CMC011.B.bin.r.57	CMC
CMC011.B.bin.r.68	CMC
CMC011.B.bin.r.69	CMC
CMC011.B.bin.r.84	CMC
CMC011.B.bin.r.87	CMC
CMC012.B.bin.r.37	CMC
CMC012.B.bin.r.52	CMC
CMC012.B.bin.r.96	CMC
CMC013.B.bin.r.33	CMC
CMC013.B.bin.r.44	CMC
CMC013.B.bin.r.50	CMC
CMC016.B.bin.r.104	CMC
CMC016.B.bin.r.113	CMC
CMC016.B.bin.r.19	CMC
CMC016.B.bin.r.2	CMC
CMC016.B.bin.r.25	CMC
CMC016.B.bin.r.33	CMC
CMC016.B.bin.r.53	CMC
CMC016.B.bin.r.89	CMC
CMC017.B.bin.r.17	CMC
CMC017.B.bin.r.27	CMC
CMC017.B.bin.r.3	CMC
CMC017.B.bin.r.54	CMC
CMC017.B.bin.r.64	CMC
CMC017.B.bin.r.71	CMC
CMC017.B.bin.r.85	CMC
CMC017.B.bin.r.87	CMC
CMC017.B.bin.r.92	CMC
CMC018.B.bin.r.116	CMC
CMC018.B.bin.r.122	CMC
CMC018.B.bin.r.124	CMC
CMC018.B.bin.r.134	CMC
CMC018.B.bin.r.152	CMC
CMC018.B.bin.r.153	CMC
CMC018.B.bin.r.26	CMC
CMC018.B.bin.r.30	CMC
CMC018.B.bin.r.35	CMC
CMC018.B.bin.r.47	CMC
CMC018.B.bin.r.50	CMC
CMC018.B.bin.r.64	CMC
CMC018.B.bin.r.83	CMC
CMC018.B.bin.r.89	CMC
CMC020.B.bin.r.11	CMC
CMC020.B.bin.r.39	CMC
CMC020.B.bin.r.44	CMC
CMC021.B.bin.r.41	CMC
CMC021.B.bin.r.48	CMC
CMC021.B.bin.r.53	CMC
CMC021.B.bin.r.58	CMC
CMC021.B.bin.r.63	CMC
CMC021.B.bin.r.65	CMC
CMC021.B.bin.r.70	CMC
CMC022.B.bin.r.101	CMC
CMC022.B.bin.r.114	CMC
CMC022.B.bin.r.116	CMC
CMC022.B.bin.r.12	CMC
CMC022.B.bin.r.2	CMC
CMC022.B.bin.r.33	CMC
CMC022.B.bin.r.43	CMC
CMC022.B.bin.r.46	CMC
CMC022.B.bin.r.48	CMC
CMC022.B.bin.r.88	CMC
CMC022.B.bin.r.97	CMC
CMC022.B.bin.r.98	CMC
CMC023.A.bin.r.100	CMC
CMC023.A.bin.r.106	CMC
CMC023.A.bin.r.122	CMC
CMC023.A.bin.r.125	CMC
CMC023.A.bin.r.128	CMC
CMC023.A.bin.r.41	CMC
CMC023.A.bin.r.5	CMC
CMC023.A.bin.r.52	CMC
CMC023.A.bin.r.6	CMC
CMC023.A.bin.r.7	CMC
CMC023.A.bin.r.84	CMC
CMC023.A.bin.r.88	CMC
CMC023.B.bin.r.62	CMC
CMC023.B.bin.r.67	CMC
CMC023.B.bin.r.69	CMC
CMC024.B.bin.r.108	CMC
CMC024.B.bin.r.120	CMC
CMC024.B.bin.r.121	CMC
CMC024.B.bin.r.28	CMC
CMC024.B.bin.r.36	CMC
CMC024.B.bin.r.46	CMC
CMC024.B.bin.r.69	CMC
CMC024.B.bin.r.76	CMC
CMC024.B.bin.r.83	CMC
CMC024.B.bin.r.85	CMC
CMC025.B.bin.r.31	CMC
CMC025.B.bin.r.48	CMC
CMC025.B.bin.r.63	CMC
CMC025.B.bin.r.79	CMC
CMC025.B.bin.r.86	CMC
CMC025.B.bin.r.88	CMC
CMC025.B.bin.r.91	CMC
CMC025.B.bin.r.94	CMC
CMC026.B.bin.r.13	CMC
CMC026.B.bin.r.25	CMC
CMC026.B.bin.r.33	CMC
CMC026.B.bin.r.34	CMC
CMC026.B.bin.r.41	CMC
CMC026.B.bin.r.58	CMC
CMC026.B.bin.r.92	CMC
CMC027.B.bin.r.1	CMC
CMC027.B.bin.r.104	CMC
CMC027.B.bin.r.106	CMC
CMC027.B.bin.r.108	CMC
CMC027.B.bin.r.14	CMC
CMC027.B.bin.r.19	CMC
CMC027.B.bin.r.31	CMC
CMC027.B.bin.r.33	CMC
CMC027.B.bin.r.38	CMC
CMC027.B.bin.r.48	CMC
CMC027.B.bin.r.72	CMC
CMC027.B.bin.r.74	CMC
CMC027.B.bin.r.94	CMC
CMC028.B.bin.r.14	CMC
CMC028.B.bin.r.22	CMC
CMC028.B.bin.r.62	CMC
CMC028.B.bin.r.91	CMC
CMC028.B.bin.r.93	CMC
CMC029.B.bin.r.49	CMC
CMC029.B.bin.r.51	CMC
CMC030.B.bin.r.12	CMC
CMC031.B.bin.r.14	CMC
CMC031.B.bin.r.20	CMC
CMC031.B.bin.r.21	CMC
CMC033.B.bin.r.40	CMC
CMC033.B.bin.r.48	CMC
CMC033.B.bin.r.54	CMC
CMC033.B.bin.r.79	CMC
CMC034.B.bin.r.34	CMC
CMC034.B.bin.r.61	CMC
CMC034.B.bin.r.78	CMC
CMC035.B.bin.r.104	CMC
CMC035.B.bin.r.27	CMC
CMC035.B.bin.r.36	CMC
CMC035.B.bin.r.38	CMC
CMC035.B.bin.r.8	CMC
CMC035.B.bin.r.86	CMC
CMC036.B.bin.r.6	CMC
CMC037.B.bin.r.20	CMC
CMC038.A.bin.r.102	CMC
CMC038.A.bin.r.106	CMC
CMC038.A.bin.r.111	CMC
CMC038.A.bin.r.113	CMC
CMC038.A.bin.r.33	CMC
CMC038.A.bin.r.64	CMC
CMC038.A.bin.r.72	CMC
CMC038.B.bin.r.116	CMC
CMC038.B.bin.r.132	CMC
CMC038.B.bin.r.135	CMC
CMC038.B.bin.r.147	CMC
CMC038.B.bin.r.148	CMC
CMC038.B.bin.r.36	CMC
CMC038.B.bin.r.79	CMC
CMC039.B.bin.r.13	CMC
CMC039.B.bin.r.52	CMC
CMC039.B.bin.r.61	CMC
CMC039.B.bin.r.68	CMC
CMC039.B.bin.r.70	CMC
CMC039.B.bin.r.71	CMC
CMC039.B.bin.r.73	CMC
CMC040.B.bin.r.16	CMC
CMC040.B.bin.r.31	CMC
CMC040.B.bin.r.5	CMC
CMC040.B.bin.r.88	CMC
CMC042.B.bin.r.21	CMC
CMC042.B.bin.r.24	CMC
CMC042.B.bin.r.71	CMC
CMC042.B.bin.r.80	CMC
CMC043.B.bin.r.30	CMC
CMC043.B.bin.r.48	CMC
CMC043.B.bin.r.52	CMC
CMC043.B.bin.r.57	CMC
CMC043.B.bin.r.60	CMC
CMC043.B.bin.r.61	CMC
CMC045.B.bin.r.19	CMC
CMC045.B.bin.r.47	CMC
CMC045.B.bin.r.55	CMC
CMC045.B.bin.r.71	CMC
CMC045.B.bin.r.75	CMC
CMC045.B.bin.r.78	CMC
CMC046.B.bin.r.24	CMC
CMC046.B.bin.r.4	CMC
CMC046.B.bin.r.51	CMC
CMC046.B.bin.r.55	CMC
CMC046.B.bin.r.58	CMC
ERS11702721.bin.r.1	anccalc
ERS11702722.bin.r.3	anccalc
ERS11702723.bin.r.2	anccalc
ERS11702727.bin.r.6	anccalc
ERS11702732.bin.r.4	anccalc
ERS11702740.bin.r.3	anccalc
ERS11702741.bin.r.3	anccalc
ERS11702741.bin.r.7	anccalc
ERS11702747.bin.r.6	anccalc
ERS11702747.bin.r.8	anccalc
ERS11702756.bin.r.1	anccalc
ERS11702761.bin.r.4	anccalc
ERS11702762.bin.r.3	anccalc
ERS11702767.bin.r.7	anccalc
ERS11702768.bin.r.1	anccalc
ERS11702769.bin.r.10	anccalc
ERS11702769.bin.r.9	anccalc
ERS11702772.bin.r.3	anccalc
ERS11702772.bin.r.5	anccalc
ERS11702774.bin.r.11	anccalc
ERS11702774.bin.r.12	anccalc
ERS11702774.bin.r.3	anccalc
ERS11702776.bin.r.15	anccalc
ERS11702777.bin.r.8	anccalc
ERS11702778.bin.r.6	anccalc
ERS11702787.bin.r.2	anccalc
ERS11702789.bin.r.10	anccalc
ERS11702802.bin.r.7	anccalc
ERS11702805.bin.r.7	anccalc
ERS11702810.bin.r.1	anccalc
ERS11702810.bin.r.10	anccalc
ERS11702810.bin.r.4	anccalc
ERS11702812.bin.r.2	anccalc
ERS11702812.bin.r.8	anccalc
ERS11702814.bin.r.4	anccalc
ERS1202864.bin.r.2	clp
ERS1202864.bin.r.9	clp
ERS1202865.bin.r.6	clp
ERS1202866.bin.r.32	clp
ERS1202866.bin.r.33	clp
ERS1202866.bin.r.5	clp
ERS1202866.bin.r.7	clp
ERS1202878.bin.r.15	clp
ERS1202878.bin.r.21	clp
ERS1202878.bin.r.22	clp
ERS1202878.bin.r.23	clp
ERS1202882.bin.r.2	clp
ERS1202882.bin.r.7	clp
ERS1202883.bin.r.13	clp
ERS12516931.bin.r.11	clp
ERS12516933.bin.r.13	clp
ERS12516933.bin.r.16	clp
ERS12516935.bin.r.45	clp
ERS12516935.bin.r.51	clp
ERS12516936.bin.r.1	clp
ERS12516936.bin.r.16	clp
ERS12516936.bin.r.17	clp
ERS12516936.bin.r.2	clp
ERS12516936.bin.r.28	clp
ERS12516936.bin.r.9	clp
ERS12516937.bin.r.26	clp
ERS12516937.bin.r.4	clp
ERS12516938.bin.r.13	clp
ERS12516939.bin.r.1	clp
ERS12516939.bin.r.45	clp
ERS12516940.bin.r.30	clp
ERS12516940.bin.r.7	clp
ERS12516941.bin.r.1	clp
ERS12516941.bin.r.17	clp
ERS12516942.bin.r.10	clp
ERS12516944.bin.r.26	clp
ERS12516946.bin.r.18	clp
ERS12516946.bin.r.21	clp
ERS12516947.bin.r.10	clp
ERS12516947.bin.r.23	clp
ERS12516948.bin.r.11	clp
ERS12516948.bin.r.14	clp
ERS12516948.bin.r.18	clp
ERS12516948.bin.r.7	clp
ERS12516949.bin.r.16	clp
ERS12516949.bin.r.17	clp
ERS12516949.bin.r.3	clp
ERS12516950.bin.r.17	clp
ERS12516950.bin.r.18	clp
ERS12516950.bin.r.20	clp
ERS12516951.bin.r.25	clp
ERS12516951.bin.r.3	clp
ERS12516952.bin.r.11	clp
ERS12516953.bin.r.16	clp
ERS12516953.bin.r.8	clp
ERS12516955.bin.r.42	clp
ERS12516955.bin.r.45	clp
ERS12516955.bin.r.49	clp
ERS12516958.bin.r.11	clp
ERS12516958.bin.r.2	clp
ERS12516959.bin.r.15	clp
ERS12516959.bin.r.4	clp
ERS12516962.bin.r.15	clp
ERS12516962.bin.r.30	clp
ERS12516962.bin.r.32	clp
ERS12516962.bin.r.42	clp
ERS12516962.bin.r.71	clp
ERS12516962.bin.r.89	clp
ERS12516962.bin.r.90	clp
ERS12516963.bin.r.29	clp
ERS12516963.bin.r.3	clp
ERS12516963.bin.r.32	clp
ERS12516963.bin.r.47	clp
ERS12516963.bin.r.52	clp
ERS12516963.bin.r.53	clp
ERS12516964.bin.r.22	clp
ERS12516964.bin.r.27	clp
ERS12516964.bin.r.49	clp
ERS12516966.bin.r.15	clp
ERS12516966.bin.r.23	clp
ERS12516967.bin.r.10	clp
ERS12516967.bin.r.23	clp
ERS12516967.bin.r.24	clp
ERS12516967.bin.r.28	clp
ERS12516967.bin.r.37	clp
ERS12516967.bin.r.63	clp
ERS12516968.bin.r.16	clp
ERS12516968.bin.r.45	clp
ERS12516968.bin.r.9	clp
ERS12516969.bin.r.21	clp
ERS12516969.bin.r.22	clp
ERS12516969.bin.r.28	clp
ERS12516969.bin.r.33	clp
ERS12516969.bin.r.5	clp
ERS12516970.bin.r.104	clp
ERS12516970.bin.r.114	clp
ERS12516970.bin.r.136	clp
ERS12516970.bin.r.139	clp
ERS12516970.bin.r.142	clp
ERS12516970.bin.r.147	clp
ERS12516970.bin.r.3	clp
ERS12516970.bin.r.39	clp
ERS12516970.bin.r.46	clp
ERS12516970.bin.r.56	clp
ERS12516970.bin.r.60	clp
ERS12516970.bin.r.62	clp
ERS12516970.bin.r.78	clp
ERS12516970.bin.r.8	clp
ERS12516972.bin.r.1	clp
ERS12516972.bin.r.10	clp
ERS12516972.bin.r.9	clp
ERS12516973.bin.r.29	clp
ERS12516974.bin.r.14	clp
ERS12516974.bin.r.17	clp
ERS12516974.bin.r.21	clp
ERS12516975.bin.r.21	clp
ERS12516975.bin.r.22	clp
ERS12516975.bin.r.27	clp
ERS12516976.bin.r.46	clp
ERS12516978.bin.r.59	clp
ERS12516978.bin.r.6	clp
ERS12516978.bin.r.62	clp
ERS12516978.bin.r.63	clp
ERS12516978.bin.r.67	clp
ERS12516979.bin.r.3	clp
ERS12516979.bin.r.37	clp
ERS12516980.bin.r.51	clp
ERS12516980.bin.r.6	clp
ERS12516980.bin.r.63	clp
ERS12516981.bin.r.13	clp
ERS12516982.bin.r.10	clp
ERS12516982.bin.r.17	clp
ERS12516982.bin.r.2	clp
ERS12516982.bin.r.20	clp
ERS12516982.bin.r.21	clp
ERS12516983.bin.r.17	clp
ERS12516985.bin.r.36	clp
ERS12516986.bin.r.21	clp
ERS12516989.bin.r.20	clp
ERS12516991.bin.r.10	clp
ERS12516992.bin.r.20	clp
ERS12516992.bin.r.36	clp
ERS12516992.bin.r.44	clp
ERS12516992.bin.r.62	clp
ERS12516992.bin.r.9	clp
ERS12516993.bin.r.20	clp
ERS12516993.bin.r.42	clp
ERS12516993.bin.r.44	clp
ERS12516993.bin.r.46	clp
ERS12516993.bin.r.49	clp
ERS12516993.bin.r.50	clp
ERS12516993.bin.r.53	clp
ERS13439323.bin.r.4	anccalc
ERS2985743.bin.r.16	anccalc
ERS2985743.bin.r.18	anccalc
ERS2985743.bin.r.9	anccalc
ERS2985744.bin.r.5	anccalc
ERS2985745.bin.r.1	anccalc
ERS2985746.bin.r.6	anccalc
ERS2985747.bin.r.1	anccalc
ERS2985748.bin.r.3	anccalc
ERS2985749.bin.r.16	anccalc
ERS2985749.bin.r.19	anccalc
ERS2985749.bin.r.20	anccalc
ERS2985749.bin.r.8	anccalc
ERS2985750.bin.r.10	anccalc
ERS2985750.bin.r.7	anccalc
ERS2985753.bin.r.2	anccalc
ERS2985754.bin.r.10	anccalc
ERS2985754.bin.r.9	anccalc
ERS2985755.bin.r.5	anccalc
ERS2985756.bin.r.12	anccalc
ERS2985757.bin.r.6	anccalc
ERS2985757.bin.r.9	anccalc
ERS2985759.bin.r.13	anccalc
ERS2985759.bin.r.3	anccalc
ERS2985760.bin.r.12	anccalc
ERS2985761.bin.r.12	anccalc
ERS2985761.bin.r.5	anccalc
ERS2985763.bin.r.3	anccalc
ERS2985764.bin.r.2	anccalc
ERS2985769.bin.r.13	anccalc
ERS2985769.bin.r.3	anccalc
ERS2985769.bin.r.5	anccalc
ERS2985769.bin.r.6	anccalc
ERS2985771.bin.r.6	anccalc
ERS2985773.bin.r.15	anccalc
ERS2985773.bin.r.6	anccalc
ERS2985775.bin.r.12	anccalc
ERS2985775.bin.r.16	anccalc
ERS2985775.bin.r.7	anccalc
ERS2985776.bin.r.10	anccalc
ERS2985777.bin.r.2	anccalc
ERS2985778.bin.r.2	anccalc
ERS2985780.bin.r.2	anccalc
ERS2985783.bin.r.4	anccalc
ERS2985783.bin.r.7	anccalc
ERS2985784.bin.r.15	anccalc
ERS2985784.bin.r.18	anccalc
ERS3395764.bin.r.25	modcalc
ERS3395766.bin.r.26	modcalc
ERS3395766.bin.r.27	modcalc
ERS3395767.bin.r.13	modcalc
ERS3395767.bin.r.27	modcalc
ERS3395767.bin.r.28	modcalc
ERS3395768.bin.r.24	modcalc
ERS3395769.bin.r.10	modcalc
ERS3395769.bin.r.30	modcalc
ERS3395770.bin.r.20	modcalc
ERS3395770.bin.r.6	modcalc
ERS3395771.bin.r.2	modcalc
ERS3395771.bin.r.22	modcalc
ERS3395772.bin.r.13	modcalc
ERS3395772.bin.r.32	modcalc
ERS3395773.bin.r.24	modcalc
ERS3395773.bin.r.33	modcalc
ERS3636007.bin.r.2	anccalc
ERS3636092.bin.r.2	anccalc
ERS3774378.bin.r.21	anccalc
ERS3774379.bin.r.31	anccalc
ERS3774386.bin.r.6	anccalc
ERS3774391.bin.r.12	anccalc
ERS3774395.bin.r.3	anccalc
ERS3774400.bin.r.4	anccalc
ERS3774413.bin.r.1	anccalc
ERS3774419.bin.r.3	anccalc
ERS3774419.bin.r.6	anccalc
ERS3774420.bin.r.2	anccalc
ERS3774422.bin.r.19	anccalc
ERS3774422.bin.r.26	anccalc
ERS3774424.bin.r.5	anccalc
ERS3774425.bin.r.8	anccalc
ERS3774428.bin.r.1	anccalc
ERS3774447.bin.r.4	anccalc
ERS3774448.bin.r.3	anccalc
ERS3774448.bin.r.7	anccalc
ERS3774449.bin.r.2	anccalc
ERS3774449.bin.r.3	anccalc
ERS3774450.bin.r.10	anccalc
ERS3774450.bin.r.11	anccalc
ERS3774450.bin.r.6	anccalc
ERS3774458.bin.r.13	anccalc
ERS3774458.bin.r.3	anccalc
ERS3774458.bin.r.6	anccalc
ERS3774463.bin.r.6	anccalc
ERS3774464.bin.r.24	anccalc
ERS3774464.bin.r.28	anccalc
ERS3774470.bin.r.6	anccalc
ERS3774473.bin.r.1	anccalc
ERS3774475.bin.r.1	anccalc
ERS3774477.bin.r.3	anccalc
ERS3774478.bin.r.1	anccalc
ERS3774483.bin.r.3	anccalc
ERS3774484.bin.r.1	anccalc
ERS3774485.bin.r.25	modcalc
ERS3774488.bin.r.15	modcalc
ERS3774488.bin.r.16	modcalc
ERS3774488.bin.r.33	modcalc
ERS3774488.bin.r.4	modcalc
ERS3774488.bin.r.5	modcalc
ERS3774489.bin.r.1	modcalc
ERS3774489.bin.r.31	modcalc
ERS3774489.bin.r.38	modcalc
ERS3774490.bin.r.1	modcalc
ERS3774490.bin.r.34	modcalc
ERS3774490.bin.r.35	modcalc
ERS3774491.bin.r.1	modcalc
ERS3774491.bin.r.20	modcalc
ERS3774491.bin.r.34	modcalc
ERS3774491.bin.r.7	modcalc
ERS3774492.bin.r.14	modcalc
ERS3774492.bin.r.3	modcalc
ERS3887046.bin.r.2	anccalc
ERS4042406.bin.r.16	anccalc
ERS4042406.bin.r.22	anccalc
ERS4042406.bin.r.27	anccalc
ERS4042419.bin.r.4	anccalc
ERS4042423.bin.r.1	anccalc
ERS4042423.bin.r.4	anccalc
ERS4042427.bin.r.19	anccalc
ERS4042431.bin.r.15	anccalc
ERS4042431.bin.r.4	anccalc
ERS4545913.bin.r.5	anccalc
ERS4545917.bin.r.5	anccalc
ERS4545919.bin.r.1	anccalc
ERS6205385.bin.r.2	anccalc
ERS6205385.bin.r.5	anccalc
ERS6205390.bin.r.2	anccalc
ERS6205390.bin.r.5	anccalc
ERS6205391.bin.r.4	anccalc
ERS6205396.bin.r.5	anccalc
ERS6205397.bin.r.12	anccalc
ERS6205399.bin.r.13	anccalc
ERS6205399.bin.r.8	anccalc
ERS6256686.bin.r.9	anccalc
ERS6256687.bin.r.7	anccalc
ERS6256687.bin.r.9	anccalc
ERS6256688.bin.r.13	anccalc
ERS6256688.bin.r.16	anccalc
ERS6256688.bin.r.18	anccalc
ERS6256689.bin.r.6	anccalc
ERS6256691.bin.r.2	anccalc
ERS6256692.bin.r.7	anccalc
ERS6256697.bin.r.1	anccalc
ERS6256697.bin.r.11	anccalc
ERS6256698.bin.r.12	anccalc
ERS6256698.bin.r.16	anccalc
ERS6256698.bin.r.21	anccalc
ERS6256698.bin.r.4	anccalc
ERS6256698.bin.r.8	anccalc
ERS6256699.bin.r.25	anccalc
ERS6256699.bin.r.26	anccalc
ERS6256700.bin.r.4	anccalc
ERS6256704.bin.r.8	anccalc
ERS6256705.bin.r.5	anccalc
ERS6256705.bin.r.6	anccalc
ERS6256706.bin.r.14	anccalc
ERS6256706.bin.r.9	anccalc
ERS6256708.bin.r.6	anccalc
ERS6256709.bin.r.4	anccalc
ERS6256709.bin.r.9	anccalc
ERS6256711.bin.r.1	anccalc
ERS6256712.bin.r.10	anccalc
ERS6256712.bin.r.3	anccalc
ERS6256712.bin.r.7	anccalc
ERS6256712.bin.r.9	anccalc
ERS6256713.bin.r.13	anccalc
ERS6256714.bin.r.7	anccalc
ERS6256716.bin.r.14	anccalc
ERS6256716.bin.r.9	anccalc
ERS6256717.bin.r.7	anccalc
ERS6256718.bin.r.13	anccalc
ERS6256719.bin.r.11	anccalc
ERS6256721.bin.r.4	anccalc
ERS6256721.bin.r.6	anccalc
ERS6256722.bin.r.7	anccalc
ERS6256724.bin.r.6	anccalc
ERS6256726.bin.r.10	anccalc
ERS6256726.bin.r.8	anccalc
ERS6636099.bin.r.18	anccalc
ERS6636099.bin.r.24	anccalc
ERS6636099.bin.r.6	anccalc
ERS6955103.bin.r.2	anccalc
ERS6955103.bin.r.3	anccalc
ERS6955103.bin.r.5	anccalc
ERS6955103.bin.r.6	anccalc
ERS6955106.bin.r.2	anccalc
ERS6955107.bin.r.1	anccalc
ERS6955108.bin.r.16	anccalc
ERS6955109.bin.r.2	anccalc
ERS6955109.bin.r.5	anccalc
ERS6955109.bin.r.6	anccalc
ERS6955110.bin.r.10	anccalc
ERS6955111.bin.r.2	anccalc
ERS6955114.bin.r.22	anccalc
ERS6955114.bin.r.23	anccalc
ERS6955115.bin.r.11	anccalc
ERS6955118.bin.r.5	anccalc
ERS6955118.bin.r.6	anccalc
ERS6955118.bin.r.8	anccalc
ERS6955119.bin.r.3	anccalc
ERS6955121.bin.r.15	anccalc
ERS6955121.bin.r.8	anccalc
ERS6955127.bin.r.9	anccalc
ERS6955128.bin.r.6	anccalc
ERS6955133.bin.r.13	anccalc
ERS6955136.bin.r.7	anccalc
ERS6955138.bin.r.12	anccalc
ERS6955139.bin.r.10	anccalc
ERS6955139.bin.r.17	anccalc
ERS6955139.bin.r.19	anccalc
ERS6955141.bin.r.1	anccalc
ERS6955141.bin.r.2	anccalc
ERS6955142.bin.r.24	anccalc
ERS6955143.bin.r.10	anccalc
ERS6955143.bin.r.14	anccalc
ERS6955143.bin.r.2	anccalc
ERS6955143.bin.r.5	anccalc
ERS6955143.bin.r.9	anccalc
ERS6955145.bin.r.1	anccalc
ERS6955147.bin.r.3	anccalc
ERS6955148.bin.r.21	anccalc
ERS6955149.bin.r.1	anccalc
ERS6955150.bin.r.5	anccalc
ERS6955151.bin.r.4	anccalc
ERS6955152.bin.r.3	anccalc
ERS6955154.bin.r.17	anccalc
ERS6955154.bin.r.4	anccalc
ERS6955156.bin.r.3	anccalc
ERS6955156.bin.r.6	anccalc
ERS6955156.bin.r.8	anccalc
ERS6955156.bin.r.9	anccalc
ERS6955158.bin.r.8	anccalc
ERS6955158.bin.r.9	anccalc
ERS6955163.bin.r.5	anccalc
ERS6955165.bin.r.25	anccalc
ERS6955165.bin.r.3	anccalc
ERS6955169.bin.r.2	anccalc
ERS6955170.bin.r.4	anccalc
ERS6955174.bin.r.7	anccalc
ERS6955178.bin.r.4	anccalc
ERS6955180.bin.r.8	anccalc
ERS9656248.bin.r.4	anccalc
ERS9656248.bin.r.9	anccalc
ERS9656253.bin.r.3	anccalc
ERS9656258.bin.r.1	anccalc
ERSX0002001.bin.r.2	anccalc
ERSX0002001.bin.r.22	anccalc
ERSX0002001.bin.r.58	anccalc
ERSX0002001.bin.r.61	anccalc
ERSX0002001.bin.r.62	anccalc
ERSX0002001.bin.r.63	anccalc
ERSX0002001.bin.r.65	anccalc
ERSX0003001.bin.r.18	anccalc
ERSX0003001.bin.r.28	anccalc
ERSX0003001.bin.r.36	anccalc
ERSX0003001.bin.r.38	anccalc
ERSX0003002.bin.r.5	anccalc
ERSX0003003.bin.r.29	anccalc
ERSX0003003.bin.r.44	anccalc
ERSX0003003.bin.r.54	anccalc
ERSX0003003.bin.r.58	anccalc
ERSX0004006.bin.r.5	anccalc
ERSX0004010.bin.r.3	anccalc
ERSX0004013.bin.r.5	anccalc
ERSX0004016.bin.r.12	anccalc
ERSX0004020.bin.r.10	anccalc
ERSX0004033.bin.r.1	anccalc
ERSX0004033.bin.r.5	anccalc
ERSX0004038.bin.r.1	anccalc
ERSX0004059.bin.r.5	anccalc
ERSX0004062.bin.r.3	anccalc
ERSX0004073.bin.r.10	anccalc
ERSX0004073.bin.r.2	anccalc
ERSX0004074.bin.r.6	anccalc
ERSX0004074.bin.r.7	anccalc
ERSX0004078.bin.r.2	anccalc
ERSX0004081.bin.r.4	anccalc
ERSX0004084.bin.r.5	anccalc
ERSX0004085.bin.r.3	anccalc
ERSX0004091.bin.r.1	anccalc
ERSX0004097.bin.r.1	anccalc
ERSX0004102.bin.r.10	anccalc
ERSX0004102.bin.r.3	anccalc
ERSX0004102.bin.r.6	anccalc
ERSX0004103.bin.r.9	anccalc
ERSX0004106.bin.r.2	anccalc
ERSX0004109.bin.r.2	anccalc
GWHAPOQ00000000	zhu
GWHAPQG00000000	zhu
GWHAPUI00000000	zhu
GWHAPWH00000000	zhu
GWHAPWY00000000	zhu
GWHAPZX00000000	zhu
GWHAQDL00000000	zhu
GWHAQDY00000000	zhu
GWHAQEO00000000	zhu
GWHAQHE00000000	zhu
GWHAQHI00000000	zhu
GWHAQKE00000000	zhu
GWHAQKJ00000000	zhu
GWHAQOP00000000	zhu
GWHAQQC00000000	zhu
GWHAQTC00000000	zhu
GWHAQVP00000000	zhu
GWHAQXZ00000000	zhu
GWHARCN00000000	zhu
GWHAREJ00000000	zhu
GWHARER00000000	zhu
GWHARFP00000000	zhu
GWHARGB00000000	zhu
GWHARGQ00000000	zhu
GWHARJA00000000	zhu
GWHARKY00000000	zhu
GWHAROG00000000	zhu
GWHARPE00000000	zhu
GWHARSG00000000	zhu
GWHARSZ00000000	zhu
GWHARWP00000000	zhu
GWHARWQ00000000	zhu
GWHARXH00000000	zhu
GWHARXS00000000	zhu
GWHARYF00000000	zhu
GWHARYO00000000	zhu
SEQF10018.1	homd
SEQF10019.1	homd
SEQF10020.1	homd
SEQF10021.1	homd
SEQF10022.1	homd
SEQF10023.1	homd
SEQF10024.1	homd
SEQF10025.1	homd
SEQF10026.1	homd
SEQF10027.1	homd
SEQF10028.1	homd
SEQF10029.1	homd
SEQF10030.1	homd
SEQF10031.1	homd
SEQF10032.1	homd
SEQF10033.1	homd
SEQF10034.1	homd
SEQF10035.1	homd
SEQF10036.1	homd
SEQF10037.1	homd
SEQF10038.1	homd
SEQF10039.1	homd
SEQF10040.1	homd
SEQF10041.1	homd
SEQF10042.1	homd
SEQF10043.1	homd
SEQF10044.1	homd
SEQF10045.1	homd
SEQF10046.1	homd
SEQF10047.1	homd
SEQF10048.1	homd
SEQF10049.1	homd
SEQF10050.1	homd
SEQF10051.1	homd
SEQF10052.1	homd
SEQF10053.1	homd
SEQF10054.1	homd
SEQF10055.1	homd
SEQF10056.1	homd
SEQF10057.1	homd
SEQF10058.1	homd
SEQF10059.1	homd
SEQF10060.1	homd
SEQF10061.1	homd
SEQF10062.1	homd
SEQF10063.1	homd
SEQF10064.1	homd
SEQF10065.1	homd
SEQF10066.1	homd
SEQF10067.1	homd
SEQF10068.1	homd
SEQF10069.1	homd
SEQF10070.1	homd
SEQF10071.1	homd
SEQF10072.1	homd
SEQF10073.1	homd
SEQF10074.1	homd
SEQF10075.1	homd
SEQF10076.1	homd
SEQF10077.1	homd
SEQF10078.1	homd
SEQF10079.1	homd
SEQF10080.1	homd
SEQF10081.1	homd
SEQF10082.1	homd
SEQF10083.1	homd
SEQF10084.1	homd
SEQF10085.1	homd
SEQF10086.1	homd
SEQF10087.1	homd
SEQF10088.1	homd
SEQF10089.1	homd
SEQF10090.1	homd
SEQF10091.1	homd
SEQF10105.1	homd
SEQF10106.1	homd
SEQF1014.1	homd
SEQF10154.1	homd
SEQF10155.1	homd
SEQF10156.1	homd
SEQF10157.1	homd
SEQF10158.1	homd
SEQF10159.1	homd
SEQF10160.1	homd
SEQF10161.1	homd
SEQF10162.2	homd
SEQF10163.1	homd
SEQF10164.1	homd
SEQF10165.1	homd
SEQF10166.1	homd
SEQF10167.1	homd
SEQF10168.1	homd
SEQF10169.1	homd
SEQF10170.1	homd
SEQF10171.1	homd
SEQF10172.1	homd
SEQF10173.1	homd
SEQF10174.1	homd
SEQF10175.1	homd
SEQF10176.1	homd
SEQF10177.1	homd
SEQF10178.1	homd
SEQF10179.1	homd
SEQF10180.1	homd
SEQF10181.1	homd
SEQF10182.1	homd
SEQF10183.1	homd
SEQF10184.1	homd
SEQF10185.1	homd
SEQF10186.1	homd
SEQF10187.1	homd
SEQF10188.1	homd
SEQF10189.1	homd
SEQF10190.1	homd
SEQF10191.1	homd
SEQF10192.1	homd
SEQF10193.1	homd
SEQF10194.1	homd
SEQF10195.1	homd
SEQF10196.1	homd
SEQF10197.1	homd
SEQF10198.1	homd
SEQF10199.1	homd
SEQF10200.1	homd
SEQF10201.1	homd
SEQF10202.1	homd
SEQF10203.1	homd
SEQF10204.1	homd
SEQF10205.1	homd
SEQF10206.1	homd
SEQF10207.1	homd
SEQF10208.1	homd
SEQF10209.1	homd
SEQF10210.1	homd
SEQF10211.1	homd
SEQF1025.1	homd
SEQF1026.1	homd
SEQF1027.1	homd
SEQF1032.1	homd
SEQF1034.2	homd
SEQF1035.1	homd
SEQF1037.1	homd
SEQF1038.1	homd
SEQF1041.1	homd
SEQF1050.1	homd
SEQF1051.1	homd
SEQF1052.1	homd
SEQF1053.2	homd
SEQF1054.1	homd
SEQF1055.1	homd
SEQF1056.1	homd
SEQF1057.1	homd
SEQF1059.1	homd
SEQF1062.1	homd
SEQF1073.1	homd
SEQF1080.1	homd
SEQF1082.1	homd
SEQF1083.1	homd
SEQF1086.1	homd
SEQF1087.1	homd
SEQF1092.1	homd
SEQF1095.1	homd
SEQF1096.1	homd
SEQF1099.1	homd
SEQF1104.1	homd
SEQF1109.1	homd
SEQF1116.1	homd
SEQF1120.1	homd
SEQF1121.1	homd
SEQF1129.1	homd
SEQF1130.1	homd
SEQF1132.2	homd
SEQF1137.1	homd
SEQF1139.2	homd
SEQF1140.1	homd
SEQF1141.1	homd
SEQF1143.1	homd
SEQF1150.1	homd
SEQF1151.1	homd
SEQF1153.1	homd
SEQF1161.1	homd
SEQF1164.1	homd
SEQF1167.1	homd
SEQF1170.1	homd
SEQF1173.1	homd
SEQF1179.2	homd
SEQF1180.1	homd
SEQF1181.1	homd
SEQF1182.1	homd
SEQF1185.1	homd
SEQF1186.1	homd
SEQF1187.1	homd
SEQF1188.2	homd
SEQF1189.1	homd
SEQF1191.1	homd
SEQF1192.3	homd
SEQF1193.1	homd
SEQF1194.1	homd
SEQF1196.1	homd
SEQF1197.1	homd
SEQF1198.1	homd
SEQF1199.1	homd
SEQF1200.1	homd
SEQF1203.1	homd
SEQF1205.1	homd
SEQF1206.1	homd
SEQF1207.1	homd
SEQF1208.2	homd
SEQF1213.1	homd
SEQF1217.2	homd
SEQF1218.2	homd
SEQF1219.1	homd
SEQF1220.1	homd
SEQF1246.1	homd
SEQF1247.1	homd
SEQF1249.1	homd
SEQF1250.1	homd
SEQF1252.1	homd
SEQF1254.1	homd
SEQF1255.1	homd
SEQF1260.1	homd
SEQF1262.2	homd
SEQF1263.1	homd
SEQF1265.1	homd
SEQF1267.1	homd
SEQF1271.1	homd
SEQF1272.1	homd
SEQF1286.1	homd
SEQF1289.1	homd
SEQF1295.1	homd
SEQF1297.1	homd
SEQF1298.1	homd
SEQF1300.1	homd
SEQF1301.1	homd
SEQF1302.1	homd
SEQF1303.1	homd
SEQF1310.1	homd
SEQF1311.1	homd
SEQF1312.1	homd
SEQF1313.1	homd
SEQF1314.1	homd
SEQF1315.1	homd
SEQF1316.1	homd
SEQF1317.1	homd
SEQF1318.1	homd
SEQF1319.1	homd
SEQF1320.1	homd
SEQF1322.1	homd
SEQF1324.1	homd
SEQF1326.1	homd
SEQF1328.1	homd
SEQF1331.1	homd
SEQF1332.1	homd
SEQF1333.1	homd
SEQF1334.1	homd
SEQF1335.1	homd
SEQF1336.1	homd
SEQF1337.1	homd
SEQF1338.1	homd
SEQF1341.1	homd
SEQF1342.2	homd
SEQF1343.1	homd
SEQF1344.1	homd
SEQF1345.1	homd
SEQF1346.1	homd
SEQF1349.1	homd
SEQF1350.1	homd
SEQF1355.1	homd
SEQF1356.1	homd
SEQF1357.1	homd
SEQF1358.1	homd
SEQF1359.1	homd
SEQF1360.1	homd
SEQF1361.2	homd
SEQF1362.1	homd
SEQF1363.1	homd
SEQF1364.1	homd
SEQF1365.1	homd
SEQF1369.2	homd
SEQF1376.1	homd
SEQF1380.2	homd
SEQF1384.1	homd
SEQF1395.1	homd
SEQF1398.1	homd
SEQF1399.1	homd
SEQF1400.1	homd
SEQF1401.1	homd
SEQF1402.1	homd
SEQF1403.1	homd
SEQF1404.1	homd
SEQF1405.1	homd
SEQF1406.1	homd
SEQF1407.1	homd
SEQF1408.2	homd
SEQF1419.1	homd
SEQF1429.1	homd
SEQF1430.1	homd
SEQF1431.1	homd
SEQF1433.1	homd
SEQF1449.1	homd
SEQF1456.2	homd
SEQF1457.1	homd
SEQF1459.1	homd
SEQF1468.1	homd
SEQF1469.1	homd
SEQF1479.1	homd
SEQF1481.1	homd
SEQF1485.2	homd
SEQF1486.2	homd
SEQF1487.1	homd
SEQF1488.1	homd
SEQF1489.1	homd
SEQF1490.1	homd
SEQF1491.1	homd
SEQF1492.1	homd
SEQF1493.3	homd
SEQF1494.1	homd
SEQF1495.2	homd
SEQF1498.1	homd
SEQF1499.1	homd
SEQF1503.2	homd
SEQF1504.1	homd
SEQF1507.1	homd
SEQF1508.1	homd
SEQF1509.1	homd
SEQF1510.1	homd
SEQF1511.1	homd
SEQF1512.1	homd
SEQF1513.1	homd
SEQF1514.1	homd
SEQF1515.1	homd
SEQF1516.1	homd
SEQF1517.1	homd
SEQF1518.1	homd
SEQF1519.1	homd
SEQF1523.1	homd
SEQF1524.1	homd
SEQF1525.1	homd
SEQF1526.1	homd
SEQF1527.1	homd
SEQF1528.1	homd
SEQF1529.1	homd
SEQF1530.1	homd
SEQF1531.1	homd
SEQF1532.1	homd
SEQF1536.1	homd
SEQF1543.1	homd
SEQF1544.1	homd
SEQF1545.1	homd
SEQF1546.1	homd
SEQF1547.2	homd
SEQF1548.2	homd
SEQF1549.1	homd
SEQF1551.2	homd
SEQF1552.1	homd
SEQF1555.1	homd
SEQF1556.2	homd
SEQF1558.1	homd
SEQF1559.1	homd
SEQF1560.1	homd
SEQF1561.1	homd
SEQF1562.1	homd
SEQF1563.1	homd
SEQF1564.1	homd
SEQF1565.1	homd
SEQF1566.1	homd
SEQF1567.2	homd
SEQF1568.1	homd
SEQF1569.1	homd
SEQF1572.1	homd
SEQF1574.1	homd
SEQF1577.1	homd
SEQF1587.1	homd
SEQF1588.1	homd
SEQF1589.1	homd
SEQF1590.1	homd
SEQF1612.1	homd
SEQF1619.1	homd
SEQF1620.1	homd
SEQF1622.1	homd
SEQF1624.1	homd
SEQF1638.1	homd
SEQF1639.1	homd
SEQF1640.1	homd
SEQF1641.1	homd
SEQF1642.1	homd
SEQF1645.1	homd
SEQF1649.2	homd
SEQF1658.1	homd
SEQF1681.1	homd
SEQF1708.1	homd
SEQF1709.1	homd
SEQF1710.1	homd
SEQF1711.1	homd
SEQF1712.1	homd
SEQF1713.1	homd
SEQF1715.1	homd
SEQF1716.1	homd
SEQF1720.1	homd
SEQF1721.1	homd
SEQF1722.1	homd
SEQF1725.1	homd
SEQF1726.1	homd
SEQF1728.1	homd
SEQF1729.2	homd
SEQF1734.1	homd
SEQF1736.1	homd
SEQF1751.1	homd
SEQF1752.1	homd
SEQF1754.1	homd
SEQF1757.2	homd
SEQF1760.1	homd
SEQF1761.1	homd
SEQF1767.1	homd
SEQF1768.1	homd
SEQF1769.1	homd
SEQF1773.1	homd
SEQF1776.1	homd
SEQF1777.1	homd
SEQF1778.1	homd
SEQF1779.1	homd
SEQF1780.2	homd
SEQF1784.1	homd
SEQF1785.1	homd
SEQF1794.1	homd
SEQF1795.1	homd
SEQF1801.1	homd
SEQF1802.1	homd
SEQF1803.1	homd
SEQF1804.1	homd
SEQF1805.1	homd
SEQF1806.1	homd
SEQF1807.1	homd
SEQF1808.1	homd
SEQF1809.1	homd
SEQF1810.1	homd
SEQF1811.1	homd
SEQF1812.1	homd
SEQF1813.1	homd
SEQF1814.1	homd
SEQF1815.1	homd
SEQF1830.1	homd
SEQF1831.1	homd
SEQF1832.2	homd
SEQF1833.1	homd
SEQF1835.1	homd
SEQF1836.1	homd
SEQF1837.1	homd
SEQF1838.1	homd
SEQF1839.1	homd
SEQF1840.1	homd
SEQF1844.1	homd
SEQF1856.2	homd
SEQF1861.1	homd
SEQF1862.1	homd
SEQF1892.1	homd
SEQF1910.1	homd
SEQF1920.1	homd
SEQF1922.1	homd
SEQF1926.1	homd
SEQF1927.2	homd
SEQF1928.1	homd
SEQF1929.1	homd
SEQF1952.1	homd
SEQF1960.1	homd
SEQF1961.1	homd
SEQF1965.3	homd
SEQF1971.1	homd
SEQF1974.1	homd
SEQF1976.1	homd
SEQF1977.1	homd
SEQF1978.1	homd
SEQF1979.1	homd
SEQF1980.1	homd
SEQF1981.1	homd
SEQF1982.1	homd
SEQF1984.1	homd
SEQF1990.1	homd
SEQF1991.5	homd
SEQF1992.5	homd
SEQF1995.1	homd
SEQF2019.1	homd
SEQF2029.1	homd
SEQF2030.1	homd
SEQF2035.2	homd
SEQF2036.2	homd
SEQF2037.1	homd
SEQF2039.2	homd
SEQF2040.1	homd
SEQF2041.1	homd
SEQF2042.1	homd
SEQF2043.1	homd
SEQF2044.1	homd
SEQF2045.1	homd
SEQF2046.1	homd
SEQF2047.2	homd
SEQF2049.1	homd
SEQF2056.1	homd
SEQF2057.2	homd
SEQF2058.1	homd
SEQF2059.1	homd
SEQF2060.1	homd
SEQF2061.1	homd
SEQF2062.1	homd
SEQF2063.2	homd
SEQF2068.1	homd
SEQF2072.2	homd
SEQF2075.2	homd
SEQF2078.1	homd
SEQF2103.3	homd
SEQF2104.2	homd
SEQF2106.1	homd
SEQF2107.2	homd
SEQF2108.1	homd
SEQF2109.1	homd
SEQF2110.1	homd
SEQF2111.1	homd
SEQF2112.1	homd
SEQF2113.2	homd
SEQF2123.1	homd
SEQF2127.1	homd
SEQF2128.2	homd
SEQF2153.1	homd
SEQF2154.1	homd
SEQF2155.1	homd
SEQF2156.1	homd
SEQF2157.1	homd
SEQF2161.1	homd
SEQF2162.1	homd
SEQF2163.1	homd
SEQF2164.1	homd
SEQF2165.1	homd
SEQF2166.1	homd
SEQF2167.1	homd
SEQF2168.1	homd
SEQF2169.1	homd
SEQF2170.1	homd
SEQF2171.1	homd
SEQF2172.1	homd
SEQF2173.2	homd
SEQF2181.1	homd
SEQF2182.1	homd
SEQF2183.1	homd
SEQF2184.1	homd
SEQF2185.1	homd
SEQF2186.1	homd
SEQF2188.1	homd
SEQF2189.1	homd
SEQF2190.2	homd
SEQF2191.2	homd
SEQF2192.1	homd
SEQF2193.1	homd
SEQF2196.1	homd
SEQF2199.1	homd
SEQF2200.1	homd
SEQF2201.1	homd
SEQF2204.1	homd
SEQF2205.2	homd
SEQF2206.2	homd
SEQF2207.1	homd
SEQF2208.2	homd
SEQF2209.2	homd
SEQF2226.1	homd
SEQF2227.2	homd
SEQF2228.2	homd
SEQF2229.2	homd
SEQF2230.2	homd
SEQF2231.2	homd
SEQF2232.2	homd
SEQF2233.2	homd
SEQF2241.2	homd
SEQF2242.1	homd
SEQF2248.1	homd
SEQF2249.1	homd
SEQF2266.1	homd
SEQF2278.2	homd
SEQF2280.2	homd
SEQF2282.1	homd
SEQF2283.1	homd
SEQF2289.1	homd
SEQF2290.1	homd
SEQF2291.1	homd
SEQF2293.1	homd
SEQF2299.1	homd
SEQF2301.1	homd
SEQF2302.1	homd
SEQF2303.2	homd
SEQF2304.2	homd
SEQF2305.2	homd
SEQF2306.2	homd
SEQF2307.2	homd
SEQF2308.2	homd
SEQF2321.2	homd
SEQF2322.2	homd
SEQF2323.1	homd
SEQF2324.2	homd
SEQF2325.2	homd
SEQF2330.2	homd
SEQF2331.2	homd
SEQF2332.2	homd
SEQF2333.2	homd
SEQF2352.3	homd
SEQF2353.1	homd
SEQF2367.1	homd
SEQF2368.1	homd
SEQF2369.1	homd
SEQF2370.1	homd
SEQF2375.1	homd
SEQF2376.1	homd
SEQF2377.1	homd
SEQF2378.1	homd
SEQF2381.2	homd
SEQF2382.1	homd
SEQF2383.2	homd
SEQF2384.1	homd
SEQF2393.1	homd
SEQF2394.1	homd
SEQF2407.1	homd
SEQF2408.1	homd
SEQF2411.2	homd
SEQF2412.1	homd
SEQF2413.2	homd
SEQF2415.1	homd
SEQF2417.1	homd
SEQF2418.1	homd
SEQF2419.1	homd
SEQF2422.2	homd
SEQF2423.2	homd
SEQF2425.1	homd
SEQF2426.1	homd
SEQF2427.2	homd
SEQF2428.1	homd
SEQF2429.1	homd
SEQF2435.1	homd
SEQF2440.1	homd
SEQF2441.2	homd
SEQF2442.1	homd
SEQF2453.1	homd
SEQF2455.1	homd
SEQF2456.1	homd
SEQF2463.1	homd
SEQF2464.1	homd
SEQF2465.1	homd
SEQF2466.1	homd
SEQF2467.2	homd
SEQF2468.1	homd
SEQF2469.1	homd
SEQF2470.2	homd
SEQF2471.1	homd
SEQF2472.1	homd
SEQF2474.1	homd
SEQF2475.1	homd
SEQF2482.1	homd
SEQF2483.1	homd
SEQF2484.1	homd
SEQF2485.1	homd
SEQF2486.1	homd
SEQF2487.1	homd
SEQF2490.1	homd
SEQF2491.1	homd
SEQF2492.1	homd
SEQF2493.1	homd
SEQF2494.1	homd
SEQF2495.1	homd
SEQF2496.1	homd
SEQF2497.1	homd
SEQF2498.1	homd
SEQF2505.1	homd
SEQF2513.1	homd
SEQF2514.1	homd
SEQF2516.1	homd
SEQF2521.1	homd
SEQF2522.1	homd
SEQF2524.1	homd
SEQF2525.1	homd
SEQF2526.1	homd
SEQF2527.1	homd
SEQF2528.1	homd
SEQF2533.1	homd
SEQF2534.1	homd
SEQF2535.1	homd
SEQF2540.2	homd
SEQF2542.1	homd
SEQF2543.2	homd
SEQF2544.1	homd
SEQF2545.1	homd
SEQF2546.1	homd
SEQF2549.1	homd
SEQF2551.1	homd
SEQF2552.1	homd
SEQF2557.2	homd
SEQF2558.2	homd
SEQF2565.1	homd
SEQF2566.1	homd
SEQF2567.1	homd
SEQF2571.2	homd
SEQF2572.1	homd
SEQF2576.1	homd
SEQF2577.1	homd
SEQF2586.1	homd
SEQF2600.1	homd
SEQF2601.1	homd
SEQF2602.1	homd
SEQF2603.1	homd
SEQF2604.1	homd
SEQF2610.1	homd
SEQF2611.1	homd
SEQF2613.1	homd
SEQF2614.1	homd
SEQF2619.2	homd
SEQF2620.1	homd
SEQF2621.2	homd
SEQF2622.2	homd
SEQF2623.2	homd
SEQF2624.2	homd
SEQF2633.1	homd
SEQF2641.1	homd
SEQF2642.1	homd
SEQF2664.1	homd
SEQF2665.1	homd
SEQF2666.1	homd
SEQF2667.1	homd
SEQF2668.1	homd
SEQF2669.1	homd
SEQF2672.3	homd
SEQF2673.1	homd
SEQF2690.1	homd
SEQF2691.1	homd
SEQF2692.1	homd
SEQF2695.1	homd
SEQF2696.1	homd
SEQF2697.1	homd
SEQF2705.1	homd
SEQF2707.1	homd
SEQF2708.1	homd
SEQF2711.1	homd
SEQF2712.1	homd
SEQF2713.1	homd
SEQF2714.1	homd
SEQF2715.1	homd
SEQF2716.2	homd
SEQF2717.1	homd
SEQF2718.1	homd
SEQF2719.1	homd
SEQF2720.1	homd
SEQF2721.1	homd
SEQF2722.1	homd
SEQF2723.2	homd
SEQF2724.1	homd
SEQF2725.1	homd
SEQF2736.1	homd
SEQF2737.1	homd
SEQF2746.1	homd
SEQF2763.1	homd
SEQF2764.1	homd
SEQF2778.1	homd
SEQF2779.1	homd
SEQF2784.1	homd
SEQF2785.1	homd
SEQF2793.1	homd
SEQF2803.1	homd
SEQF2809.1	homd
SEQF2810.1	homd
SEQF2845.1	homd
SEQF2846.1	homd
SEQF2847.1	homd
SEQF2848.1	homd
SEQF2849.1	homd
SEQF2850.1	homd
SEQF2851.1	homd
SEQF2853.1	homd
SEQF2854.1	homd
SEQF2856.3	homd
SEQF2859.1	homd
SEQF2860.1	homd
SEQF2861.1	homd
SEQF2862.1	homd
SEQF2863.1	homd
SEQF2864.1	homd
SEQF2866.1	homd
SEQF2867.2	homd
SEQF2870.1	homd
SEQF2871.2	homd
SEQF2875.1	homd
SEQF2877.1	homd
SEQF2878.1	homd
SEQF2880.1	homd
SEQF2881.1	homd
SEQF2882.1	homd
SEQF2883.2	homd
SEQF2884.1	homd
SEQF2885.1	homd
SEQF2886.1	homd
SEQF2887.1	homd
SEQF2888.2	homd
SEQF2889.1	homd
SEQF2890.2	homd
SEQF2891.1	homd
SEQF2892.1	homd
SEQF2893.1	homd
SEQF2894.2	homd
SEQF2895.2	homd
SEQF2897.1	homd
SEQF2900.1	homd
SEQF2901.1	homd
SEQF2902.1	homd
SEQF2904.1	homd
SEQF2907.1	homd
SEQF2908.1	homd
SEQF2909.2	homd
SEQF2910.1	homd
SEQF2911.1	homd
SEQF2912.1	homd
SEQF2914.1	homd
SEQF2915.1	homd
SEQF2916.1	homd
SEQF2935.1	homd
SEQF2936.1	homd
SEQF2937.1	homd
SEQF2938.1	homd
SEQF2939.1	homd
SEQF2940.1	homd
SEQF2942.1	homd
SEQF2943.1	homd
SEQF2944.1	homd
SEQF2945.1	homd
SEQF2948.1	homd
SEQF2949.1	homd
SEQF2950.1	homd
SEQF2951.1	homd
SEQF2952.1	homd
SEQF2953.1	homd
SEQF2954.1	homd
SEQF2955.1	homd
SEQF2956.1	homd
SEQF2957.1	homd
SEQF2960.1	homd
SEQF2961.1	homd
SEQF2962.1	homd
SEQF2963.1	homd
SEQF2964.1	homd
SEQF2967.1	homd
SEQF2968.1	homd
SEQF2969.1	homd
SEQF2970.1	homd
SEQF2971.1	homd
SEQF2972.1	homd
SEQF2975.1	homd
SEQF2977.1	homd
SEQF2978.1	homd
SEQF2979.1	homd
SEQF2981.1	homd
SEQF2986.1	homd
SEQF2987.1	homd
SEQF2988.1	homd
SEQF2989.1	homd
SEQF2991.1	homd
SEQF2992.1	homd
SEQF2993.1	homd
SEQF2994.1	homd
SEQF2995.1	homd
SEQF2996.1	homd
SEQF2998.1	homd
SEQF2999.1	homd
SEQF3001.1	homd
SEQF3002.1	homd
SEQF3003.1	homd
SEQF3004.1	homd
SEQF3005.1	homd
SEQF3006.1	homd
SEQF3007.1	homd
SEQF3008.1	homd
SEQF3009.1	homd
SEQF3010.1	homd
SEQF3012.1	homd
SEQF3013.1	homd
SEQF3014.1	homd
SEQF3015.1	homd
SEQF3017.1	homd
SEQF3019.1	homd
SEQF3020.1	homd
SEQF3023.1	homd
SEQF3024.1	homd
SEQF3026.1	homd
SEQF3027.1	homd
SEQF3028.1	homd
SEQF3029.1	homd
SEQF3030.1	homd
SEQF3031.1	homd
SEQF3032.1	homd
SEQF3033.1	homd
SEQF3034.1	homd
SEQF3035.1	homd
SEQF3036.1	homd
SEQF3037.1	homd
SEQF3038.1	homd
SEQF3039.1	homd
SEQF3040.1	homd
SEQF3041.1	homd
SEQF3042.1	homd
SEQF3043.1	homd
SEQF3044.1	homd
SEQF3045.1	homd
SEQF3046.1	homd
SEQF3047.1	homd
SEQF3048.1	homd
SEQF3049.1	homd
SEQF3050.1	homd
SEQF3051.1	homd
SEQF3054.1	homd
SEQF3065.1	homd
SEQF3071.1	homd
SEQF3073.1	homd
SEQF3076.1	homd
SEQF3077.1	homd
SEQF3079.1	homd
SEQF3080.1	homd
SEQF3081.1	homd
SEQF3082.2	homd
SEQF3083.1	homd
SEQF3084.1	homd
SEQF3085.1	homd
SEQF3086.1	homd
SEQF3087.1	homd
SEQF3088.1	homd
SEQF3107.1	homd
SEQF3146.1	homd
SEQF3147.1	homd
SEQF3148.1	homd
SEQF3149.1	homd
SEQF3150.1	homd
SEQF3151.1	homd
SEQF3154.1	homd
SEQF3155.1	homd
SEQF3156.1	homd
SEQF3157.1	homd
SEQF3160.1	homd
SEQF3161.1	homd
SEQF3162.1	homd
SEQF3172.1	homd
SEQF3181.1	homd
SEQF3380.1	homd
SEQF3386.1	homd
SEQF3390.1	homd
SEQF3705.1	homd
SEQF3717.1	homd
SEQF3718.1	homd
SEQF3719.1	homd
SEQF3720.1	homd
SEQF3731.1	homd
SEQF3734.1	homd
SEQF3735.1	homd
SEQF3736.1	homd
SEQF3737.1	homd
SEQF3742.1	homd
SEQF3743.1	homd
SEQF3744.1	homd
SEQF3745.1	homd
SEQF3746.1	homd
SEQF3747.1	homd
SEQF3748.1	homd
SEQF3749.1	homd
SEQF3750.1	homd
SEQF3751.1	homd
SEQF3752.1	homd
SEQF3753.1	homd
SEQF3754.1	homd
SEQF3755.1	homd
SEQF3756.1	homd
SEQF3757.1	homd
SEQF3758.1	homd
SEQF3759.1	homd
SEQF3760.1	homd
SEQF3761.1	homd
SEQF3762.1	homd
SEQF3763.1	homd
SEQF3764.1	homd
SEQF3765.1	homd
SEQF3766.1	homd
SEQF3767.1	homd
SEQF3768.1	homd
SEQF3769.1	homd
SEQF3770.1	homd
SEQF3771.1	homd
SEQF3772.1	homd
SEQF3773.1	homd
SEQF3774.1	homd
SEQF3775.1	homd
SEQF3776.1	homd
SEQF3777.1	homd
SEQF3778.1	homd
SEQF3779.1	homd
SEQF3780.1	homd
SEQF3781.3	homd
SEQF3782.1	homd
SEQF3783.1	homd
SEQF3784.1	homd
SEQF3785.1	homd
SEQF3786.1	homd
SEQF3787.1	homd
SEQF3788.1	homd
SEQF3789.1	homd
SEQF3790.2	homd
SEQF3791.1	homd
SEQF3792.1	homd
SEQF3793.1	homd
SEQF3794.3	homd
SEQF3795.1	homd
SEQF3796.1	homd
SEQF3797.1	homd
SEQF3798.1	homd
SEQF3799.1	homd
SEQF3800.1	homd
SEQF3801.1	homd
SEQF3802.1	homd
SEQF3803.1	homd
SEQF3804.1	homd
SEQF3806.1	homd
SEQF3807.1	homd
SEQF3808.1	homd
SEQF3809.1	homd
SEQF3810.1	homd
SEQF3811.1	homd
SEQF3812.1	homd
SEQF3813.1	homd
SEQF3814.1	homd
SEQF3815.1	homd
SEQF3816.1	homd
SEQF3817.1	homd
SEQF3818.1	homd
SEQF3819.1	homd
SEQF3820.1	homd
SEQF3821.2	homd
SEQF3822.1	homd
SEQF3823.1	homd
SEQF3824.1	homd
SEQF3825.1	homd
SEQF3826.1	homd
SEQF3827.1	homd
SEQF3828.2	homd
SEQF3829.1	homd
SEQF3830.1	homd
SEQF3831.1	homd
SEQF3832.1	homd
SEQF3834.1	homd
SEQF3835.1	homd
SEQF3836.1	homd
SEQF3837.1	homd
SEQF3838.1	homd
SEQF3839.1	homd
SEQF3840.1	homd
SEQF3841.2	homd
SEQF3842.1	homd
SEQF3843.1	homd
SEQF3844.1	homd
SEQF3845.2	homd
SEQF3846.1	homd
SEQF3847.1	homd
SEQF3848.1	homd
SEQF3849.1	homd
SEQF3850.1	homd
SEQF3851.1	homd
SEQF3852.1	homd
SEQF3853.1	homd
SEQF3854.1	homd
SEQF3855.1	homd
SEQF3856.1	homd
SEQF3857.1	homd
SEQF3858.1	homd
SEQF3859.1	homd
SEQF3860.1	homd
SEQF3861.1	homd
SEQF3862.1	homd
SEQF3863.1	homd
SEQF3864.1	homd
SEQF3865.1	homd
SEQF3866.1	homd
SEQF3867.1	homd
SEQF3868.1	homd
SEQF3869.1	homd
SEQF3870.1	homd
SEQF3871.1	homd
SEQF3872.1	homd
SEQF3873.1	homd
SEQF3874.1	homd
SEQF3875.1	homd
SEQF3876.1	homd
SEQF3877.1	homd
SEQF3878.1	homd
SEQF3879.1	homd
SEQF3880.1	homd
SEQF3881.1	homd
SEQF3882.1	homd
SEQF3883.1	homd
SEQF3884.1	homd
SEQF3885.1	homd
SEQF3886.1	homd
SEQF3887.1	homd
SEQF3888.1	homd
SEQF3889.1	homd
SEQF3890.1	homd
SEQF3891.1	homd
SEQF3892.1	homd
SEQF3893.1	homd
SEQF3894.1	homd
SEQF3895.1	homd
SEQF3896.1	homd
SEQF3897.1	homd
SEQF3898.1	homd
SEQF3899.1	homd
SEQF3900.1	homd
SEQF3901.1	homd
SEQF3902.1	homd
SEQF3903.1	homd
SEQF3904.1	homd
SEQF3905.1	homd
SEQF3906.1	homd
SEQF3907.1	homd
SEQF3908.1	homd
SEQF3909.1	homd
SEQF3910.1	homd
SEQF3911.1	homd
SEQF3912.1	homd
SEQF3913.1	homd
SEQF3914.1	homd
SEQF3915.1	homd
SEQF3916.1	homd
SEQF3917.1	homd
SEQF3918.1	homd
SEQF3919.1	homd
SEQF3920.1	homd
SEQF3921.1	homd
SEQF3922.1	homd
SEQF3923.1	homd
SEQF3924.1	homd
SEQF3925.1	homd
SEQF3926.1	homd
SEQF3927.2	homd
SEQF3928.1	homd
SEQF3929.1	homd
SEQF3930.1	homd
SEQF3931.1	homd
SEQF3932.1	homd
SEQF3933.1	homd
SEQF3934.1	homd
SEQF3935.1	homd
SEQF3936.1	homd
SEQF3937.1	homd
SEQF3938.1	homd
SEQF3939.1	homd
SEQF3940.1	homd
SEQF3941.1	homd
SEQF3942.1	homd
SEQF3943.1	homd
SEQF3944.1	homd
SEQF3945.1	homd
SEQF3946.1	homd
SEQF3947.1	homd
SEQF3948.1	homd
SEQF3949.1	homd
SEQF3950.1	homd
SEQF3951.1	homd
SEQF3952.1	homd
SEQF3953.1	homd
SEQF3954.1	homd
SEQF3955.1	homd
SEQF3956.1	homd
SEQF3957.1	homd
SEQF3958.1	homd
SEQF3959.1	homd
SEQF3960.1	homd
SEQF3961.1	homd
SEQF3962.1	homd
SEQF3963.1	homd
SEQF3964.1	homd
SEQF3965.1	homd
SEQF3966.1	homd
SEQF3967.1	homd
SEQF3968.1	homd
SEQF3969.1	homd
SEQF3970.1	homd
SEQF3971.1	homd
SEQF3972.1	homd
SEQF3973.1	homd
SEQF3974.1	homd
SEQF3975.1	homd
SEQF3976.1	homd
SEQF3977.1	homd
SEQF3978.1	homd
SEQF3979.1	homd
SEQF3980.1	homd
SEQF3981.1	homd
SEQF3982.1	homd
SEQF3983.1	homd
SEQF3984.1	homd
SEQF3985.1	homd
SEQF3986.1	homd
SEQF3987.1	homd
SEQF3988.1	homd
SEQF3989.1	homd
SEQF3990.1	homd
SEQF3991.1	homd
SEQF3992.1	homd
SEQF4023.1	homd
SEQF4024.1	homd
SEQF4025.1	homd
SEQF4026.1	homd
SEQF4027.1	homd
SEQF4028.1	homd
SEQF4029.1	homd
SEQF4030.1	homd
SEQF4031.1	homd
SEQF4032.1	homd
SEQF4033.1	homd
SEQF4034.1	homd
SEQF4035.1	homd
SEQF4036.1	homd
SEQF4037.1	homd
SEQF4038.1	homd
SEQF4039.1	homd
SEQF4040.1	homd
SEQF4041.1	homd
SEQF4042.1	homd
SEQF4043.1	homd
SEQF4044.1	homd
SEQF4045.1	homd
SEQF4046.1	homd
SEQF4047.1	homd
SEQF4048.1	homd
SEQF4049.1	homd
SEQF4050.1	homd
SEQF4051.1	homd
SEQF4052.1	homd
SEQF4053.1	homd
SEQF4054.1	homd
SEQF4055.1	homd
SEQF4056.1	homd
SEQF4057.1	homd
SEQF4058.1	homd
SEQF4059.1	homd
SEQF4060.1	homd
SEQF4061.1	homd
SEQF4062.1	homd
SEQF4063.1	homd
SEQF4064.1	homd
SEQF4065.1	homd
SEQF4066.1	homd
SEQF4067.1	homd
SEQF4068.1	homd
SEQF4069.1	homd
SEQF4070.1	homd
SEQF4071.1	homd
SEQF4072.1	homd
SEQF4073.1	homd
SEQF4074.1	homd
SEQF4075.1	homd
SEQF4076.2	homd
SEQF4077.1	homd
SEQF4078.1	homd
SEQF4079.1	homd
SEQF4080.1	homd
SEQF4081.1	homd
SEQF4082.3	homd
SEQF4083.1	homd
SEQF4084.1	homd
SEQF4085.1	homd
SEQF4086.1	homd
SEQF4087.1	homd
SEQF4088.1	homd
SEQF4089.1	homd
SEQF4090.1	homd
SEQF4091.1	homd
SEQF4092.1	homd
SEQF4093.1	homd
SEQF4094.1	homd
SEQF4095.1	homd
SEQF4096.1	homd
SEQF4097.1	homd
SEQF4098.1	homd
SEQF4099.1	homd
SEQF4100.1	homd
SEQF4101.1	homd
SEQF4102.1	homd
SEQF4103.1	homd
SEQF4104.1	homd
SEQF4105.1	homd
SEQF4106.1	homd
SEQF4107.1	homd
SEQF4108.1	homd
SEQF4109.1	homd
SEQF4110.1	homd
SEQF4111.1	homd
SEQF4112.1	homd
SEQF4113.1	homd
SEQF4114.1	homd
SEQF4115.1	homd
SEQF4116.1	homd
SEQF4117.1	homd
SEQF4134.2	homd
SEQF4135.1	homd
SEQF4136.1	homd
SEQF4137.1	homd
SEQF4138.1	homd
SEQF4139.1	homd
SEQF4145.1	homd
SEQF4146.1	homd
SEQF4147.1	homd
SEQF4148.1	homd
SEQF4149.2	homd
SEQF4150.1	homd
SEQF4151.1	homd
SEQF4152.1	homd
SEQF4153.1	homd
SEQF4154.2	homd
SEQF4155.1	homd
SEQF4156.1	homd
SEQF4157.1	homd
SEQF4158.1	homd
SEQF4159.1	homd
SEQF4160.1	homd
SEQF4161.1	homd
SEQF4162.1	homd
SEQF4163.1	homd
SEQF4164.1	homd
SEQF4165.1	homd
SEQF4166.1	homd
SEQF4167.1	homd
SEQF4168.1	homd
SEQF4169.1	homd
SEQF4170.1	homd
SEQF4171.1	homd
SEQF4172.1	homd
SEQF4173.1	homd
SEQF4174.1	homd
SEQF4175.1	homd
SEQF4176.1	homd
SEQF4177.1	homd
SEQF4178.1	homd
SEQF4179.1	homd
SEQF4180.1	homd
SEQF4181.1	homd
SEQF4182.1	homd
SEQF4183.1	homd
SEQF4184.2	homd
SEQF4185.1	homd
SEQF4186.2	homd
SEQF4187.1	homd
SEQF4188.1	homd
SEQF4189.2	homd
SEQF4190.1	homd
SEQF4191.1	homd
SEQF4192.1	homd
SEQF4268.1	homd
SEQF4285.1	homd
SEQF4286.1	homd
SEQF4287.1	homd
SEQF4288.1	homd
SEQF4289.1	homd
SEQF4290.1	homd
SEQF4291.1	homd
SEQF4292.1	homd
SEQF4293.1	homd
SEQF4294.1	homd
SEQF4295.1	homd
SEQF4296.1	homd
SEQF4297.1	homd
SEQF4298.1	homd
SEQF4299.1	homd
SEQF4300.1	homd
SEQF4329.1	homd
SEQF4424.1	homd
SEQF4425.1	homd
SEQF4426.1	homd
SEQF4427.2	homd
SEQF4428.1	homd
SEQF4429.1	homd
SEQF4430.1	homd
SEQF4431.1	homd
SEQF4432.1	homd
SEQF4433.1	homd
SEQF4434.1	homd
SEQF4435.1	homd
SEQF4436.2	homd
SEQF4437.1	homd
SEQF4438.1	homd
SEQF4439.1	homd
SEQF4440.1	homd
SEQF4441.1	homd
SEQF4442.1	homd
SEQF4443.1	homd
SEQF4444.1	homd
SEQF4445.1	homd
SEQF4446.1	homd
SEQF4447.1	homd
SEQF4448.1	homd
SEQF4449.1	homd
SEQF4450.1	homd
SEQF4451.1	homd
SEQF4452.1	homd
SEQF4453.1	homd
SEQF4454.1	homd
SEQF4455.1	homd
SEQF4456.1	homd
SEQF4457.1	homd
SEQF4458.1	homd
SEQF4459.1	homd
SEQF4460.1	homd
SEQF4461.1	homd
SEQF4462.1	homd
SEQF4463.1	homd
SEQF4464.1	homd
SEQF4465.1	homd
SEQF4466.1	homd
SEQF4467.1	homd
SEQF4468.1	homd
SEQF4469.1	homd
SEQF4470.1	homd
SEQF4471.1	homd
SEQF4472.1	homd
SEQF4473.1	homd
SEQF4474.1	homd
SEQF4475.1	homd
SEQF4476.1	homd
SEQF4541.1	homd
SEQF4542.1	homd
SEQF4543.1	homd
SEQF4544.1	homd
SEQF4545.1	homd
SEQF4546.1	homd
SEQF4547.1	homd
SEQF4548.1	homd
SEQF4549.1	homd
SEQF4550.1	homd
SEQF4551.1	homd
SEQF4552.1	homd
SEQF4553.1	homd
SEQF4554.1	homd
SEQF4555.1	homd
SEQF4556.1	homd
SEQF4557.1	homd
SEQF4558.1	homd
SEQF4559.1	homd
SEQF4560.1	homd
SEQF4561.1	homd
SEQF4562.1	homd
SEQF4563.1	homd
SEQF4564.1	homd
SEQF4565.1	homd
SEQF4566.1	homd
SEQF4567.1	homd
SEQF4568.1	homd
SEQF4569.1	homd
SEQF4570.1	homd
SEQF4571.1	homd
SEQF4572.1	homd
SEQF4573.1	homd
SEQF4574.2	homd
SEQF4575.1	homd
SEQF4576.1	homd
SEQF4577.2	homd
SEQF4578.1	homd
SEQF4579.1	homd
SEQF4580.2	homd
SEQF4581.1	homd
SEQF4582.1	homd
SEQF4583.1	homd
SEQF4584.1	homd
SEQF4585.1	homd
SEQF4586.1	homd
SEQF4587.1	homd
SEQF4588.1	homd
SEQF4589.1	homd
SEQF4590.1	homd
SEQF4591.1	homd
SEQF4615.1	homd
SEQF4616.1	homd
SEQF4633.1	homd
SEQF4634.1	homd
SEQF4635.1	homd
SEQF4636.1	homd
SEQF4637.1	homd
SEQF4638.1	homd
SEQF4639.1	homd
SEQF4640.1	homd
SEQF4641.1	homd
SEQF4642.1	homd
SEQF4643.1	homd
SEQF4644.1	homd
SEQF4645.1	homd
SEQF4646.1	homd
SEQF4647.1	homd
SEQF4648.1	homd
SEQF4649.1	homd
SEQF4650.1	homd
SEQF4651.1	homd
SEQF4652.1	homd
SEQF4653.1	homd
SEQF4654.1	homd
SEQF4655.1	homd
SEQF4656.1	homd
SEQF4657.1	homd
SEQF4658.1	homd
SEQF4659.1	homd
SEQF4660.1	homd
SEQF4661.1	homd
SEQF4662.1	homd
SEQF4663.1	homd
SEQF4664.1	homd
SEQF4665.1	homd
SEQF4666.1	homd
SEQF4667.1	homd
SEQF4668.1	homd
SEQF4669.1	homd
SEQF4670.1	homd
SEQF4671.1	homd
SEQF4672.1	homd
SEQF4673.1	homd
SEQF4674.1	homd
SEQF4729.1	homd
SEQF4730.1	homd
SEQF4731.1	homd
SEQF4732.1	homd
SEQF4733.1	homd
SEQF4734.1	homd
SEQF4735.1	homd
SEQF4736.1	homd
SEQF4737.1	homd
SEQF4738.1	homd
SEQF4739.1	homd
SEQF4740.1	homd
SEQF4741.1	homd
SEQF4742.1	homd
SEQF4743.1	homd
SEQF4744.1	homd
SEQF4745.1	homd
SEQF4746.1	homd
SEQF4747.1	homd
SEQF4748.1	homd
SEQF4749.1	homd
SEQF4750.1	homd
SEQF4751.1	homd
SEQF4752.1	homd
SEQF4753.1	homd
SEQF4754.1	homd
SEQF4755.1	homd
SEQF4756.1	homd
SEQF4757.1	homd
SEQF4758.1	homd
SEQF4759.2	homd
SEQF4760.1	homd
SEQF4761.1	homd
SEQF4762.1	homd
SEQF4763.1	homd
SEQF4764.1	homd
SEQF4765.1	homd
SEQF4766.1	homd
SEQF4811.3	homd
SEQF4812.1	homd
SEQF4813.2	homd
SEQF4814.1	homd
SEQF4815.1	homd
SEQF4816.1	homd
SEQF4817.1	homd
SEQF4818.1	homd
SEQF4819.1	homd
SEQF4820.1	homd
SEQF4821.1	homd
SEQF4822.1	homd
SEQF4823.1	homd
SEQF4824.1	homd
SEQF4825.1	homd
SEQF4826.1	homd
SEQF4827.1	homd
SEQF4828.1	homd
SEQF4829.1	homd
SEQF4830.1	homd
SEQF4831.1	homd
SEQF4832.1	homd
SEQF4833.1	homd
SEQF4834.1	homd
SEQF4835.1	homd
SEQF4836.1	homd
SEQF4837.1	homd
SEQF4838.1	homd
SEQF4839.1	homd
SEQF4840.1	homd
SEQF4841.1	homd
SEQF4842.1	homd
SEQF4843.1	homd
SEQF4844.1	homd
SEQF4845.1	homd
SEQF4846.1	homd
SEQF4847.1	homd
SEQF4848.1	homd
SEQF4849.1	homd
SEQF4850.1	homd
SEQF4851.1	homd
SEQF4852.1	homd
SEQF4853.1	homd
SEQF4854.1	homd
SEQF4855.1	homd
SEQF4856.1	homd
SEQF4860.1	homd
SEQF4861.1	homd
SEQF4862.1	homd
SEQF4863.1	homd
SEQF4864.1	homd
SEQF4865.1	homd
SEQF4866.1	homd
SEQF4867.1	homd
SEQF4868.1	homd
SEQF4869.1	homd
SEQF4870.1	homd
SEQF4871.1	homd
SEQF4872.1	homd
SEQF4873.1	homd
SEQF4874.1	homd
SEQF4875.1	homd
SEQF4876.1	homd
SEQF4877.1	homd
SEQF4878.1	homd
SEQF4879.1	homd
SEQF4880.1	homd
SEQF4881.1	homd
SEQF4882.1	homd
SEQF4883.1	homd
SEQF4884.1	homd
SEQF4885.1	homd
SEQF4886.1	homd
SEQF4887.1	homd
SEQF4888.2	homd
SEQF4889.1	homd
SEQF4890.1	homd
SEQF4891.2	homd
SEQF4892.1	homd
SEQF4893.1	homd
SEQF4894.2	homd
SEQF4895.1	homd
SEQF4896.2	homd
SEQF4897.1	homd
SEQF4898.1	homd
SEQF4899.1	homd
SEQF4900.1	homd
SEQF4901.1	homd
SEQF4902.1	homd
SEQF4903.1	homd
SEQF4904.1	homd
SEQF4905.1	homd
SEQF4906.1	homd
SEQF4907.1	homd
SEQF4908.1	homd
SEQF4909.1	homd
SEQF4910.2	homd
SEQF4911.2	homd
SEQF4912.1	homd
SEQF4913.2	homd
SEQF4914.1	homd
SEQF4915.2	homd
SEQF4916.2	homd
SEQF4917.1	homd
SEQF4918.1	homd
SEQF4919.1	homd
SEQF4920.1	homd
SEQF4921.1	homd
SEQF4922.1	homd
SEQF4923.2	homd
SEQF4924.1	homd
SEQF4925.1	homd
SEQF4926.1	homd
SEQF4927.1	homd
SEQF4928.1	homd
SEQF4929.1	homd
SEQF4930.2	homd
SEQF4931.1	homd
SEQF4932.1	homd
SEQF4933.2	homd
SEQF4934.1	homd
SEQF4935.1	homd
SEQF4936.1	homd
SEQF4937.1	homd
SEQF4938.1	homd
SEQF4939.1	homd
SEQF4940.1	homd
SEQF4941.1	homd
SEQF4942.1	homd
SEQF4943.1	homd
SEQF4944.2	homd
SEQF4945.1	homd
SEQF4946.1	homd
SEQF4947.1	homd
SEQF4948.1	homd
SEQF4949.1	homd
SEQF4950.1	homd
SEQF4951.1	homd
SEQF4952.1	homd
SEQF4953.1	homd
SEQF4954.1	homd
SEQF4955.1	homd
SEQF4956.1	homd
SEQF4957.1	homd
SEQF4958.1	homd
SEQF4959.1	homd
SEQF4960.1	homd
SEQF4961.1	homd
SEQF4962.1	homd
SEQF4963.1	homd
SEQF4964.1	homd
SEQF4965.1	homd
SEQF4966.1	homd
SEQF4967.1	homd
SEQF4968.1	homd
SEQF4969.1	homd
SEQF4970.1	homd
SEQF4971.1	homd
SEQF4972.1	homd
SEQF4973.1	homd
SEQF4974.1	homd
SEQF4975.1	homd
SEQF4976.1	homd
SEQF4977.1	homd
SEQF4978.1	homd
SEQF4979.1	homd
SEQF4980.1	homd
SEQF4981.1	homd
SEQF4982.1	homd
SEQF4983.1	homd
SEQF4984.1	homd
SEQF4985.1	homd
SEQF4986.1	homd
SEQF4987.1	homd
SEQF4988.1	homd
SEQF4989.1	homd
SEQF4990.1	homd
SEQF4991.1	homd
SEQF4992.1	homd
SEQF4993.1	homd
SEQF4994.1	homd
SEQF4995.1	homd
SEQF4996.1	homd
SEQF4997.1	homd
SEQF4998.1	homd
SEQF4999.1	homd
SEQF5000.1	homd
SEQF5001.1	homd
SEQF5002.1	homd
SEQF5003.1	homd
SEQF5004.1	homd
SEQF5005.1	homd
SEQF5006.1	homd
SEQF5007.1	homd
SEQF5008.1	homd
SEQF5009.1	homd
SEQF5010.1	homd
SEQF5011.1	homd
SEQF5012.1	homd
SEQF5013.1	homd
SEQF5014.1	homd
SEQF5015.1	homd
SEQF5016.1	homd
SEQF5017.1	homd
SEQF5018.1	homd
SEQF5019.1	homd
SEQF5020.1	homd
SEQF5036.1	homd
SEQF5037.1	homd
SEQF5038.1	homd
SEQF5039.1	homd
SEQF5040.1	homd
SEQF5041.2	homd
SEQF5042.1	homd
SEQF5043.1	homd
SEQF5044.1	homd
SEQF5045.1	homd
SEQF5046.1	homd
SEQF5047.1	homd
SEQF5048.1	homd
SEQF5049.1	homd
SEQF5050.1	homd
SEQF5051.1	homd
SEQF5052.1	homd
SEQF5053.1	homd
SEQF5054.1	homd
SEQF5055.1	homd
SEQF5056.1	homd
SEQF5057.2	homd
SEQF5058.1	homd
SEQF5059.1	homd
SEQF5060.1	homd
SEQF5061.1	homd
SEQF5062.1	homd
SEQF5063.1	homd
SEQF5064.1	homd
SEQF5065.1	homd
SEQF5066.1	homd
SEQF5067.1	homd
SEQF5068.1	homd
SEQF5069.1	homd
SEQF5070.1	homd
SEQF5071.1	homd
SEQF5072.1	homd
SEQF5073.1	homd
SEQF5074.1	homd
SEQF5075.1	homd
SEQF5076.1	homd
SEQF5077.1	homd
SEQF5078.1	homd
SEQF5079.1	homd
SEQF5080.1	homd
SEQF5081.1	homd
SEQF5082.1	homd
SEQF5083.2	homd
SEQF5084.1	homd
SEQF5085.1	homd
SEQF5086.1	homd
SEQF5087.1	homd
SEQF5088.1	homd
SEQF5089.1	homd
SEQF5090.1	homd
SEQF5091.1	homd
SEQF5092.1	homd
SEQF5093.1	homd
SEQF5094.1	homd
SEQF5095.1	homd
SEQF5096.1	homd
SEQF5097.1	homd
SEQF5098.1	homd
SEQF5099.1	homd
SEQF5100.1	homd
SEQF5101.1	homd
SEQF5102.1	homd
SEQF5103.1	homd
SEQF5104.1	homd
SEQF5105.1	homd
SEQF5106.1	homd
SEQF5107.1	homd
SEQF5108.1	homd
SEQF5109.1	homd
SEQF5110.1	homd
SEQF5111.1	homd
SEQF5112.1	homd
SEQF5113.1	homd
SEQF5114.1	homd
SEQF5115.1	homd
SEQF5116.1	homd
SEQF5117.1	homd
SEQF5118.1	homd
SEQF5119.2	homd
SEQF5120.1	homd
SEQF5121.1	homd
SEQF5122.1	homd
SEQF5123.1	homd
SEQF5124.1	homd
SEQF5125.1	homd
SEQF5126.1	homd
SEQF5127.1	homd
SEQF5128.1	homd
SEQF5129.1	homd
SEQF5130.1	homd
SEQF5178.1	homd
SEQF5179.1	homd
SEQF5180.1	homd
SEQF5181.1	homd
SEQF5182.1	homd
SEQF5183.1	homd
SEQF5184.1	homd
SEQF5185.1	homd
SEQF5186.1	homd
SEQF5187.1	homd
SEQF5188.2	homd
SEQF5189.1	homd
SEQF5190.1	homd
SEQF5191.1	homd
SEQF5192.1	homd
SEQF5193.1	homd
SEQF5194.1	homd
SEQF5195.1	homd
SEQF5196.1	homd
SEQF5197.1	homd
SEQF5198.1	homd
SEQF5199.1	homd
SEQF5200.1	homd
SEQF5201.1	homd
SEQF5202.1	homd
SEQF5203.1	homd
SEQF5204.1	homd
SEQF5205.1	homd
SEQF5206.1	homd
SEQF5207.1	homd
SEQF5208.1	homd
SEQF5209.1	homd
SEQF5210.1	homd
SEQF5211.1	homd
SEQF5212.1	homd
SEQF5213.1	homd
SEQF5214.1	homd
SEQF5215.1	homd
SEQF5216.1	homd
SEQF5217.1	homd
SEQF5218.1	homd
SEQF5219.1	homd
SEQF5220.1	homd
SEQF5221.1	homd
SEQF5222.1	homd
SEQF5223.1	homd
SEQF5224.1	homd
SEQF5225.1	homd
SEQF5226.1	homd
SEQF5227.1	homd
SEQF5228.1	homd
SEQF5229.1	homd
SEQF5230.1	homd
SEQF5231.1	homd
SEQF5232.1	homd
SEQF5233.1	homd
SEQF5234.1	homd
SEQF5235.1	homd
SEQF5242.1	homd
SEQF5243.1	homd
SEQF5244.1	homd
SEQF5245.1	homd
SEQF5246.1	homd
SEQF5247.1	homd
SEQF5248.1	homd
SEQF5249.1	homd
SEQF5250.1	homd
SEQF5251.1	homd
SEQF5252.1	homd
SEQF5253.1	homd
SEQF5254.1	homd
SEQF5255.1	homd
SEQF5256.1	homd
SEQF5257.1	homd
SEQF5258.1	homd
SEQF5259.1	homd
SEQF5260.1	homd
SEQF5261.1	homd
SEQF5262.1	homd
SEQF5263.1	homd
SEQF5264.1	homd
SEQF5265.1	homd
SEQF5266.1	homd
SEQF5267.1	homd
SEQF5268.1	homd
SEQF5269.1	homd
SEQF5270.1	homd
SEQF5271.1	homd
SEQF5272.1	homd
SEQF5273.1	homd
SEQF5274.1	homd
SEQF5275.1	homd
SEQF5276.1	homd
SEQF5277.1	homd
SEQF5278.1	homd
SEQF5279.1	homd
SEQF5280.1	homd
SEQF5281.1	homd
SEQF5282.1	homd
SEQF5283.1	homd
SEQF5284.1	homd
SEQF5285.1	homd
SEQF5286.1	homd
SEQF5287.1	homd
SEQF5288.1	homd
SEQF5289.1	homd
SEQF5290.1	homd
SEQF5291.1	homd
SEQF5312.1	homd
SEQF5313.1	homd
SEQF5314.1	homd
SEQF5315.1	homd
SEQF5316.1	homd
SEQF5318.1	homd
SEQF5319.1	homd
SEQF5323.1	homd
SEQF5324.1	homd
SEQF5325.1	homd
SEQF5326.1	homd
SEQF5371.1	homd
SEQF5372.1	homd
SEQF5373.1	homd
SEQF5374.1	homd
SEQF5375.1	homd
SEQF5378.1	homd
SEQF5379.1	homd
SEQF5380.1	homd
SEQF5381.1	homd
SEQF5382.1	homd
SEQF5383.1	homd
SEQF5384.1	homd
SEQF5385.1	homd
SEQF5386.1	homd
SEQF5387.1	homd
SEQF5388.2	homd
SEQF5389.1	homd
SEQF5390.2	homd
SEQF5391.1	homd
SEQF5392.1	homd
SEQF5393.1	homd
SEQF5394.1	homd
SEQF5395.2	homd
SEQF5396.1	homd
SEQF5397.1	homd
SEQF5398.1	homd
SEQF5399.1	homd
SEQF5400.1	homd
SEQF5401.1	homd
SEQF5402.1	homd
SEQF5403.1	homd
SEQF5404.1	homd
SEQF5405.1	homd
SEQF5406.1	homd
SEQF5407.1	homd
SEQF5408.1	homd
SEQF5409.1	homd
SEQF5410.1	homd
SEQF5411.1	homd
SEQF5412.1	homd
SEQF5413.1	homd
SEQF5414.1	homd
SEQF5415.1	homd
SEQF5416.1	homd
SEQF5417.1	homd
SEQF5418.1	homd
SEQF5419.1	homd
SEQF5420.1	homd
SEQF5421.1	homd
SEQF5422.1	homd
SEQF5423.1	homd
SEQF5440.1	homd
SEQF5441.1	homd
SEQF5442.1	homd
SEQF5443.1	homd
SEQF5444.1	homd
SEQF5445.1	homd
SEQF5446.1	homd
SEQF5447.1	homd
SEQF5448.1	homd
SEQF5449.1	homd
SEQF5450.1	homd
SEQF5451.1	homd
SEQF5452.1	homd
SEQF5453.1	homd
SEQF5454.1	homd
SEQF5455.1	homd
SEQF5456.1	homd
SEQF5457.1	homd
SEQF5458.1	homd
SEQF5459.1	homd
SEQF5460.1	homd
SEQF5461.1	homd
SEQF5462.1	homd
SEQF5463.1	homd
SEQF5464.1	homd
SEQF5465.1	homd
SEQF5466.1	homd
SEQF5467.1	homd
SEQF5472.1	homd
SEQF5473.1	homd
SEQF5474.2	homd
SEQF5475.1	homd
SEQF5476.1	homd
SEQF5477.1	homd
SEQF5478.1	homd
SEQF5479.1	homd
SEQF5480.1	homd
SEQF5481.1	homd
SEQF5482.1	homd
SEQF5483.1	homd
SEQF5484.1	homd
SEQF5485.1	homd
SEQF5486.1	homd
SEQF5487.1	homd
SEQF5488.1	homd
SEQF5489.1	homd
SEQF5490.1	homd
SEQF5491.1	homd
SEQF5492.1	homd
SEQF5493.1	homd
SEQF5494.1	homd
SEQF5495.1	homd
SEQF5497.1	homd
SEQF5498.1	homd
SEQF5499.1	homd
SEQF5500.1	homd
SEQF5501.1	homd
SEQF5502.1	homd
SEQF5503.1	homd
SEQF5504.1	homd
SEQF5505.1	homd
SEQF5506.1	homd
SEQF5507.1	homd
SEQF5508.1	homd
SEQF5509.1	homd
SEQF5510.1	homd
SEQF5511.1	homd
SEQF5512.1	homd
SEQF5513.1	homd
SEQF5514.1	homd
SEQF5515.1	homd
SEQF5516.1	homd
SEQF5555.1	homd
SEQF5556.1	homd
SEQF5557.1	homd
SEQF5558.1	homd
SEQF5559.1	homd
SEQF5560.1	homd
SEQF5561.1	homd
SEQF5562.1	homd
SEQF5563.1	homd
SEQF5564.1	homd
SEQF5565.1	homd
SEQF5566.1	homd
SEQF5567.1	homd
SEQF5568.1	homd
SEQF5569.1	homd
SEQF5570.1	homd
SEQF5571.1	homd
SEQF5572.1	homd
SEQF5573.1	homd
SEQF5574.1	homd
SEQF5575.1	homd
SEQF5576.1	homd
SEQF5577.1	homd
SEQF5578.1	homd
SEQF5579.1	homd
SEQF5580.1	homd
SEQF5581.1	homd
SEQF5582.1	homd
SEQF5583.1	homd
SEQF5584.1	homd
SEQF5585.1	homd
SEQF5586.1	homd
SEQF5587.1	homd
SEQF5588.1	homd
SEQF5589.1	homd
SEQF5590.1	homd
SEQF5591.1	homd
SEQF5592.1	homd
SEQF5593.1	homd
SEQF5594.1	homd
SEQF5595.1	homd
SEQF5596.1	homd
SEQF5624.1	homd
SEQF5625.1	homd
SEQF5626.2	homd
SEQF5627.1	homd
SEQF5628.1	homd
SEQF5633.1	homd
SEQF5634.1	homd
SEQF5635.1	homd
SEQF5636.1	homd
SEQF5637.1	homd
SEQF5638.1	homd
SEQF5639.1	homd
SEQF5640.1	homd
SEQF5641.1	homd
SEQF5642.1	homd
SEQF5643.1	homd
SEQF5644.1	homd
SEQF5645.1	homd
SEQF5646.1	homd
SEQF5647.1	homd
SEQF5648.1	homd
SEQF5649.1	homd
SEQF5650.1	homd
SEQF5651.1	homd
SEQF5652.1	homd
SEQF5653.1	homd
SEQF5654.1	homd
SEQF5655.1	homd
SEQF5656.1	homd
SEQF5657.1	homd
SEQF5658.1	homd
SEQF5659.1	homd
SEQF5660.1	homd
SEQF5661.1	homd
SEQF5662.1	homd
SEQF5663.1	homd
SEQF5664.1	homd
SEQF5665.1	homd
SEQF5666.1	homd
SEQF5667.1	homd
SEQF5668.1	homd
SEQF5669.1	homd
SEQF5670.1	homd
SEQF5671.1	homd
SEQF5672.1	homd
SEQF5673.1	homd
SEQF5674.1	homd
SEQF5675.1	homd
SEQF5676.1	homd
SEQF5677.1	homd
SEQF5678.1	homd
SEQF5703.1	homd
SEQF5800.1	homd
SEQF5801.1	homd
SEQF5802.1	homd
SEQF5803.1	homd
SEQF5804.1	homd
SEQF5805.2	homd
SEQF5806.1	homd
SEQF5807.1	homd
SEQF5808.1	homd
SEQF5809.1	homd
SEQF5810.1	homd
SEQF5811.1	homd
SEQF5812.1	homd
SEQF5813.1	homd
SEQF5814.1	homd
SEQF5815.1	homd
SEQF5816.1	homd
SEQF5817.1	homd
SEQF5818.1	homd
SEQF5819.1	homd
SEQF5820.1	homd
SEQF5821.1	homd
SEQF5822.1	homd
SEQF5823.1	homd
SEQF5824.1	homd
SEQF5825.1	homd
SEQF5826.1	homd
SEQF5827.1	homd
SEQF5828.1	homd
SEQF5829.1	homd
SEQF5830.1	homd
SEQF5831.1	homd
SEQF5832.1	homd
SEQF5833.1	homd
SEQF5834.1	homd
SEQF5835.1	homd
SEQF5836.1	homd
SEQF5837.1	homd
SEQF5838.1	homd
SEQF5839.1	homd
SEQF5840.1	homd
SEQF5841.1	homd
SEQF5842.1	homd
SEQF5843.1	homd
SEQF5844.1	homd
SEQF5845.1	homd
SEQF5846.1	homd
SEQF5871.1	homd
SEQF5872.1	homd
SEQF5873.1	homd
SEQF5874.2	homd
SEQF5875.1	homd
SEQF5876.1	homd
SEQF5877.1	homd
SEQF5878.1	homd
SEQF5879.1	homd
SEQF5880.1	homd
SEQF5881.1	homd
SEQF5882.1	homd
SEQF5883.1	homd
SEQF5884.1	homd
SEQF5885.1	homd
SEQF5886.1	homd
SEQF5887.1	homd
SEQF5888.1	homd
SEQF5889.1	homd
SEQF5890.1	homd
SEQF5891.1	homd
SEQF5892.1	homd
SEQF5893.1	homd
SEQF5894.1	homd
SEQF5895.1	homd
SEQF5896.1	homd
SEQF5897.1	homd
SEQF5898.1	homd
SEQF5899.1	homd
SEQF5900.1	homd
SEQF5901.1	homd
SEQF5902.1	homd
SEQF5903.1	homd
SEQF5904.1	homd
SEQF5905.1	homd
SEQF5906.1	homd
SEQF5907.1	homd
SEQF5908.1	homd
SEQF5909.1	homd
SEQF5911.1	homd
SEQF5912.1	homd
SEQF5913.1	homd
SEQF5914.1	homd
SEQF5915.1	homd
SEQF5916.1	homd
SEQF5917.1	homd
SEQF5918.1	homd
SEQF5919.1	homd
SEQF5920.1	homd
SEQF5921.1	homd
SEQF5922.1	homd
SEQF5923.1	homd
SEQF5924.1	homd
SEQF5925.1	homd
SEQF5926.1	homd
SEQF5927.1	homd
SEQF5928.1	homd
SEQF5929.1	homd
SEQF5930.1	homd
SEQF5931.1	homd
SEQF5932.1	homd
SEQF5933.1	homd
SEQF5934.1	homd
SEQF5935.1	homd
SEQF5936.1	homd
SEQF5937.1	homd
SEQF5938.1	homd
SEQF5939.1	homd
SEQF5940.1	homd
SEQF5941.1	homd
SEQF5942.1	homd
SEQF5943.1	homd
SEQF5944.1	homd
SEQF5945.1	homd
SEQF5946.1	homd
SEQF5947.1	homd
SEQF5948.1	homd
SEQF5949.1	homd
SEQF5950.1	homd
SEQF5951.1	homd
SEQF5952.1	homd
SEQF5953.1	homd
SEQF5954.1	homd
SEQF5955.1	homd
SEQF5956.1	homd
SEQF5957.1	homd
SEQF5958.1	homd
SEQF5959.1	homd
SEQF5998.1	homd
SEQF5999.2	homd
SEQF6000.1	homd
SEQF6001.1	homd
SEQF6002.1	homd
SEQF6003.1	homd
SEQF6004.1	homd
SEQF6005.1	homd
SEQF6006.1	homd
SEQF6007.1	homd
SEQF6008.1	homd
SEQF6009.1	homd
SEQF6010.1	homd
SEQF6011.1	homd
SEQF6012.1	homd
SEQF6013.1	homd
SEQF6014.1	homd
SEQF6015.1	homd
SEQF6016.1	homd
SEQF6017.1	homd
SEQF6018.1	homd
SEQF6019.1	homd
SEQF6020.1	homd
SEQF6021.1	homd
SEQF6022.1	homd
SEQF6023.1	homd
SEQF6024.1	homd
SEQF6025.1	homd
SEQF6026.1	homd
SEQF6027.1	homd
SEQF6028.1	homd
SEQF6029.1	homd
SEQF6030.1	homd
SEQF6031.1	homd
SEQF6032.1	homd
SEQF6033.1	homd
SEQF6034.1	homd
SEQF6035.1	homd
SEQF6036.1	homd
SEQF6037.1	homd
SEQF6038.1	homd
SEQF6039.1	homd
SEQF6040.1	homd
SEQF6041.1	homd
SEQF6042.1	homd
SEQF6043.1	homd
SEQF6044.1	homd
SEQF6045.1	homd
SEQF6046.1	homd
SEQF6047.1	homd
SEQF6048.1	homd
SEQF6049.1	homd
SEQF6050.1	homd
SEQF6051.1	homd
SEQF6052.1	homd
SEQF6054.1	homd
SEQF6055.1	homd
SEQF6057.1	homd
SEQF6058.1	homd
SEQF6059.1	homd
SEQF6060.1	homd
SEQF6061.1	homd
SEQF6062.1	homd
SEQF6063.1	homd
SEQF6064.1	homd
SEQF6065.1	homd
SEQF6066.1	homd
SEQF6067.1	homd
SEQF6068.1	homd
SEQF6069.2	homd
SEQF6070.1	homd
SEQF6071.1	homd
SEQF6072.1	homd
SEQF6073.1	homd
SEQF6074.1	homd
SEQF6075.1	homd
SEQF6076.1	homd
SEQF6077.1	homd
SEQF6078.2	homd
SEQF6079.1	homd
SEQF6080.1	homd
SEQF6081.1	homd
SEQF6082.1	homd
SEQF6083.2	homd
SEQF6084.1	homd
SEQF6085.1	homd
SEQF6086.1	homd
SEQF6087.1	homd
SEQF6088.1	homd
SEQF6089.1	homd
SEQF6090.2	homd
SEQF6091.1	homd
SEQF6092.1	homd
SEQF6093.1	homd
SEQF6094.2	homd
SEQF6098.1	homd
SEQF6099.1	homd
SEQF6100.1	homd
SEQF6101.1	homd
SEQF6102.1	homd
SEQF6103.1	homd
SEQF6104.1	homd
SEQF6105.1	homd
SEQF6106.1	homd
SEQF6107.1	homd
SEQF6108.1	homd
SEQF6109.1	homd
SEQF6110.1	homd
SEQF6111.1	homd
SEQF6112.1	homd
SEQF6113.1	homd
SEQF6114.1	homd
SEQF6115.1	homd
SEQF6116.1	homd
SEQF6117.1	homd
SEQF6118.1	homd
SEQF6119.1	homd
SEQF6120.1	homd
SEQF6121.1	homd
SEQF6122.1	homd
SEQF6123.1	homd
SEQF6124.1	homd
SEQF6125.1	homd
SEQF6126.1	homd
SEQF6127.1	homd
SEQF6128.1	homd
SEQF6129.1	homd
SEQF6130.1	homd
SEQF6131.1	homd
SEQF6132.1	homd
SEQF6133.1	homd
SEQF6134.1	homd
SEQF6135.1	homd
SEQF6136.1	homd
SEQF6137.1	homd
SEQF6138.1	homd
SEQF6139.1	homd
SEQF6140.1	homd
SEQF6141.1	homd
SEQF6142.1	homd
SEQF6143.1	homd
SEQF6144.1	homd
SEQF6145.1	homd
SEQF6146.1	homd
SEQF6147.1	homd
SEQF6148.3	homd
SEQF6149.1	homd
SEQF6150.1	homd
SEQF6151.1	homd
SEQF6152.1	homd
SEQF6153.1	homd
SEQF6154.1	homd
SEQF6155.1	homd
SEQF6156.1	homd
SEQF6157.1	homd
SEQF6158.1	homd
SEQF6159.1	homd
SEQF6160.1	homd
SEQF6161.1	homd
SEQF6162.1	homd
SEQF6163.1	homd
SEQF6164.1	homd
SEQF6165.1	homd
SEQF6166.1	homd
SEQF6167.1	homd
SEQF6168.1	homd
SEQF6186.1	homd
SEQF6187.1	homd
SEQF6188.1	homd
SEQF6189.3	homd
SEQF6190.1	homd
SEQF6191.1	homd
SEQF6192.1	homd
SEQF6193.1	homd
SEQF6194.1	homd
SEQF6195.1	homd
SEQF6196.1	homd
SEQF6197.1	homd
SEQF6198.1	homd
SEQF6199.1	homd
SEQF6200.1	homd
SEQF6201.1	homd
SEQF6202.1	homd
SEQF6203.1	homd
SEQF6204.1	homd
SEQF6205.1	homd
SEQF6206.1	homd
SEQF6207.1	homd
SEQF6208.1	homd
SEQF6209.1	homd
SEQF6210.1	homd
SEQF6211.1	homd
SEQF6212.1	homd
SEQF6213.1	homd
SEQF6214.1	homd
SEQF6215.1	homd
SEQF6216.1	homd
SEQF6217.1	homd
SEQF6218.1	homd
SEQF6219.1	homd
SEQF6220.1	homd
SEQF6221.1	homd
SEQF6222.1	homd
SEQF6223.1	homd
SEQF6224.1	homd
SEQF6225.1	homd
SEQF6226.1	homd
SEQF6227.1	homd
SEQF6228.2	homd
SEQF6229.1	homd
SEQF6230.1	homd
SEQF6231.1	homd
SEQF6232.1	homd
SEQF6233.1	homd
SEQF6234.1	homd
SEQF6317.1	homd
SEQF6318.1	homd
SEQF6333.1	homd
SEQF6334.1	homd
SEQF6335.1	homd
SEQF6336.1	homd
SEQF6337.1	homd
SEQF6338.1	homd
SEQF6339.1	homd
SEQF6340.1	homd
SEQF6341.1	homd
SEQF6342.1	homd
SEQF6343.1	homd
SEQF6344.1	homd
SEQF6345.1	homd
SEQF6346.1	homd
SEQF6347.1	homd
SEQF6348.1	homd
SEQF6349.1	homd
SEQF6350.1	homd
SEQF6351.1	homd
SEQF6352.1	homd
SEQF6353.1	homd
SEQF6354.1	homd
SEQF6355.1	homd
SEQF6356.1	homd
SEQF6357.1	homd
SEQF6358.1	homd
SEQF6359.1	homd
SEQF6360.1	homd
SEQF6361.1	homd
SEQF6362.1	homd
SEQF6363.1	homd
SEQF6364.1	homd
SEQF6365.1	homd
SEQF6366.1	homd
SEQF6367.1	homd
SEQF6368.1	homd
SEQF6369.1	homd
SEQF6370.1	homd
SEQF6371.1	homd
SEQF6372.1	homd
SEQF6373.1	homd
SEQF6374.1	homd
SEQF6375.1	homd
SEQF6376.1	homd
SEQF6377.1	homd
SEQF6378.1	homd
SEQF6379.1	homd
SEQF6380.1	homd
SEQF6381.1	homd
SEQF6382.1	homd
SEQF6383.1	homd
SEQF6401.1	homd
SEQF6402.1	homd
SEQF6403.1	homd
SEQF6404.1	homd
SEQF6405.1	homd
SEQF6406.1	homd
SEQF6407.1	homd
SEQF6408.1	homd
SEQF6628.1	homd
SEQF6629.2	homd
SEQF6687.1	homd
SEQF6699.1	homd
SEQF6700.1	homd
SEQF6701.1	homd
SEQF6714.1	homd
SEQF6715.1	homd
SEQF6716.1	homd
SEQF6717.1	homd
SEQF6718.1	homd
SEQF6719.1	homd
SEQF6720.1	homd
SEQF6721.1	homd
SEQF6722.1	homd
SEQF6723.1	homd
SEQF6724.1	homd
SEQF6725.1	homd
SEQF6726.1	homd
SEQF6727.1	homd
SEQF6728.1	homd
SEQF6729.1	homd
SEQF6730.1	homd
SEQF6731.1	homd
SEQF6732.1	homd
SEQF6733.1	homd
SEQF6734.1	homd
SEQF6735.1	homd
SEQF6736.1	homd
SEQF6737.1	homd
SEQF6738.1	homd
SEQF6739.1	homd
SEQF6740.1	homd
SEQF6741.1	homd
SEQF6785.1	homd
SEQF6855.1	homd
SEQF6906.1	homd
SEQF6907.1	homd
SEQF6908.1	homd
SEQF6909.1	homd
SEQF6910.1	homd
SEQF6911.1	homd
SEQF6912.1	homd
SEQF6913.1	homd
SEQF6914.1	homd
SEQF6915.1	homd
SEQF6916.1	homd
SEQF6917.1	homd
SEQF6918.1	homd
SEQF6919.1	homd
SEQF6920.1	homd
SEQF6921.1	homd
SEQF6922.2	homd
SEQF6923.1	homd
SEQF6924.2	homd
SEQF6925.1	homd
SEQF6926.1	homd
SEQF6927.1	homd
SEQF6928.3	homd
SEQF6929.1	homd
SEQF6930.1	homd
SEQF6931.1	homd
SEQF6932.1	homd
SEQF6933.1	homd
SEQF6934.1	homd
SEQF6935.1	homd
SEQF6936.1	homd
SEQF6937.2	homd
SEQF6938.1	homd
SEQF6939.1	homd
SEQF6940.1	homd
SEQF6941.1	homd
SEQF6942.1	homd
SEQF6943.1	homd
SEQF6944.1	homd
SEQF6945.1	homd
SEQF6946.1	homd
SEQF6947.1	homd
SEQF6948.1	homd
SEQF6949.1	homd
SEQF6950.1	homd
SEQF6951.1	homd
SEQF7099.1	homd
SEQF7100.1	homd
SEQF7101.1	homd
SEQF7102.1	homd
SEQF7103.1	homd
SEQF7104.1	homd
SEQF7105.1	homd
SEQF7106.1	homd
SEQF7107.1	homd
SEQF7108.1	homd
SEQF7109.1	homd
SEQF7110.1	homd
SEQF7111.1	homd
SEQF7112.1	homd
SEQF7113.1	homd
SEQF7114.1	homd
SEQF7115.1	homd
SEQF7116.1	homd
SEQF7117.1	homd
SEQF7118.1	homd
SEQF7119.1	homd
SEQF7120.1	homd
SEQF7121.1	homd
SEQF7122.1	homd
SEQF7123.1	homd
SEQF7124.1	homd
SEQF7125.1	homd
SEQF7126.1	homd
SEQF7127.1	homd
SEQF7128.1	homd
SEQF7129.1	homd
SEQF7130.1	homd
SEQF7131.1	homd
SEQF7132.1	homd
SEQF7133.1	homd
SEQF7134.1	homd
SEQF7135.1	homd
SEQF7136.1	homd
SEQF7137.1	homd
SEQF7138.1	homd
SEQF7139.1	homd
SEQF7140.1	homd
SEQF7141.1	homd
SEQF7142.1	homd
SEQF7143.1	homd
SEQF7144.1	homd
SEQF7145.1	homd
SEQF7146.1	homd
SEQF7147.1	homd
SEQF7148.1	homd
SEQF7149.1	homd
SEQF7150.1	homd
SEQF7151.1	homd
SEQF7152.1	homd
SEQF7153.1	homd
SEQF7154.1	homd
SEQF7155.1	homd
SEQF7156.1	homd
SEQF7157.1	homd
SEQF7158.1	homd
SEQF7159.1	homd
SEQF7160.1	homd
SEQF7161.1	homd
SEQF7162.1	homd
SEQF7163.1	homd
SEQF7164.1	homd
SEQF7165.1	homd
SEQF7166.1	homd
SEQF7167.1	homd
SEQF7168.1	homd
SEQF7169.1	homd
SEQF7170.1	homd
SEQF7171.1	homd
SEQF7172.1	homd
SEQF7173.1	homd
SEQF7174.1	homd
SEQF7175.1	homd
SEQF7176.1	homd
SEQF7177.1	homd
SEQF7178.1	homd
SEQF7179.1	homd
SEQF7180.1	homd
SEQF7181.1	homd
SEQF7182.1	homd
SEQF7183.1	homd
SEQF7184.1	homd
SEQF7185.1	homd
SEQF7186.1	homd
SEQF7187.1	homd
SEQF7188.1	homd
SEQF7189.1	homd
SEQF7190.1	homd
SEQF7191.1	homd
SEQF7192.1	homd
SEQF7240.3	homd
SEQF7241.1	homd
SEQF7242.1	homd
SEQF7243.1	homd
SEQF7244.1	homd
SEQF7245.1	homd
SEQF7246.1	homd
SEQF7247.1	homd
SEQF7248.1	homd
SEQF7249.1	homd
SEQF7250.1	homd
SEQF7251.1	homd
SEQF7252.1	homd
SEQF7253.1	homd
SEQF7254.1	homd
SEQF7255.1	homd
SEQF7256.1	homd
SEQF7257.1	homd
SEQF7258.1	homd
SEQF7259.1	homd
SEQF7260.1	homd
SEQF7261.1	homd
SEQF7262.1	homd
SEQF7263.1	homd
SEQF7264.1	homd
SEQF7265.1	homd
SEQF7266.1	homd
SEQF7267.1	homd
SEQF7268.1	homd
SEQF7269.1	homd
SEQF7270.1	homd
SEQF7277.1	homd
SEQF7278.1	homd
SEQF7279.1	homd
SEQF7280.1	homd
SEQF7281.1	homd
SEQF7282.1	homd
SEQF7283.1	homd
SEQF7284.1	homd
SEQF7285.1	homd
SEQF7286.1	homd
SEQF7287.1	homd
SEQF7288.1	homd
SEQF7289.1	homd
SEQF7290.1	homd
SEQF7291.1	homd
SEQF7292.1	homd
SEQF7293.1	homd
SEQF7294.1	homd
SEQF7295.1	homd
SEQF7296.1	homd
SEQF7297.1	homd
SEQF7298.1	homd
SEQF7299.1	homd
SEQF7300.1	homd
SEQF7301.1	homd
SEQF7302.1	homd
SEQF7303.1	homd
SEQF7304.1	homd
SEQF7305.1	homd
SEQF7306.1	homd
SEQF7307.1	homd
SEQF7308.1	homd
SEQF7309.1	homd
SEQF7310.1	homd
SEQF7311.1	homd
SEQF7312.1	homd
SEQF7313.1	homd
SEQF7314.1	homd
SEQF7315.1	homd
SEQF7316.1	homd
SEQF7317.1	homd
SEQF7318.1	homd
SEQF7319.1	homd
SEQF7320.1	homd
SEQF7321.1	homd
SEQF7322.1	homd
SEQF7323.1	homd
SEQF7324.1	homd
SEQF7325.1	homd
SEQF7330.1	homd
SEQF7331.1	homd
SEQF7332.1	homd
SEQF7333.1	homd
SEQF7334.1	homd
SEQF7335.1	homd
SEQF7336.1	homd
SEQF7337.1	homd
SEQF7338.1	homd
SEQF7339.1	homd
SEQF7340.1	homd
SEQF7341.1	homd
SEQF7342.1	homd
SEQF7343.1	homd
SEQF7344.1	homd
SEQF7345.2	homd
SEQF7346.1	homd
SEQF7347.2	homd
SEQF7348.1	homd
SEQF7349.1	homd
SEQF7350.1	homd
SEQF7351.1	homd
SEQF7352.1	homd
SEQF7353.1	homd
SEQF7354.1	homd
SEQF7355.1	homd
SEQF7356.1	homd
SEQF7357.1	homd
SEQF7358.1	homd
SEQF7359.1	homd
SEQF7360.1	homd
SEQF7361.1	homd
SEQF7362.1	homd
SEQF7363.1	homd
SEQF7364.1	homd
SEQF7365.1	homd
SEQF7366.1	homd
SEQF7368.1	homd
SEQF7369.1	homd
SEQF7370.1	homd
SEQF7371.1	homd
SEQF7372.1	homd
SEQF7373.1	homd
SEQF7374.1	homd
SEQF7375.1	homd
SEQF7376.1	homd
SEQF7377.1	homd
SEQF7379.1	homd
SEQF7383.1	homd
SEQF7384.1	homd
SEQF7385.1	homd
SEQF7386.1	homd
SEQF7387.1	homd
SEQF7388.1	homd
SEQF7389.1	homd
SEQF7390.1	homd
SEQF7391.1	homd
SEQF7392.1	homd
SEQF7393.1	homd
SEQF7394.1	homd
SEQF7395.1	homd
SEQF7396.1	homd
SEQF7397.1	homd
SEQF7398.1	homd
SEQF7399.1	homd
SEQF7400.1	homd
SEQF7401.1	homd
SEQF7402.1	homd
SEQF7403.1	homd
SEQF7404.1	homd
SEQF7408.1	homd
SEQF7409.1	homd
SEQF7410.1	homd
SEQF7411.1	homd
SEQF7412.2	homd
SEQF7413.1	homd
SEQF7414.1	homd
SEQF7415.1	homd
SEQF7416.1	homd
SEQF7417.1	homd
SEQF7418.1	homd
SEQF7419.1	homd
SEQF7420.1	homd
SEQF7421.1	homd
SEQF7422.1	homd
SEQF7423.1	homd
SEQF7424.1	homd
SEQF7425.1	homd
SEQF7426.1	homd
SEQF7427.1	homd
SEQF7428.1	homd
SEQF7429.1	homd
SEQF7430.1	homd
SEQF7431.1	homd
SEQF7432.1	homd
SEQF7433.1	homd
SEQF7434.1	homd
SEQF7435.1	homd
SEQF7436.1	homd
SEQF7437.1	homd
SEQF7438.1	homd
SEQF7439.1	homd
SEQF7440.1	homd
SEQF7441.1	homd
SEQF7442.1	homd
SEQF7443.1	homd
SEQF7444.1	homd
SEQF7445.1	homd
SEQF7446.1	homd
SEQF7447.1	homd
SEQF7448.1	homd
SEQF7449.1	homd
SEQF7450.1	homd
SEQF7451.1	homd
SEQF7452.1	homd
SEQF7453.1	homd
SEQF7454.1	homd
SEQF7455.1	homd
SEQF7456.1	homd
SEQF7457.1	homd
SEQF7458.1	homd
SEQF7459.1	homd
SEQF7460.1	homd
SEQF7461.1	homd
SEQF7462.1	homd
SEQF7463.1	homd
SEQF7464.1	homd
SEQF7465.1	homd
SEQF7466.1	homd
SEQF7467.2	homd
SEQF7468.1	homd
SEQF7469.1	homd
SEQF7470.1	homd
SEQF7471.1	homd
SEQF7472.1	homd
SEQF7473.1	homd
SEQF7527.1	homd
SEQF7528.1	homd
SEQF7529.2	homd
SEQF7530.1	homd
SEQF7531.1	homd
SEQF7532.2	homd
SEQF7533.1	homd
SEQF7534.1	homd
SEQF7535.1	homd
SEQF7536.1	homd
SEQF7537.1	homd
SEQF7538.1	homd
SEQF7539.1	homd
SEQF7540.1	homd
SEQF7541.1	homd
SEQF7542.1	homd
SEQF7543.1	homd
SEQF7544.1	homd
SEQF7545.1	homd
SEQF7546.1	homd
SEQF7547.1	homd
SEQF7548.1	homd
SEQF7549.1	homd
SEQF7550.1	homd
SEQF7551.1	homd
SEQF7552.1	homd
SEQF7553.1	homd
SEQF7554.1	homd
SEQF7555.1	homd
SEQF7556.1	homd
SEQF7557.1	homd
SEQF7558.2	homd
SEQF7559.1	homd
SEQF7560.1	homd
SEQF7561.1	homd
SEQF7562.1	homd
SEQF7563.1	homd
SEQF7564.1	homd
SEQF7565.1	homd
SEQF7566.1	homd
SEQF7567.1	homd
SEQF7568.1	homd
SEQF7569.1	homd
SEQF7570.1	homd
SEQF7571.2	homd
SEQF7572.1	homd
SEQF7573.1	homd
SEQF7574.1	homd
SEQF7575.1	homd
SEQF7615.1	homd
SEQF7616.1	homd
SEQF7617.1	homd
SEQF7618.1	homd
SEQF7623.1	homd
SEQF7624.1	homd
SEQF7625.1	homd
SEQF7626.1	homd
SEQF7627.1	homd
SEQF7628.1	homd
SEQF7629.1	homd
SEQF7630.1	homd
SEQF7631.1	homd
SEQF7632.1	homd
SEQF7633.1	homd
SEQF7634.1	homd
SEQF7635.1	homd
SEQF7636.1	homd
SEQF7637.1	homd
SEQF7638.1	homd
SEQF7639.1	homd
SEQF7640.1	homd
SEQF7641.1	homd
SEQF7642.1	homd
SEQF7643.1	homd
SEQF7644.1	homd
SEQF7645.1	homd
SEQF7646.1	homd
SEQF7647.1	homd
SEQF7648.1	homd
SEQF7649.1	homd
SEQF7650.1	homd
SEQF7651.1	homd
SEQF7652.1	homd
SEQF7653.1	homd
SEQF7654.1	homd
SEQF7655.1	homd
SEQF7656.2	homd
SEQF7657.1	homd
SEQF7658.2	homd
SEQF7659.1	homd
SEQF7660.1	homd
SEQF7661.2	homd
SEQF7662.1	homd
SEQF7663.1	homd
SEQF7664.2	homd
SEQF7665.1	homd
SEQF7666.1	homd
SEQF7667.1	homd
SEQF7668.1	homd
SEQF7669.1	homd
SEQF7670.1	homd
SEQF7671.1	homd
SEQF7672.1	homd
SEQF7673.1	homd
SEQF7674.1	homd
SEQF7675.2	homd
SEQF7676.1	homd
SEQF7677.1	homd
SEQF7678.1	homd
SEQF7679.1	homd
SEQF7680.1	homd
SEQF7681.1	homd
SEQF7682.1	homd
SEQF7683.1	homd
SEQF7684.1	homd
SEQF7685.1	homd
SEQF7686.1	homd
SEQF7687.1	homd
SEQF7688.1	homd
SEQF7689.1	homd
SEQF7690.1	homd
SEQF7691.1	homd
SEQF7692.1	homd
SEQF7693.1	homd
SEQF7694.1	homd
SEQF7695.1	homd
SEQF7696.1	homd
SEQF7697.1	homd
SEQF7698.1	homd
SEQF7699.1	homd
SEQF7704.1	homd
SEQF7705.1	homd
SEQF7706.1	homd
SEQF7707.1	homd
SEQF7708.1	homd
SEQF7709.1	homd
SEQF7710.1	homd
SEQF7711.1	homd
SEQF7712.1	homd
SEQF7713.1	homd
SEQF7714.1	homd
SEQF7715.1	homd
SEQF7716.1	homd
SEQF7717.1	homd
SEQF7718.1	homd
SEQF7719.1	homd
SEQF7720.1	homd
SEQF7721.1	homd
SEQF7722.1	homd
SEQF7723.1	homd
SEQF7724.1	homd
SEQF7725.1	homd
SEQF7726.1	homd
SEQF7727.1	homd
SEQF7728.1	homd
SEQF7729.1	homd
SEQF7730.1	homd
SEQF7731.1	homd
SEQF7732.1	homd
SEQF7733.1	homd
SEQF7734.1	homd
SEQF7737.1	homd
SEQF7738.1	homd
SEQF7739.1	homd
SEQF7740.1	homd
SEQF7741.1	homd
SEQF7742.1	homd
SEQF7743.1	homd
SEQF7744.1	homd
SEQF7745.1	homd
SEQF7746.1	homd
SEQF7747.1	homd
SEQF7748.1	homd
SEQF7749.1	homd
SEQF7750.1	homd
SEQF7751.1	homd
SEQF7752.1	homd
SEQF7753.1	homd
SEQF7754.1	homd
SEQF7755.1	homd
SEQF7756.1	homd
SEQF7757.1	homd
SEQF7758.1	homd
SEQF7759.1	homd
SEQF7760.1	homd
SEQF7761.1	homd
SEQF7762.1	homd
SEQF7763.1	homd
SEQF7764.3	homd
SEQF7765.1	homd
SEQF7766.2	homd
SEQF7767.1	homd
SEQF7768.2	homd
SEQF7769.1	homd
SEQF7770.1	homd
SEQF7771.1	homd
SEQF7772.1	homd
SEQF7773.1	homd
SEQF7774.1	homd
SEQF7775.1	homd
SEQF7776.2	homd
SEQF7777.1	homd
SEQF7778.1	homd
SEQF7779.1	homd
SEQF7780.1	homd
SEQF7781.1	homd
SEQF7782.1	homd
SEQF7783.1	homd
SEQF7784.1	homd
SEQF7785.1	homd
SEQF7786.1	homd
SEQF7787.1	homd
SEQF7788.1	homd
SEQF7789.1	homd
SEQF7790.1	homd
SEQF7791.1	homd
SEQF7792.1	homd
SEQF7793.1	homd
SEQF7794.1	homd
SEQF7795.1	homd
SEQF7796.1	homd
SEQF7797.1	homd
SEQF7798.1	homd
SEQF7799.1	homd
SEQF7800.1	homd
SEQF7801.1	homd
SEQF7802.1	homd
SEQF7803.1	homd
SEQF7804.1	homd
SEQF7805.1	homd
SEQF7859.2	homd
SEQF7860.1	homd
SEQF7861.1	homd
SEQF7862.1	homd
SEQF7863.1	homd
SEQF7864.2	homd
SEQF7865.1	homd
SEQF7866.1	homd
SEQF7867.1	homd
SEQF7868.1	homd
SEQF7869.1	homd
SEQF7870.1	homd
SEQF7871.1	homd
SEQF7872.1	homd
SEQF7873.1	homd
SEQF7874.1	homd
SEQF7875.1	homd
SEQF7876.1	homd
SEQF7877.1	homd
SEQF7878.1	homd
SEQF7879.1	homd
SEQF7880.1	homd
SEQF7881.1	homd
SEQF7882.1	homd
SEQF7883.1	homd
SEQF7884.1	homd
SEQF7885.1	homd
SEQF7886.1	homd
SEQF7887.1	homd
SEQF7888.1	homd
SEQF7889.1	homd
SEQF7890.1	homd
SEQF7891.1	homd
SEQF7892.1	homd
SEQF7893.1	homd
SEQF7894.1	homd
SEQF7895.1	homd
SEQF7896.1	homd
SEQF7897.1	homd
SEQF7898.1	homd
SEQF7899.1	homd
SEQF7900.1	homd
SEQF7901.1	homd
SEQF7902.1	homd
SEQF7903.1	homd
SEQF7904.1	homd
SEQF7905.1	homd
SEQF7906.1	homd
SEQF7907.1	homd
SEQF7908.1	homd
SEQF7909.1	homd
SEQF7910.1	homd
SEQF7911.1	homd
SEQF7912.1	homd
SEQF7913.1	homd
SEQF7914.1	homd
SEQF7915.1	homd
SEQF7916.1	homd
SEQF7917.1	homd
SEQF7918.2	homd
SEQF7919.1	homd
SEQF7920.1	homd
SEQF7921.1	homd
SEQF7922.1	homd
SEQF7923.1	homd
SEQF7924.1	homd
SEQF7925.1	homd
SEQF7926.1	homd
SEQF7927.1	homd
SEQF7928.1	homd
SEQF7929.1	homd
SEQF7930.1	homd
SEQF7931.1	homd
SEQF7932.1	homd
SEQF7933.1	homd
SEQF7934.1	homd
SEQF7935.1	homd
SEQF7936.1	homd
SEQF7937.1	homd
SEQF7938.1	homd
SEQF7939.1	homd
SEQF7940.1	homd
SEQF7941.1	homd
SEQF7942.1	homd
SEQF7943.1	homd
SEQF7944.1	homd
SEQF7945.1	homd
SEQF7946.1	homd
SEQF7947.1	homd
SEQF7948.1	homd
SEQF7949.1	homd
SEQF7950.1	homd
SEQF7951.1	homd
SEQF7952.1	homd
SEQF7953.1	homd
SEQF7954.1	homd
SEQF7955.1	homd
SEQF7956.1	homd
SEQF7957.1	homd
SEQF7958.1	homd
SEQF7959.1	homd
SEQF7960.1	homd
SEQF7961.1	homd
SEQF7962.1	homd
SEQF7963.1	homd
SEQF7964.3	homd
SEQF7965.1	homd
SEQF7966.1	homd
SEQF7967.1	homd
SEQF7968.1	homd
SEQF7969.1	homd
SEQF7970.1	homd
SEQF7971.1	homd
SEQF7972.1	homd
SEQF7979.1	homd
SEQF7980.1	homd
SEQF7981.1	homd
SEQF7982.1	homd
SEQF7983.1	homd
SEQF7984.1	homd
SEQF7985.1	homd
SEQF7986.1	homd
SEQF7987.1	homd
SEQF7988.1	homd
SEQF7989.1	homd
SEQF7990.1	homd
SEQF7991.1	homd
SEQF7992.1	homd
SEQF7993.1	homd
SEQF7994.1	homd
SEQF7995.1	homd
SEQF7996.1	homd
SEQF7997.1	homd
SEQF7998.1	homd
SEQF7999.1	homd
SEQF8000.1	homd
SEQF8001.1	homd
SEQF8002.1	homd
SEQF8003.1	homd
SEQF8004.2	homd
SEQF8005.1	homd
SEQF8006.1	homd
SEQF8007.1	homd
SEQF8008.1	homd
SEQF8009.2	homd
SEQF8010.1	homd
SEQF8011.1	homd
SEQF8012.1	homd
SEQF8013.1	homd
SEQF8014.1	homd
SEQF8015.1	homd
SEQF8016.1	homd
SEQF8017.1	homd
SEQF8018.1	homd
SEQF8019.1	homd
SEQF8020.1	homd
SEQF8021.1	homd
SEQF8022.1	homd
SEQF8023.1	homd
SEQF8024.1	homd
SEQF8025.1	homd
SEQF8026.1	homd
SEQF8027.1	homd
SEQF8028.1	homd
SEQF8029.1	homd
SEQF8030.1	homd
SEQF8031.1	homd
SEQF8032.1	homd
SEQF8033.1	homd
SEQF8034.1	homd
SEQF8035.1	homd
SEQF8036.1	homd
SEQF8037.1	homd
SEQF8038.1	homd
SEQF8039.1	homd
SEQF8040.1	homd
SEQF8041.1	homd
SEQF8042.1	homd
SEQF8043.1	homd
SEQF8044.1	homd
SEQF8045.1	homd
SEQF8046.1	homd
SEQF8047.1	homd
SEQF8048.1	homd
SEQF8049.1	homd
SEQF8050.1	homd
SEQF8051.1	homd
SEQF8052.1	homd
SEQF8053.1	homd
SEQF8054.1	homd
SEQF8055.1	homd
SEQF8056.1	homd
SEQF8057.1	homd
SEQF8058.1	homd
SEQF8059.1	homd
SEQF8060.1	homd
SEQF8061.1	homd
SEQF8062.1	homd
SEQF8063.1	homd
SEQF8064.1	homd
SEQF8065.1	homd
SEQF8066.1	homd
SEQF8067.1	homd
SEQF8068.1	homd
SEQF8069.1	homd
SEQF8070.1	homd
SEQF8152.1	homd
SEQF8153.1	homd
SEQF8154.1	homd
SEQF8155.1	homd
SEQF8156.1	homd
SEQF8157.1	homd
SEQF8158.1	homd
SEQF8159.1	homd
SEQF8160.1	homd
SEQF8161.1	homd
SEQF8162.1	homd
SEQF8218.1	homd
SEQF8219.1	homd
SEQF8222.2	homd
SEQF8223.1	homd
SEQF8224.1	homd
SEQF8225.1	homd
SEQF8226.1	homd
SEQF8227.1	homd
SEQF8228.1	homd
SEQF8229.1	homd
SEQF8230.1	homd
SEQF8231.1	homd
SEQF8232.1	homd
SEQF8233.1	homd
SEQF8234.1	homd
SEQF8235.1	homd
SEQF8236.1	homd
SEQF8237.1	homd
SEQF8238.1	homd
SEQF8239.1	homd
SEQF8240.1	homd
SEQF8241.1	homd
SEQF8242.1	homd
SEQF8243.1	homd
SEQF8244.1	homd
SEQF8245.1	homd
SEQF8246.1	homd
SEQF8247.1	homd
SEQF8248.1	homd
SEQF8249.1	homd
SEQF8250.1	homd
SEQF8251.1	homd
SEQF8252.1	homd
SEQF8253.1	homd
SEQF8254.1	homd
SEQF8255.1	homd
SEQF8256.1	homd
SEQF8257.1	homd
SEQF8258.1	homd
SEQF8259.1	homd
SEQF8260.1	homd
SEQF8261.2	homd
SEQF8262.1	homd
SEQF8263.1	homd
SEQF8264.1	homd
SEQF8265.1	homd
SEQF8266.1	homd
SEQF8267.1	homd
SEQF8268.1	homd
SEQF8269.1	homd
SEQF8270.1	homd
SEQF8271.1	homd
SEQF8272.1	homd
SEQF8273.1	homd
SEQF8274.1	homd
SEQF8275.1	homd
SEQF8276.1	homd
SEQF8277.1	homd
SEQF8278.1	homd
SEQF8279.1	homd
SEQF8280.1	homd
SEQF8281.1	homd
SEQF8282.1	homd
SEQF8283.1	homd
SEQF8284.1	homd
SEQF8285.1	homd
SEQF8286.1	homd
SEQF8287.1	homd
SEQF8288.1	homd
SEQF8289.1	homd
SEQF8291.1	homd
SEQF8293.1	homd
SEQF8294.1	homd
SEQF8295.1	homd
SEQF8296.2	homd
SEQF8297.1	homd
SEQF8298.1	homd
SEQF8299.1	homd
SEQF8300.2	homd
SEQF8301.2	homd
SEQF8302.3	homd
SEQF8303.1	homd
SEQF8304.1	homd
SEQF8305.2	homd
SEQF8306.2	homd
SEQF8307.1	homd
SEQF8308.1	homd
SEQF8309.1	homd
SEQF8310.1	homd
SEQF8311.1	homd
SEQF8312.1	homd
SEQF8313.1	homd
SEQF8314.1	homd
SEQF8315.1	homd
SEQF8316.1	homd
SEQF8317.1	homd
SEQF8318.1	homd
SEQF8319.1	homd
SEQF8320.1	homd
SEQF8321.1	homd
SEQF8322.1	homd
SEQF8323.1	homd
SEQF8324.1	homd
SEQF8325.1	homd
SEQF8326.1	homd
SEQF8327.1	homd
SEQF8328.1	homd
SEQF8329.1	homd
SEQF8330.1	homd
SEQF8331.1	homd
SEQF8332.1	homd
SEQF8333.1	homd
SEQF8334.1	homd
SEQF8335.1	homd
SEQF8336.1	homd
SEQF8337.2	homd
SEQF8338.1	homd
SEQF8339.1	homd
SEQF8340.1	homd
SEQF8341.1	homd
SEQF8342.1	homd
SEQF8343.1	homd
SEQF8344.1	homd
SEQF8345.1	homd
SEQF8346.1	homd
SEQF8347.1	homd
SEQF8348.1	homd
SEQF8349.1	homd
SEQF8350.1	homd
SEQF8351.1	homd
SEQF8352.1	homd
SEQF8353.1	homd
SEQF8354.1	homd
SEQF8355.1	homd
SEQF8356.1	homd
SEQF8357.1	homd
SEQF8358.1	homd
SEQF8359.1	homd
SEQF8360.1	homd
SEQF8361.1	homd
SEQF8362.1	homd
SEQF8363.1	homd
SEQF8364.1	homd
SEQF8365.1	homd
SEQF8366.1	homd
SEQF8367.1	homd
SEQF8368.1	homd
SEQF8369.1	homd
SEQF8370.1	homd
SEQF8371.1	homd
SEQF8372.1	homd
SEQF8373.1	homd
SEQF8374.1	homd
SEQF8375.1	homd
SEQF8376.1	homd
SEQF8377.1	homd
SEQF8378.1	homd
SEQF8379.1	homd
SEQF8380.1	homd
SEQF8381.1	homd
SEQF8382.1	homd
SEQF8383.1	homd
SEQF8384.1	homd
SEQF8385.1	homd
SEQF8386.1	homd
SEQF8582.1	homd
SEQF8583.1	homd
SEQF8584.1	homd
SEQF8585.1	homd
SEQF8586.1	homd
SEQF8587.1	homd
SEQF8588.1	homd
SEQF8589.1	homd
SEQF8590.1	homd
SEQF8591.1	homd
SEQF8592.1	homd
SEQF8593.1	homd
SEQF8594.1	homd
SEQF8595.1	homd
SEQF8596.1	homd
SEQF8597.1	homd
SEQF8598.1	homd
SEQF8599.1	homd
SEQF8600.1	homd
SEQF8601.1	homd
SEQF8604.1	homd
SEQF8605.1	homd
SEQF8606.1	homd
SEQF8607.1	homd
SEQF8608.1	homd
SEQF8609.1	homd
SEQF8610.1	homd
SEQF8611.1	homd
SEQF8612.1	homd
SEQF8613.1	homd
SEQF8614.1	homd
SEQF8615.1	homd
SEQF8616.1	homd
SEQF8617.1	homd
SEQF8618.2	homd
SEQF8619.1	homd
SEQF8620.1	homd
SEQF8621.1	homd
SEQF8622.1	homd
SEQF8666.1	homd
SEQF8667.1	homd
SEQF8668.1	homd
SEQF8669.1	homd
SEQF8670.2	homd
SEQF8671.1	homd
SEQF8672.1	homd
SEQF8673.1	homd
SEQF8674.1	homd
SEQF8675.1	homd
SEQF8676.1	homd
SEQF8677.1	homd
SEQF8678.1	homd
SEQF8679.1	homd
SEQF8680.1	homd
SEQF8681.1	homd
SEQF8682.1	homd
SEQF8683.1	homd
SEQF8684.1	homd
SEQF8685.1	homd
SEQF8686.1	homd
SEQF8687.1	homd
SEQF8688.1	homd
SEQF8689.1	homd
SEQF8690.1	homd
SEQF8691.1	homd
SEQF8692.1	homd
SEQF8693.1	homd
SEQF8694.1	homd
SEQF8695.1	homd
SEQF8696.1	homd
SEQF8697.1	homd
SEQF8698.1	homd
SEQF8699.1	homd
SEQF8700.1	homd
SEQF8701.1	homd
SEQF8702.1	homd
SEQF8703.1	homd
SEQF8704.1	homd
SEQF8705.1	homd
SEQF8706.1	homd
SEQF8707.1	homd
SEQF8708.2	homd
SEQF8709.1	homd
SEQF8710.1	homd
SEQF8711.2	homd
SEQF8712.1	homd
SEQF8713.1	homd
SEQF8714.1	homd
SEQF8717.1	homd
SEQF8718.1	homd
SEQF8719.1	homd
SEQF8720.1	homd
SEQF8721.1	homd
SEQF8722.1	homd
SEQF8723.1	homd
SEQF8724.1	homd
SEQF8725.1	homd
SEQF8726.1	homd
SEQF8727.1	homd
SEQF8728.1	homd
SEQF8729.1	homd
SEQF8730.1	homd
SEQF8731.1	homd
SEQF8732.1	homd
SEQF8733.1	homd
SEQF8734.1	homd
SEQF8735.1	homd
SEQF8736.1	homd
SEQF8737.3	homd
SEQF8738.1	homd
SEQF8739.1	homd
SEQF8740.1	homd
SEQF8741.1	homd
SEQF8742.1	homd
SEQF8743.1	homd
SEQF8744.1	homd
SEQF8745.1	homd
SEQF8746.1	homd
SEQF8747.1	homd
SEQF8748.1	homd
SEQF8749.1	homd
SEQF8750.1	homd
SEQF8751.1	homd
SEQF8752.1	homd
SEQF8753.1	homd
SEQF8754.1	homd
SEQF8755.1	homd
SEQF8756.1	homd
SEQF8757.1	homd
SEQF8758.1	homd
SEQF8759.1	homd
SEQF8760.1	homd
SEQF8761.1	homd
SEQF8762.1	homd
SEQF8763.1	homd
SEQF8764.1	homd
SEQF8765.1	homd
SEQF8766.1	homd
SEQF8767.1	homd
SEQF8768.1	homd
SEQF8769.1	homd
SEQF8770.1	homd
SEQF8771.1	homd
SEQF8772.1	homd
SEQF8773.1	homd
SEQF8774.1	homd
SEQF8775.1	homd
SEQF8777.1	homd
SEQF8778.1	homd
SEQF8779.1	homd
SEQF8780.1	homd
SEQF8781.1	homd
SEQF8782.1	homd
SEQF8783.1	homd
SEQF8784.1	homd
SEQF8785.1	homd
SEQF8786.1	homd
SEQF8787.1	homd
SEQF8788.1	homd
SEQF8789.1	homd
SEQF8790.1	homd
SEQF8791.1	homd
SEQF8792.1	homd
SEQF8793.1	homd
SEQF8794.1	homd
SEQF8795.1	homd
SEQF8796.1	homd
SEQF8797.1	homd
SEQF8798.1	homd
SEQF8799.1	homd
SEQF8800.1	homd
SEQF8801.1	homd
SEQF8802.1	homd
SEQF8803.1	homd
SEQF8804.1	homd
SEQF8805.1	homd
SEQF8806.1	homd
SEQF8807.1	homd
SEQF8808.1	homd
SEQF8809.1	homd
SEQF8810.1	homd
SEQF8811.1	homd
SEQF8812.1	homd
SEQF8813.1	homd
SEQF8814.1	homd
SEQF8815.1	homd
SEQF8816.1	homd
SEQF8817.1	homd
SEQF8818.1	homd
SEQF8819.1	homd
SEQF8820.1	homd
SEQF8821.4	homd
SEQF8822.1	homd
SEQF8823.1	homd
SEQF8824.1	homd
SEQF8825.1	homd
SEQF8826.1	homd
SEQF8827.1	homd
SEQF8828.2	homd
SEQF8829.1	homd
SEQF8830.1	homd
SEQF8831.1	homd
SEQF8832.1	homd
SEQF8833.1	homd
SEQF8834.1	homd
SEQF8835.1	homd
SEQF8836.1	homd
SEQF8837.1	homd
SEQF8838.1	homd
SEQF8839.1	homd
SEQF8840.1	homd
SEQF8841.1	homd
SEQF8842.1	homd
SEQF8843.1	homd
SEQF8844.1	homd
SEQF8845.1	homd
SEQF8846.1	homd
SEQF8847.1	homd
SEQF8848.1	homd
SEQF8849.1	homd
SEQF8850.1	homd
SEQF8851.1	homd
SEQF8852.1	homd
SEQF8853.1	homd
SEQF8854.1	homd
SEQF8855.1	homd
SEQF8856.1	homd
SEQF8857.1	homd
SEQF8858.1	homd
SEQF8859.1	homd
SEQF8860.1	homd
SEQF8861.1	homd
SEQF8862.1	homd
SEQF8863.1	homd
SEQF8864.2	homd
SEQF8865.2	homd
SEQF8866.3	homd
SEQF8867.1	homd
SEQF8868.1	homd
SEQF8869.1	homd
SEQF8870.1	homd
SEQF8871.1	homd
SEQF8872.1	homd
SEQF8873.1	homd
SEQF8874.1	homd
SEQF8875.1	homd
SEQF8876.1	homd
SEQF8877.1	homd
SEQF8878.1	homd
SEQF8879.1	homd
SEQF8880.1	homd
SEQF8881.1	homd
SEQF8882.1	homd
SEQF8883.1	homd
SEQF8884.1	homd
SEQF8885.1	homd
SEQF8886.1	homd
SEQF8887.1	homd
SEQF8888.1	homd
SEQF8889.1	homd
SEQF8890.1	homd
SEQF8891.1	homd
SEQF8892.1	homd
SEQF8893.1	homd
SEQF8894.1	homd
SEQF8895.1	homd
SEQF8896.1	homd
SEQF8897.1	homd
SEQF8898.1	homd
SEQF8899.1	homd
SEQF8900.1	homd
SEQF8901.1	homd
SEQF8902.1	homd
SEQF8903.1	homd
SEQF8904.1	homd
SEQF8905.1	homd
SEQF8906.1	homd
SEQF8907.1	homd
SEQF8908.1	homd
SEQF8928.1	homd
SEQF8929.1	homd
SEQF8930.1	homd
SEQF8931.1	homd
SEQF8932.1	homd
SEQF8933.1	homd
SEQF8934.1	homd
SEQF8935.1	homd
SEQF8936.1	homd
SEQF8937.1	homd
SEQF8938.1	homd
SEQF8939.1	homd
SEQF8940.1	homd
SEQF8941.1	homd
SEQF8942.1	homd
SEQF8943.1	homd
SEQF8944.1	homd
SEQF8945.1	homd
SEQF8946.1	homd
SEQF8947.1	homd
SEQF8948.1	homd
SEQF8949.1	homd
SEQF8950.1	homd
SEQF8951.1	homd
SEQF8952.1	homd
SEQF8953.1	homd
SEQF8954.1	homd
SEQF8955.1	homd
SEQF8956.1	homd
SEQF8957.1	homd
SEQF8958.1	homd
SEQF8959.1	homd
SEQF8960.1	homd
SEQF8961.1	homd
SEQF8962.1	homd
SEQF8963.1	homd
SEQF8964.1	homd
SEQF8965.1	homd
SEQF8966.1	homd
SEQF8967.1	homd
SEQF8968.1	homd
SEQF8969.1	homd
SEQF8970.1	homd
SEQF8971.1	homd
SEQF8972.1	homd
SEQF8973.1	homd
SEQF8974.1	homd
SEQF8975.1	homd
SEQF8976.1	homd
SEQF8977.1	homd
SEQF8978.1	homd
SEQF8979.1	homd
SEQF8980.1	homd
SEQF8981.1	homd
SEQF8982.1	homd
SEQF8983.1	homd
SEQF8984.1	homd
SEQF8985.1	homd
SEQF8986.1	homd
SEQF8987.1	homd
SEQF8988.1	homd
SEQF8989.1	homd
SEQF8990.1	homd
SEQF8991.1	homd
SEQF8992.1	homd
SEQF8993.1	homd
SEQF8994.1	homd
SEQF8995.1	homd
SEQF8996.1	homd
SEQF8997.1	homd
SEQF8998.1	homd
SEQF8999.1	homd
SEQF9000.1	homd
SEQF9001.1	homd
SEQF9002.1	homd
SEQF9003.1	homd
SEQF9004.1	homd
SEQF9005.1	homd
SEQF9006.1	homd
SEQF9008.1	homd
SEQF9009.1	homd
SEQF9010.1	homd
SEQF9011.1	homd
SEQF9012.1	homd
SEQF9013.1	homd
SEQF9014.1	homd
SEQF9015.1	homd
SEQF9016.1	homd
SEQF9017.1	homd
SEQF9018.2	homd
SEQF9019.3	homd
SEQF9020.1	homd
SEQF9021.1	homd
SEQF9022.1	homd
SEQF9023.1	homd
SEQF9024.1	homd
SEQF9025.1	homd
SEQF9026.1	homd
SEQF9027.1	homd
SEQF9028.1	homd
SEQF9029.2	homd
SEQF9030.1	homd
SEQF9031.4	homd
SEQF9032.1	homd
SEQF9033.1	homd
SEQF9034.1	homd
SEQF9035.1	homd
SEQF9036.1	homd
SEQF9037.1	homd
SEQF9038.1	homd
SEQF9039.1	homd
SEQF9040.1	homd
SEQF9041.1	homd
SEQF9042.2	homd
SEQF9043.1	homd
SEQF9044.1	homd
SEQF9045.1	homd
SEQF9046.1	homd
SEQF9047.1	homd
SEQF9048.1	homd
SEQF9049.1	homd
SEQF9050.2	homd
SEQF9051.1	homd
SEQF9052.1	homd
SEQF9053.1	homd
SEQF9054.1	homd
SEQF9055.1	homd
SEQF9056.1	homd
SEQF9057.1	homd
SEQF9058.1	homd
SEQF9059.1	homd
SEQF9060.1	homd
SEQF9061.1	homd
SEQF9062.1	homd
SEQF9063.1	homd
SEQF9064.1	homd
SEQF9065.1	homd
SEQF9066.1	homd
SEQF9067.1	homd
SEQF9068.1	homd
SEQF9069.1	homd
SEQF9070.1	homd
SEQF9071.1	homd
SEQF9072.1	homd
SEQF9073.1	homd
SEQF9074.1	homd
SEQF9075.1	homd
SEQF9076.1	homd
SEQF9077.1	homd
SEQF9078.1	homd
SEQF9079.1	homd
SEQF9080.1	homd
SEQF9081.1	homd
SEQF9082.1	homd
SEQF9083.1	homd
SEQF9084.1	homd
SEQF9085.1	homd
SEQF9086.1	homd
SEQF9087.1	homd
SEQF9088.1	homd
SEQF9089.1	homd
SEQF9090.1	homd
SEQF9091.1	homd
SEQF9092.1	homd
SEQF9093.1	homd
SEQF9094.1	homd
SEQF9095.1	homd
SEQF9096.1	homd
SEQF9097.1	homd
SEQF9098.1	homd
SEQF9099.1	homd
SEQF9100.1	homd
SEQF9101.1	homd
SEQF9196.1	homd
SEQF9197.1	homd
SEQF9245.1	homd
SEQF9246.1	homd
SEQF9247.1	homd
SEQF9248.1	homd
SEQF9249.1	homd
SEQF9250.1	homd
SEQF9251.1	homd
SEQF9252.1	homd
SEQF9253.1	homd
SEQF9254.1	homd
SEQF9255.1	homd
SEQF9256.1	homd
SEQF9257.1	homd
SEQF9258.1	homd
SEQF9259.1	homd
SEQF9260.1	homd
SEQF9261.1	homd
SEQF9262.1	homd
SEQF9263.1	homd
SEQF9264.1	homd
SEQF9265.1	homd
SEQF9266.1	homd
SEQF9267.1	homd
SEQF9268.1	homd
SEQF9269.1	homd
SEQF9270.1	homd
SEQF9271.1	homd
SEQF9272.1	homd
SEQF9273.1	homd
SEQF9274.1	homd
SEQF9275.1	homd
SEQF9276.1	homd
SEQF9277.1	homd
SEQF9278.1	homd
SEQF9279.1	homd
SEQF9280.1	homd
SEQF9281.1	homd
SEQF9282.1	homd
SEQF9283.1	homd
SEQF9284.1	homd
SEQF9285.1	homd
SEQF9286.1	homd
SEQF9287.1	homd
SEQF9288.1	homd
SEQF9289.1	homd
SEQF9290.1	homd
SEQF9291.1	homd
SEQF9292.1	homd
SEQF9293.1	homd
SEQF9294.1	homd
SEQF9295.1	homd
SEQF9296.1	homd
SEQF9297.1	homd
SEQF9298.1	homd
SEQF9299.1	homd
SEQF9300.1	homd
SEQF9301.1	homd
SEQF9302.1	homd
SEQF9303.1	homd
SEQF9304.2	homd
SEQF9305.1	homd
SEQF9306.1	homd
SEQF9307.1	homd
SEQF9308.1	homd
SEQF9309.1	homd
SEQF9310.1	homd
SEQF9311.1	homd
SEQF9312.1	homd
SEQF9313.1	homd
SEQF9314.1	homd
SEQF9315.1	homd
SEQF9316.1	homd
SEQF9317.1	homd
SEQF9318.1	homd
SEQF9319.1	homd
SEQF9320.1	homd
SEQF9321.1	homd
SEQF9322.1	homd
SEQF9323.1	homd
SEQF9324.1	homd
SEQF9325.1	homd
SEQF9326.1	homd
SEQF9327.1	homd
SEQF9328.1	homd
SEQF9329.1	homd
SEQF9330.1	homd
SEQF9331.1	homd
SEQF9332.1	homd
SEQF9333.1	homd
SEQF9335.1	homd
SEQF9336.1	homd
SEQF9337.1	homd
SEQF9338.1	homd
SEQF9339.1	homd
SEQF9340.1	homd
SEQF9341.1	homd
SEQF9342.1	homd
SEQF9343.1	homd
SEQF9344.1	homd
SEQF9345.1	homd
SEQF9346.1	homd
SEQF9347.1	homd
SEQF9348.1	homd
SEQF9349.1	homd
SEQF9350.1	homd
SEQF9351.1	homd
SEQF9352.1	homd
SEQF9353.1	homd
SEQF9354.1	homd
SEQF9355.1	homd
SEQF9356.1	homd
SEQF9357.1	homd
SEQF9358.1	homd
SEQF9359.1	homd
SEQF9360.1	homd
SEQF9361.1	homd
SEQF9362.1	homd
SEQF9363.1	homd
SEQF9364.1	homd
SEQF9365.1	homd
SEQF9366.1	homd
SEQF9367.1	homd
SEQF9368.1	homd
SEQF9369.1	homd
SEQF9370.1	homd
SEQF9371.1	homd
SEQF9372.1	homd
SEQF9373.1	homd
SEQF9374.1	homd
SEQF9375.1	homd
SEQF9376.1	homd
SEQF9377.1	homd
SEQF9378.1	homd
SEQF9379.1	homd
SEQF9380.1	homd
SEQF9381.1	homd
SEQF9382.1	homd
SEQF9383.1	homd
SEQF9384.1	homd
SEQF9385.1	homd
SEQF9386.1	homd
SEQF9387.1	homd
SEQF9388.1	homd
SEQF9389.1	homd
SEQF9390.1	homd
SEQF9391.1	homd
SEQF9392.1	homd
SEQF9393.1	homd
SEQF9394.1	homd
SEQF9395.1	homd
SEQF9396.1	homd
SEQF9397.1	homd
SEQF9398.1	homd
SEQF9399.1	homd
SEQF9400.1	homd
SEQF9401.1	homd
SEQF9402.1	homd
SEQF9403.1	homd
SEQF9404.1	homd
SEQF9405.1	homd
SEQF9406.1	homd
SEQF9407.1	homd
SEQF9408.1	homd
SEQF9409.1	homd
SEQF9410.1	homd
SEQF9411.1	homd
SEQF9412.1	homd
SEQF9413.1	homd
SEQF9414.1	homd
SEQF9415.1	homd
SEQF9416.1	homd
SEQF9417.1	homd
SEQF9418.1	homd
SEQF9419.1	homd
SEQF9420.1	homd
SEQF9421.1	homd
SEQF9422.1	homd
SEQF9423.1	homd
SEQF9427.1	homd
SEQF9462.1	homd
SEQF9464.1	homd
SEQF9465.1	homd
SEQF9469.1	homd
SEQF9470.1	homd
SEQF9471.1	homd
SEQF9472.1	homd
SEQF9473.1	homd
SEQF9474.1	homd
SEQF9481.1	homd
SEQF9482.1	homd
SEQF9483.1	homd
SEQF9484.1	homd
SEQF9485.1	homd
SEQF9486.1	homd
SEQF9487.1	homd
SEQF9488.1	homd
SEQF9489.1	homd
SEQF9490.1	homd
SEQF9491.1	homd
SEQF9492.1	homd
SEQF9493.1	homd
SEQF9494.1	homd
SEQF9495.1	homd
SEQF9496.1	homd
SEQF9497.1	homd
SEQF9498.1	homd
SEQF9499.1	homd
SEQF9500.1	homd
SEQF9501.1	homd
SEQF9502.1	homd
SEQF9511.1	homd
SEQF9512.1	homd
SEQF9513.1	homd
SEQF9514.1	homd
SEQF9515.1	homd
SEQF9516.1	homd
SEQF9517.1	homd
SEQF9518.1	homd
SEQF9519.1	homd
SEQF9520.1	homd
SEQF9521.1	homd
SEQF9522.1	homd
SEQF9523.1	homd
SEQF9524.1	homd
SEQF9525.1	homd
SEQF9526.1	homd
SEQF9527.1	homd
SEQF9528.1	homd
SEQF9529.1	homd
SEQF9530.1	homd
SEQF9531.1	homd
SEQF9532.1	homd
SEQF9533.1	homd
SEQF9534.1	homd
SEQF9535.1	homd
SEQF9536.1	homd
SEQF9537.1	homd
SEQF9538.1	homd
SEQF9539.1	homd
SEQF9540.1	homd
SEQF9541.1	homd
SEQF9542.1	homd
SEQF9543.1	homd
SEQF9544.1	homd
SEQF9545.1	homd
SEQF9546.1	homd
SEQF9547.1	homd
SEQF9548.1	homd
SEQF9549.1	homd
SEQF9550.1	homd
SEQF9551.1	homd
SEQF9552.1	homd
SEQF9553.1	homd
SEQF9554.1	homd
SEQF9555.1	homd
SEQF9556.1	homd
SEQF9557.1	homd
SEQF9558.1	homd
SEQF9559.1	homd
SEQF9560.1	homd
SEQF9561.1	homd
SEQF9562.1	homd
SEQF9565.1	homd
SEQF9566.1	homd
SEQF9567.1	homd
SEQF9568.1	homd
SEQF9569.1	homd
SEQF9570.1	homd
SEQF9571.1	homd
SEQF9572.1	homd
SEQF9660.1	homd
SEQF9661.1	homd
SEQF9662.1	homd
SEQF9663.1	homd
SEQF9664.2	homd
SEQF9665.1	homd
SEQF9666.2	homd
SEQF9667.1	homd
SEQF9668.1	homd
SEQF9669.1	homd
SEQF9670.1	homd
SEQF9671.1	homd
SEQF9672.2	homd
SEQF9673.1	homd
SEQF9674.1	homd
SEQF9675.1	homd
SEQF9676.1	homd
SEQF9677.1	homd
SEQF9678.1	homd
SEQF9679.1	homd
SEQF9680.1	homd
SEQF9681.1	homd
SEQF9682.1	homd
SEQF9683.1	homd
SEQF9684.1	homd
SEQF9685.1	homd
SEQF9686.2	homd
SEQF9687.2	homd
SEQF9688.1	homd
SEQF9689.1	homd
SEQF9690.1	homd
SEQF9691.1	homd
SEQF9692.1	homd
SEQF9693.1	homd
SEQF9694.1	homd
SEQF9695.1	homd
SEQF9696.1	homd
SEQF9697.1	homd
SEQF9698.1	homd
SEQF9699.1	homd
SEQF9700.1	homd
SEQF9701.1	homd
SEQF9702.1	homd
SEQF9703.1	homd
SEQF9704.1	homd
SEQF9705.1	homd
SEQF9706.1	homd
SEQF9707.1	homd
SEQF9708.1	homd
SEQF9709.1	homd
SEQF9710.2	homd
SEQF9711.2	homd
SEQF9712.2	homd
SEQF9713.1	homd
SEQF9714.1	homd
SEQF9715.1	homd
SEQF9716.1	homd
SEQF9717.1	homd
SEQF9718.1	homd
SEQF9719.1	homd
SEQF9720.1	homd
SEQF9721.1	homd
SEQF9722.1	homd
SEQF9723.1	homd
SEQF9724.2	homd
SEQF9725.1	homd
SEQF9726.1	homd
SEQF9727.1	homd
SEQF9728.1	homd
SEQF9729.1	homd
SEQF9730.1	homd
SEQF9731.1	homd
SEQF9732.1	homd
SEQF9733.1	homd
SEQF9734.1	homd
SEQF9735.1	homd
SEQF9736.1	homd
SEQF9737.1	homd
SEQF9738.1	homd
SEQF9739.1	homd
SEQF9740.1	homd
SEQF9741.1	homd
SEQF9742.1	homd
SEQF9743.1	homd
SEQF9744.1	homd
SEQF9745.1	homd
SEQF9746.1	homd
SEQF9756.1	homd
SEQF9757.1	homd
SEQF9758.1	homd
SEQF9763.1	homd
SEQF9764.1	homd
SEQF9765.1	homd
SEQF9766.1	homd
SEQF9767.1	homd
SEQF9768.1	homd
SEQF9769.1	homd
SEQF9770.1	homd
SEQF9771.1	homd
SEQF9772.1	homd
SEQF9773.1	homd
SEQF9774.1	homd
SEQF9775.1	homd
SEQF9776.1	homd
SEQF9777.1	homd
SEQF9778.1	homd
SEQF9779.1	homd
SEQF9780.1	homd
SEQF9781.1	homd
SEQF9782.1	homd
SEQF9783.1	homd
SEQF9784.1	homd
SEQF9785.1	homd
SEQF9786.1	homd
SEQF9787.1	homd
SEQF9788.1	homd
SEQF9789.1	homd
SEQF9790.1	homd
SEQF9791.1	homd
SEQF9792.1	homd
SEQF9793.1	homd
SEQF9794.1	homd
SEQF9795.1	homd
SEQF9796.1	homd
SEQF9797.1	homd
SEQF9798.1	homd
SEQF9799.1	homd
SEQF9800.1	homd
SEQF9801.1	homd
SEQF9802.1	homd
SEQF9803.1	homd
SEQF9812.1	homd
SEQF9813.1	homd
SEQF9814.1	homd
SEQF9815.1	homd
SEQF9816.1	homd
SEQF9817.1	homd
SEQF9818.1	homd
SEQF9819.1	homd
SEQF9820.1	homd
SEQF9821.1	homd
SEQF9822.1	homd
SEQF9823.1	homd
SEQF9824.1	homd
SEQF9825.1	homd
SEQF9826.1	homd
SEQF9827.1	homd
SEQF9828.1	homd
SEQF9829.1	homd
SEQF9830.1	homd
SEQF9831.1	homd
SEQF9832.1	homd
SEQF9833.1	homd
SEQF9834.1	homd
SEQF9835.1	homd
SEQF9836.1	homd
SEQF9837.1	homd
SEQF9838.1	homd
SEQF9839.1	homd
SEQF9840.1	homd
SEQF9841.1	homd
SEQF9842.1	homd
SEQF9843.1	homd
SEQF9844.2	homd
SEQF9845.1	homd
SEQF9846.1	homd
SEQF9847.1	homd
SEQF9848.1	homd
SEQF9849.1	homd
SEQF9850.1	homd
SEQF9851.1	homd
SEQF9852.1	homd
SEQF9853.1	homd
SEQF9854.1	homd
SEQF9855.1	homd
SEQF9856.1	homd
SEQF9857.1	homd
SEQF9858.1	homd
SEQF9859.1	homd
SEQF9860.1	homd
SEQF9861.1	homd
SEQF9862.1	homd
SEQF9863.3	homd
SEQF9864.1	homd
SEQF9865.1	homd
SEQF9866.1	homd
SEQF9867.1	homd
SEQF9868.1	homd
SEQF9869.1	homd
SEQF9870.1	homd
SEQF9871.1	homd
SEQF9872.1	homd
SEQF9873.1	homd
SEQF9874.1	homd
SEQF9884.1	homd
SEQF9885.1	homd
SEQF9886.1	homd
SEQF9887.1	homd
SEQF9888.1	homd
SEQF9896.1	homd
SEQF9897.1	homd
SEQF9898.1	homd
SEQF9899.1	homd
SEQF9900.1	homd
SEQF9901.1	homd
SEQF9902.1	homd
SEQF9903.1	homd
SEQF9904.1	homd
SEQF9905.1	homd
SEQF9906.1	homd
SEQF9907.1	homd
SEQF9908.1	homd
SEQF9909.1	homd
SEQF9910.1	homd
SEQF9911.1	homd
SEQF9912.1	homd
SEQF9913.1	homd
SEQF9914.1	homd
SEQF9915.1	homd
SEQF9916.1	homd
SEQF9917.1	homd
SEQF9918.1	homd
SEQF9919.1	homd
SEQF9920.1	homd
SEQF9921.1	homd
SEQF9922.1	homd
SEQF9923.1	homd
SEQF9924.1	homd
SEQF9925.1	homd
SEQF9926.1	homd
SEQF9927.1	homd
SEQF9928.1	homd
SEQF9929.1	homd
SEQF9930.1	homd
SEQF9931.1	homd
SEQF9932.1	homd
SEQF9933.1	homd
SEQF9934.1	homd
SEQF9935.1	homd
SEQF9936.1	homd
SEQF9937.1	homd
SEQF9938.1	homd
SEQF9939.1	homd
SEQF9940.1	homd
SEQF9941.1	homd
SEQF9942.1	homd
SEQF9943.1	homd
SEQF9944.1	homd
SEQF9945.1	homd
SEQF9946.1	homd
SEQF9947.1	homd
SEQF9948.1	homd
SEQF9949.1	homd
SEQF9950.1	homd
SEQF9951.1	homd
SEQF9952.1	homd
SEQF9953.1	homd
SEQF9954.1	homd
SEQF9955.1	homd
SEQF9956.1	homd
SEQF9957.1	homd
SEQF9958.1	homd
SEQF9959.1	homd
SEQF9960.1	homd
SEQF9961.1	homd
SEQF9962.1	homd
SEQF9963.1	homd
SEQF9964.1	homd
SEQF9968.1	homd
SEQF9969.1	homd
SEQF9970.1	homd
SEQF9974.1	homd
SEQF9975.1	homd
SRS11653566.bin.r.1	anccalc
SRS11653574.bin.r.3	anccalc
SRS11653583.bin.r.2	anccalc
SRS11653584.bin.r.1	anccalc
SRS11653613.bin.r.1	anccalc
SRS15300787.bin.r.11	anccalc
SRS15300787.bin.r.15	anccalc
SRS15300788.bin.r.10	anccalc
SRS15300790.bin.r.2	anccalc
SRS15300791.bin.r.5	anccalc
SRS15300792.bin.r.10	anccalc
SRS15300795.bin.r.14	anccalc
SRS15300800.bin.r.13	anccalc
SRS15300801.bin.r.16	anccalc
SRS15300803.bin.r.11	anccalc
SRS15300806.bin.r.3	anccalc
SRS15300807.bin.r.12	anccalc
SRS15300810.bin.r.3	anccalc
SRS15300811.bin.r.18	anccalc
SRS15300811.bin.r.2	anccalc
SRS3078091.bin.r.11	anccalc
SRS3078091.bin.r.14	anccalc
SRS3078091.bin.r.16	anccalc
SRS3078091.bin.r.2	anccalc
SRS3078091.bin.r.8	anccalc
SRS3078091.bin.r.9	anccalc
SRS3078093.bin.r.1	anccalc
SRS3078097.bin.r.13	anccalc
SRS3078120.bin.r.1	anccalc
SRS3078124.bin.r.1	anccalc
SRS3078131.bin.r.5	anccalc
SRS3078131.bin.r.8	anccalc
SRS3078133.bin.r.1	anccalc
SRS3078139.bin.r.5	anccalc
SRS3078139.bin.r.7	anccalc
SRS3078155.bin.r.2	anccalc
SRS3078156.bin.r.2	anccalc
SRS3078162.bin.r.11	anccalc
SRS3078162.bin.r.17	anccalc
SRS3078163.bin.r.12	anccalc
SRS3078163.bin.r.4	anccalc
SRS3078165.bin.r.1	anccalc
SRS3078167.bin.r.1	anccalc
SRS3078181.bin.r.2	anccalc
SRS3078181.bin.r.9	anccalc
SRS3078193.bin.r.2	anccalc
SRS3078195.bin.r.7	anccalc
SRS3078198.bin.r.1	anccalc
SRS3078198.bin.r.10	anccalc
SRS3078198.bin.r.4	anccalc
SRS3078198.bin.r.9	anccalc
SRS3078200.bin.r.7	anccalc
SRS3078201.bin.r.11	anccalc
SRS3078204.bin.r.28	anccalc
SRS3078206.bin.r.8	anccalc
SRS4625232.bin.r.1	anccalc
SRS4625236.bin.r.1	anccalc
SRS4625238.bin.r.4	anccalc
SRS4625239.bin.r.8	anccalc
SRS4625240.bin.r.3	anccalc
SRS4625240.bin.r.5	anccalc
SRS4625241.bin.r.7	anccalc
SRS4625244.bin.r.1	anccalc
SRS4625244.bin.r.10	anccalc
SRS4625244.bin.r.11	anccalc
SRS4625244.bin.r.2	anccalc
SRS4625247.bin.r.3	anccalc
SRS4625248.bin.r.3	anccalc
SRS4625248.bin.r.9	anccalc
SRS473746.bin.r.12	anccalc
SRS473746.bin.r.18	anccalc
SRS473746.bin.r.28	anccalc
SRS473746.bin.r.46	anccalc
SRS473746.bin.r.54	anccalc
SRS473746.bin.r.56	anccalc
SRS473746.bin.r.59	anccalc
SRS473746.bin.r.60	anccalc
SRS6212652.bin.r.2	anccalc
SRS6212663.bin.r.3	anccalc
SRS7212787.bin.r.3	anccalc
SRS7212793.bin.r.1	anccalc
SRS7212801.bin.r.5	anccalc
SRS7212802.bin.r.7	anccalc
SRS7212803.bin.r.8	anccalc
SRS7296488.bin.r.1	anccalc
SRS7967576.bin.r.1	anccalc
SRS9263820.bin.r.1	anccalc
SRS9263822.bin.r.3	anccalc
SRS9263822.bin.r.4	anccalc
